category_enc,supplier_enc,days_to_expiry,current_stock,stock_status,sales_velocity_7d,wastage_count_90d,turnover_rate,unit_cost,stock_cover_days,expiring_soon,risk_score
1,0,380,281,2,0.0,3,4.06,537.46,999.0,0,0.33643265991552995
6,0,16,95,0,0.0,6,4.3,426.77,999.0,1,0.5923423785153991
7,4,4,163,0,17.45,8,0.93,575.18,9.34,1,0.5490762654586877
1,6,50,367,2,21.19,1,4.38,331.01,17.32,0,0.2587738916775245
6,1,283,300,2,20.74,6,4.23,46.58,14.47,0,0.3293477930781856
4,1,120,103,0,9.5,11,0.98,226.06,10.84,0,0.3713840376078628
1,2,274,250,0,4.09,8,5.94,391.2,61.2,0,0.29283396925295757
5,0,118,32,0,20.13,8,0.4,549.62,1.59,0,0.3181763409266489
5,3,336,511,2,9.89,4,1.59,163.04,51.66,0,0.3053641760995781
4,6,299,408,2,0.0,15,0.55,47.33,999.0,0,0.5813396367203686
2,6,306,65,0,9.62,8,5.83,519.25,6.76,0,0.22737772263313838
1,4,394,348,2,2.79,5,2.72,573.21,124.78,0,0.3751023528453833
4,2,260,108,0,21.76,6,0.92,462.26,4.96,0,0.23004405916244275
0,5,251,19,1,2.8,9,1.44,159.71,6.79,0,0.3260828332426693
1,1,375,497,2,0.0,4,3.96,569.17,999.0,0,0.37781523507689535
6,3,277,205,0,17.82,11,2.63,320.19,11.5,0,0.30452050350419185
3,1,174,21,1,0.0,7,0.04,430.55,999.0,0,0.3393390506687364
1,0,170,72,0,12.85,15,1.29,96.74,5.6,0,0.4022617088696805
7,3,243,416,2,0.0,13,2.13,258.44,999.0,0,0.6536604098043524
0,1,32,412,2,0.0,7,1.15,331.05,999.0,0,0.47082187565137296
2,4,237,255,2,0.0,14,4.85,516.46,999.0,0,0.5617490473841921
0,1,386,242,0,4.16,15,1.28,252.6,58.2,0,0.29703624799666145
6,0,200,271,2,23.16,9,2.54,575.24,11.7,0,0.5174507227391257
7,2,98,303,2,0.0,1,4.49,53.16,999.0,0,0.3321013113350766
2,0,261,82,0,0.0,2,4.05,156.42,999.0,0,0.14838639367365491
3,0,318,83,0,10.48,8,1.23,435.39,7.92,0,0.25464231431390155
6,2,344,307,2,0.0,0,2.75,599.1,999.0,0,0.34953157374261135
1,3,260,271,2,3.31,2,5.28,234.33,81.84,0,0.19292961988286786
4,0,342,567,2,0.0,4,1.59,536.03,999.0,0,0.4470900020777199
2,4,145,215,0,0.0,8,3.03,165.65,999.0,0,0.4549790855462287
0,1,325,433,2,0.0,0,2.0,95.88,999.0,0,0.3475757544594603
2,7,283,437,2,0.0,2,5.67,420.79,999.0,0,0.31188651425742236
0,5,299,565,2,0.0,1,1.85,541.41,999.0,0,0.35753467658656507
0,5,108,255,2,16.67,13,5.84,454.7,15.29,0,0.5410916587083467
3,2,91,422,2,0.62,13,4.81,521.16,681.02,0,0.5472899179889267
4,2,360,110,0,0.0,15,1.33,493.62,999.0,0,0.445236388161473
4,3,115,24,1,16.5,10,1.67,60.26,1.45,0,0.38279919649284333
5,6,348,549,2,0.0,3,5.26,171.5,999.0,0,0.3956707680486449
4,0,56,444,2,8.64,13,3.64,316.63,51.38,0,0.47622345200136723
3,4,23,446,2,0.0,11,2.59,570.35,999.0,1,0.9404925027461648
5,1,369,307,2,12.68,10,2.41,191.48,24.22,0,0.44527453588709837
6,6,347,178,0,15.39,12,3.29,20.24,11.57,0,0.32442964602427127
6,5,239,452,2,0.0,15,4.76,576.7,999.0,0,0.6383153735128266
1,4,264,343,2,0.0,9,1.35,135.5,999.0,0,0.5209310465272192
3,7,313,74,0,0.0,12,2.97,161.51,999.0,0,0.46872696133341407
0,1,399,435,2,5.47,1,3.34,552.13,79.51,0,0.15656303190272614
2,7,342,543,2,24.7,14,3.68,437.18,21.99,0,0.49057337977892823
7,2,381,486,2,0.0,8,4.59,322.35,999.0,0,0.5612098124378138
4,7,40,292,2,5.86,10,5.36,66.74,49.81,0,0.4480996789615704
6,2,362,219,0,1.61,10,3.26,261.15,136.39,0,0.33482012674172923
6,6,395,598,2,0.0,12,2.86,566.79,999.0,0,0.585833518284686
6,6,276,559,2,0.0,15,1.32,272.78,999.0,0,0.5534829783936058
5,6,371,169,0,0.0,0,5.44,363.3,999.0,0,0.16955997082033936
1,6,70,472,2,4.54,12,1.96,283.73,103.89,0,0.4705000657688645
6,4,386,431,2,0.0,15,0.12,332.86,999.0,0,0.7053369505291025
5,3,333,70,0,0.0,0,5.7,135.63,999.0,0,0.07244560207843989
2,3,65,484,2,0.0,14,4.2,464.8,999.0,0,0.5701346972041362
1,2,160,110,0,14.47,12,2.38,434.71,7.6,0,0.2991195773411672
3,1,357,308,2,0.0,1,2.08,268.46,999.0,0,0.3064685051461668
5,0,216,501,2,2.64,14,4.24,272.58,189.88,0,0.518055436481607
4,7,239,446,2,20.64,10,5.11,501.82,21.61,0,0.44039954776668094
7,3,385,475,2,14.25,10,0.17,513.55,33.34,0,0.4849327833941015
3,5,133,348,2,6.99,0,3.1,130.81,49.77,0,0.1389627260447216
6,7,285,246,0,17.27,14,4.76,73.97,14.25,0,0.3165915680567036
3,4,340,595,2,9.23,13,5.98,339.23,64.5,0,0.4722172633137002
7,4,157,257,2,0.0,10,0.72,330.8,999.0,0,0.6527696152368796
2,3,111,495,2,6.91,3,5.0,191.82,71.61,0,0.24930572829792638
4,0,363,546,2,0.0,1,3.32,424.5,999.0,0,0.2771535391550091
7,1,7,587,2,7.11,14,2.04,579.99,82.58,1,0.7402974068591567
7,1,34,410,2,0.0,4,0.9,346.45,999.0,0,0.39865284114739014
3,1,286,426,2,0.0,12,2.7,276.78,999.0,0,0.6532199998991416
6,4,292,61,0,0.0,6,3.75,173.49,999.0,0,0.27174249585603816
3,2,283,76,0,3.91,14,4.14,292.55,19.42,0,0.2939167826457109
4,4,360,464,2,0.0,8,4.73,382.53,999.0,0,0.5653419651424042
3,6,59,557,2,0.0,8,4.96,61.42,999.0,0,0.5059107347064871
4,4,225,127,0,11.72,12,5.66,310.27,10.84,0,0.3492554263214101
1,0,222,330,2,0.0,2,1.37,411.09,999.0,0,0.3972620247380726
0,4,296,41,0,0.0,15,3.11,276.49,999.0,0,0.4233787886930905
6,7,47,481,2,8.7,10,4.02,517.49,55.29,0,0.4695764396294758
7,4,340,410,2,0.0,14,0.53,166.39,999.0,0,0.5827762419055257
6,0,337,555,2,0.0,6,3.11,381.13,999.0,0,0.48181917228586263
7,0,105,273,2,13.73,14,5.29,301.13,19.88,0,0.4334643330929996
3,2,160,564,2,0.34,2,1.35,508.02,1649.79,0,0.2076153341485094
1,2,256,298,2,12.72,13,5.01,588.54,23.42,0,0.4592477087290166
2,6,98,520,2,0.0,2,1.66,478.2,999.0,0,0.34379309082616144
4,0,145,305,2,20.94,4,2.68,300.92,14.57,0,0.27789279468529
6,7,165,193,0,0.0,12,1.4,469.82,999.0,0,0.4152376758916762
7,6,198,155,0,0.0,4,3.01,362.3,999.0,0,0.3223640376034659
7,1,270,467,2,0.0,13,5.23,582.57,999.0,0,0.558979389789245
4,5,320,407,2,16.25,12,5.72,383.54,25.05,0,0.5364926419491187
7,0,317,70,0,5.87,7,4.48,271.7,11.93,0,0.20581317516598377
1,7,86,306,2,0.0,10,4.78,190.15,999.0,0,0.5949809307730378
2,3,272,421,2,0.0,5,1.05,373.51,999.0,0,0.4359053158340249
3,7,299,146,0,5.8,14,1.53,25.45,25.15,0,0.3865559692370175
4,2,38,452,2,23.63,13,4.14,284.96,19.13,0,0.46625460046459766
6,7,55,242,0,9.53,9,5.96,191.23,25.38,0,0.37535333814922356
6,4,5,579,2,0.0,15,5.0,543.7,999.0,1,0.9230889175524057
3,5,113,194,0,0.0,3,5.42,394.88,999.0,0,0.22307194607431632
7,0,297,373,2,0.0,9,1.96,260.99,999.0,0,0.5420953753580092
5,4,85,263,2,22.85,9,4.48,216.45,11.51,0,0.4118203648939712
1,2,387,231,0,21.5,11,0.54,248.85,10.74,0,0.34006233926583085
1,7,189,268,2,14.61,3,4.05,293.46,18.34,0,0.2803456240453436
5,3,332,64,0,15.89,9,3.9,87.67,4.03,0,0.2634416173216059
0,4,253,118,0,0.0,12,2.72,408.88,999.0,0,0.47917681458278055
6,2,213,101,0,20.84,8,0.2,234.91,4.85,0,0.31135406148207295
3,5,51,376,2,13.61,1,2.39,130.09,27.62,0,0.15665916629047166
7,1,340,217,0,0.0,1,4.72,161.27,999.0,0,0.13711086623696514
3,1,392,567,2,0.0,7,1.97,105.58,999.0,0,0.562063724275811
0,4,75,133,0,0.0,3,3.97,34.95,999.0,0,0.16778323926768507
3,5,9,178,0,0.0,13,3.16,452.49,999.0,1,0.74714951585079
5,1,232,515,2,0.0,9,2.75,579.14,999.0,0,0.5252990488993408
7,6,219,110,0,12.26,2,5.4,206.82,8.97,0,0.051800059079243746
2,4,320,599,2,13.71,12,5.97,327.72,43.69,0,0.4844458501090566
6,1,360,117,0,0.0,13,2.71,152.53,999.0,0,0.43067179426022095
7,6,213,97,0,7.81,8,2.25,108.53,12.41,0,0.33675820428812614
1,1,44,95,0,10.8,4,3.34,360.15,8.8,0,0.1653903696790487
5,1,211,362,2,21.84,1,5.81,368.24,16.57,0,0.1841975422831779
3,2,337,493,2,0.0,11,5.07,233.19,999.0,0,0.641512675832422
3,6,288,570,2,0.66,0,1.08,427.57,868.44,0,0.16707816265958922
5,5,4,185,0,21.75,2,0.85,387.24,8.51,1,0.32362893480940425
3,6,215,464,2,8.52,9,4.33,470.56,54.44,0,0.46611122679372774
1,0,80,161,0,0.0,2,1.63,403.92,999.0,0,0.21227940458691955
7,6,140,220,0,0.0,11,2.58,184.28,999.0,0,0.49141835057121597
7,4,24,225,0,0.0,0,1.23,568.29,999.0,1,0.46208194327703256
4,4,168,122,0,0.19,5,0.78,328.9,631.31,0,0.16660871750698758
5,1,204,43,0,10.91,2,5.17,353.94,3.94,0,0.10280796170630116
6,4,59,414,2,0.52,5,4.81,378.51,793.99,0,0.3898431095686049
5,1,224,108,0,6.08,2,2.37,199.96,17.75,0,0.07474159373781566
5,2,40,522,2,0.0,11,2.11,575.77,999.0,0,0.6274531571403477
2,3,53,149,0,0.0,4,4.56,400.2,999.0,0,0.2192575354736675
7,7,387,577,2,19.0,10,5.19,383.79,30.37,0,0.4481148881671692
1,7,227,310,2,0.0,11,3.04,200.04,999.0,0,0.6042296636440818
0,5,147,78,0,0.0,12,2.78,341.5,999.0,0,0.485018135671843
0,7,293,192,0,8.04,4,5.75,281.3,23.89,0,0.19531601735871448
5,1,259,176,0,0.98,14,3.14,373.69,179.86,0,0.35366775516228555
4,6,210,346,2,0.0,10,0.4,74.81,999.0,0,0.6555866763536775
4,4,371,153,0,0.0,11,1.86,400.51,999.0,0,0.4894562188315016
2,1,159,572,2,9.42,4,4.02,500.8,60.74,0,0.32665296065553795
1,6,261,370,2,0.46,5,5.71,218.2,811.82,0,0.38193874492013835
3,3,71,158,0,0.0,1,3.97,528.31,999.0,0,0.19616377585922096
6,2,84,185,0,0.0,14,0.26,231.29,999.0,0,0.5258640981457945
7,4,386,459,2,0.0,9,5.79,474.93,999.0,0,0.6264769205764951
3,5,348,584,2,24.61,9,4.67,311.69,23.73,0,0.44823929920756955
2,3,310,141,0,0.0,15,5.24,341.63,999.0,0,0.40231076780980907
1,4,43,164,0,0.0,13,0.55,548.09,999.0,0,0.5259931339844777
5,0,213,54,0,9.91,7,2.32,67.33,5.45,0,0.22094465103285393
5,1,366,343,2,0.0,1,1.72,501.26,999.0,0,0.3455286386291181
2,7,230,5,1,0.0,8,1.29,106.72,999.0,0,0.43882711392095813
6,1,398,295,2,0.0,1,1.43,390.59,999.0,0,0.3367372682009164
1,1,256,548,2,0.0,4,1.75,20.91,999.0,0,0.4003379247551241
6,2,341,87,0,13.09,2,5.72,335.57,6.65,0,0.1283694803014381
0,6,241,44,0,15.89,8,4.48,227.11,2.77,0,0.2341071469290279
3,1,396,595,2,18.38,4,0.27,336.69,32.37,0,0.36498049867588067
2,7,357,490,2,0.0,2,4.3,567.29,999.0,0,0.2984380548239731
3,0,103,42,0,7.89,12,5.93,334.96,5.32,0,0.32039765182431407
3,4,183,48,0,21.64,8,0.75,233.45,2.22,0,0.3428643800628218
7,6,174,191,0,12.41,11,5.55,321.18,15.4,0,0.38613777048821285
6,1,221,184,0,13.64,3,0.48,403.33,13.49,0,0.12356296407289145
6,2,354,454,2,0.0,11,3.69,272.27,999.0,0,0.6267363172590976
0,1,344,415,2,0.0,0,0.86,372.39,999.0,0,0.32949036396220405
0,2,35,241,0,19.46,11,2.3,349.0,12.38,0,0.36261137946257427
7,5,191,454,2,0.0,11,2.39,396.75,999.0,0,0.5799533983712077
1,0,377,190,0,12.48,3,1.57,170.97,15.23,0,0.11955277348867394
4,7,103,125,0,0.0,14,1.04,433.75,999.0,0,0.509671488482765
5,5,364,66,0,13.75,9,5.11,432.85,4.8,0,0.3692789348067814
2,5,261,229,0,0.0,4,1.42,306.53,999.0,0,0.2613075829333259
5,7,283,132,0,0.0,2,1.86,599.77,999.0,0,0.22026435918688636
6,6,295,75,0,3.13,2,2.7,414.46,23.94,0,0.07534177368432396
2,2,222,514,2,0.0,3,3.11,196.39,999.0,0,0.34543603514670795
3,5,266,290,2,21.15,6,3.81,339.49,13.71,0,0.3170204354152283
4,1,258,172,0,0.0,5,3.95,437.97,999.0,0,0.3226166689434227
0,0,42,46,0,23.71,6,4.6,261.62,1.94,0,0.23867894306506446
7,4,329,309,2,12.07,9,2.72,419.4,25.59,0,0.4169696536418249
6,7,238,208,0,0.0,10,5.17,205.2,999.0,0,0.5285628043360507
5,6,67,379,2,0.0,10,1.45,91.06,999.0,0,0.6039515214394797
2,1,26,297,2,23.63,7,5.78,543.34,12.57,1,0.711617341572734
5,3,391,163,0,12.46,15,5.27,308.47,13.09,0,0.3008058914052541
6,7,124,220,0,0.0,1,1.69,366.56,999.0,0,0.22314195762955547
7,4,275,8,1,21.18,4,5.29,441.95,0.38,0,0.18966281169943874
5,0,206,52,0,0.0,11,3.32,62.65,999.0,0,0.4505106634947845
4,1,66,99,0,9.85,11,4.53,135.45,10.05,0,0.35109470194702186
0,0,20,140,0,17.84,14,0.89,538.02,7.85,1,0.5910279587943359
5,2,202,306,2,14.84,9,2.85,29.65,20.62,0,0.43774875122947077
1,6,299,315,2,0.0,15,1.59,400.24,999.0,0,0.6666468236829298
3,0,299,491,2,4.26,4,4.93,160.47,115.18,0,0.30670843256849517
1,3,10,451,2,0.0,13,4.14,258.02,999.0,1,0.9229966762168509
7,0,362,141,0,12.97,15,3.15,201.98,10.87,0,0.31078189086287933
5,5,347,270,2,0.0,7,1.67,193.13,999.0,0,0.5669782655592954
4,4,361,212,0,17.26,10,2.88,345.08,12.29,0,0.4021382467109609
4,4,63,587,2,16.92,12,4.91,573.67,34.7,0,0.5265539000747884
4,0,148,80,0,8.66,8,4.48,144.11,9.24,0,0.3253542044209641
4,4,71,111,0,0.0,7,0.3,545.01,999.0,0,0.3488968943640083
3,0,52,423,2,8.26,3,4.09,99.73,51.23,0,0.32174225206704665
2,6,335,487,2,0.0,9,1.93,394.62,999.0,0,0.6269524350482748
1,3,274,38,0,0.0,13,5.29,121.96,999.0,0,0.500356177422112
6,7,96,296,2,0.0,9,3.41,82.23,999.0,0,0.6359592666045208
4,7,329,556,2,0.0,14,1.64,489.11,999.0,0,0.5896820916198142
7,4,368,190,0,0.35,9,3.41,459.22,539.61,0,0.29905938966061585
6,6,264,335,2,0.0,5,5.89,296.92,999.0,0,0.5022990464401667
0,4,197,241,0,11.17,10,1.81,439.27,21.58,0,0.2913722881033001
5,3,32,121,0,0.0,12,4.12,555.4,999.0,0,0.496536169681153
4,1,328,302,2,0.0,7,5.74,297.35,999.0,0,0.5085974407324805
5,6,360,562,2,0.0,7,4.08,365.57,999.0,0,0.5484844827787909
7,5,40,577,2,0.0,4,0.99,515.6,999.0,0,0.41153194873929455
3,7,47,522,2,0.0,14,0.79,260.95,999.0,0,0.6260027006547818
7,4,371,22,1,0.0,6,3.47,46.27,999.0,0,0.30334346398745615
1,0,36,483,2,0.79,5,4.61,464.18,608.79,0,0.4073999941908921
6,5,196,459,2,21.74,12,0.48,579.2,21.11,0,0.555686448371863
2,5,61,182,0,24.82,4,4.37,149.16,7.33,0,0.09841679539338893
0,4,238,557,2,10.6,7,1.49,220.77,52.53,0,0.3670779673354153
1,0,339,429,2,0.0,7,1.24,78.52,999.0,0,0.45802915309051373
0,3,380,45,0,0.0,6,4.53,470.12,999.0,0,0.27881626901378853
4,3,375,589,2,7.97,7,1.81,103.09,73.88,0,0.4132254908572892
3,6,154,281,2,0.0,13,3.34,47.19,999.0,0,0.5913297795727132
6,5,357,426,2,10.21,12,1.1,332.0,41.74,0,0.4589161826813289
3,4,363,147,0,0.0,13,5.81,343.23,999.0,0,0.4060911301270893
3,4,105,338,2,16.17,11,0.55,440.26,20.91,0,0.4706664350452413
4,6,345,40,0,0.0,6,2.88,524.29,999.0,0,0.30195571729825854
0,3,98,120,0,18.67,7,4.17,428.19,6.43,0,0.24159584717314822
3,5,398,289,2,9.52,9,1.57,317.43,30.37,0,0.4576732751721181
1,7,390,327,2,22.86,10,2.48,346.26,14.31,0,0.456552891797947
2,0,134,566,2,23.37,9,0.91,211.32,24.22,0,0.4470020345247442
3,7,282,345,2,6.43,15,2.76,445.01,53.63,0,0.4722611401998392
2,7,95,555,2,0.0,1,5.03,63.11,999.0,0,0.36015950930257046
0,0,212,140,0,0.0,2,4.24,25.3,999.0,0,0.19468795036316783
5,0,317,494,2,0.0,0,3.19,258.58,999.0,0,0.23200713771231563
4,4,9,514,2,20.33,5,0.64,75.86,25.28,1,0.5821837554021518
3,4,182,273,2,0.0,11,5.76,286.22,999.0,0,0.5791849473031458
3,4,351,82,0,0.0,2,2.43,238.76,999.0,0,0.19112061201582695
0,2,43,511,2,21.13,3,5.37,553.11,24.18,0,0.233571979652122
7,4,24,76,0,17.11,1,1.08,513.25,4.44,1,0.2838789714230322
3,2,386,407,2,23.22,5,3.38,348.68,17.53,0,0.3719330910347312
5,6,387,143,0,0.0,11,0.32,273.51,999.0,0,0.5177538152462065
5,6,397,334,2,0.74,14,2.94,226.37,450.96,0,0.5629371413964871
6,2,349,599,2,0.0,9,4.79,433.6,999.0,0,0.5278445611607779
2,6,365,157,0,18.49,11,0.64,23.01,8.49,0,0.3414198743656531
5,4,53,135,0,2.18,14,3.34,317.22,61.86,0,0.3023951512809949
1,5,284,95,0,14.92,12,0.07,260.01,6.37,0,0.4205385451027793
3,2,351,389,2,4.24,9,1.61,104.64,91.8,0,0.418064888091096
4,6,154,495,2,19.57,8,5.67,438.12,25.3,0,0.4254962924067436
3,7,55,138,0,7.62,10,5.05,240.34,18.12,0,0.3934637972678617
7,5,221,139,0,0.0,15,1.89,579.45,999.0,0,0.5062470266096034
4,7,295,248,0,8.15,12,2.19,560.6,30.44,0,0.31397600584527285
2,0,373,472,2,0.0,14,4.79,502.14,999.0,0,0.5582990406325151
6,7,72,310,2,0.0,13,4.73,62.9,999.0,0,0.6688840737324362
7,6,274,518,2,23.09,1,4.74,228.53,22.44,0,0.2494601818433079
1,1,394,254,2,16.44,5,3.88,45.69,15.45,0,0.38803298471423797
6,5,221,108,0,0.26,7,3.06,320.9,409.57,0,0.2636621954628805
3,7,192,400,2,0.0,11,5.99,300.01,999.0,0,0.5854518664622087
1,1,374,145,0,8.71,14,4.71,322.25,16.65,0,0.33179603559627757
1,7,370,463,2,7.97,1,4.86,86.75,58.07,0,0.24390160096562918
1,2,380,249,0,0.0,10,3.36,575.91,999.0,0,0.43782266568936923
6,2,96,442,2,0.0,14,3.55,245.52,999.0,0,0.6345682739151681
3,4,386,64,0,0.0,11,1.96,285.38,999.0,0,0.4214824074542833
7,5,306,397,2,0.0,11,2.11,285.56,999.0,0,0.5707033015612407
4,1,345,137,0,0.0,9,0.7,236.52,999.0,0,0.38689528823918334
6,6,306,141,0,14.37,5,2.92,331.68,9.81,0,0.24029931960576184
2,2,251,295,2,3.51,14,3.72,522.0,84.11,0,0.544221034058556
7,2,100,393,2,24.1,13,4.11,261.07,16.31,0,0.5307870162521467
7,2,43,578,2,0.0,9,0.2,150.41,999.0,0,0.5847936163710087
7,7,282,523,2,0.0,8,4.65,497.5,999.0,0,0.5300234126526505
0,7,280,223,0,0.0,7,1.79,599.6,999.0,0,0.3679678811396496
5,1,225,120,0,0.0,6,4.86,361.0,999.0,0,0.30407570093367875
6,2,316,142,0,0.0,1,3.42,328.72,999.0,0,0.1736229223061519
2,5,361,299,2,7.23,3,0.81,455.05,41.34,0,0.2628502092300875
0,4,336,129,0,0.0,7,0.88,206.82,999.0,0,0.32860814238072983
6,7,73,591,2,15.81,12,2.71,387.5,37.38,0,0.5356150097568788
1,6,264,284,2,17.37,14,5.7,209.83,16.35,0,0.43029677021703816
1,7,326,366,2,21.25,6,5.81,498.41,17.22,0,0.3613657937066586
5,4,173,560,2,14.45,10,5.36,462.11,38.76,0,0.43551315107903604
7,0,64,161,0,0.0,13,1.21,419.38,999.0,0,0.4258295704860816
4,2,141,95,0,16.36,2,2.23,544.2,5.81,0,0.053863009499121255
6,4,372,239,0,0.0,3,0.01,296.55,999.0,0,0.24166326215878473
3,7,5,8,1,0.0,13,4.16,297.07,999.0,1,0.6974736240950852
1,1,53,320,2,9.19,4,2.3,491.75,34.82,0,0.3429396754501578
2,1,272,576,2,0.0,14,2.11,143.57,999.0,0,0.6397922603649265
6,7,112,88,0,0.0,3,3.54,242.74,999.0,0,0.2815898452663917
5,2,127,283,2,0.0,9,4.67,420.48,999.0,0,0.6197470525327952
4,3,266,521,2,4.72,9,3.88,474.6,110.47,0,0.49325336380720575
3,7,198,115,0,0.0,0,5.92,561.68,999.0,0,0.08583794568792424
6,5,280,176,0,0.0,0,3.52,28.0,999.0,0,0.11588915262206809
0,6,260,293,2,15.71,13,4.21,67.81,18.65,0,0.49438777792840183
2,4,43,317,2,0.0,4,3.22,246.62,999.0,0,0.43411530968239087
1,4,358,447,2,0.0,1,1.47,556.28,999.0,0,0.27591838978532424
0,4,342,179,0,0.0,0,0.98,572.75,999.0,0,0.15344081210291116
4,2,191,129,0,18.74,3,4.63,37.03,6.88,0,0.16285294159888436
4,1,135,590,2,15.69,14,3.06,52.15,37.61,0,0.5331231739224965
2,5,81,261,2,0.0,7,4.44,21.49,999.0,0,0.5570426810946422
0,3,24,483,2,0.0,5,5.59,517.34,999.0,1,0.7363437746195038
6,3,165,254,2,10.41,8,4.96,351.49,24.41,0,0.3803281115609774
0,2,115,528,2,24.54,2,5.26,522.3,21.52,0,0.2668232975407063
4,5,45,566,2,11.42,6,1.75,475.01,49.57,0,0.3907491184080102
3,7,189,505,2,0.0,7,0.9,560.79,999.0,0,0.4607333002867478
5,0,172,1,1,18.97,9,0.62,327.29,0.05,0,0.3016323466981296
7,0,73,286,2,0.0,13,4.21,236.05,999.0,0,0.6669465748201902
1,1,259,136,0,15.93,2,3.55,56.12,8.54,0,0.11349327137847388
2,3,150,267,2,21.27,10,1.91,177.73,12.55,0,0.4389624922962976
3,2,400,598,2,0.0,5,2.7,202.14,999.0,0,0.40448840844862877
5,3,232,315,2,0.0,2,0.95,417.91,999.0,0,0.3953387120570341
0,3,168,151,0,0.0,11,2.38,48.39,999.0,0,0.4458608853162826
2,0,208,463,2,0.0,3,2.77,486.26,999.0,0,0.3427751647127747
0,0,400,227,0,3.27,11,4.12,563.79,69.46,0,0.30008473090737203
4,1,12,66,0,4.94,4,0.55,511.42,13.35,1,0.4929915917409009
1,0,237,51,0,4.2,12,2.98,241.98,12.14,0,0.3411996822114055
5,3,96,281,2,0.0,1,3.68,377.85,999.0,0,0.33967340805688967
7,6,282,490,2,1.52,12,0.82,135.69,321.42,0,0.5632216578353002
3,0,196,367,2,11.99,11,5.48,311.39,30.6,0,0.47660575294831603
2,0,164,224,0,0.73,1,4.85,293.58,305.77,0,0.06489194712058499
3,2,52,253,2,16.42,1,4.58,569.73,15.41,0,0.21108305303439953
6,5,89,180,0,5.91,11,5.48,36.36,30.44,0,0.3740672964021702
2,3,253,555,2,7.73,1,0.54,154.92,71.83,0,0.1865953025587726
7,0,170,206,0,20.16,5,5.51,509.68,10.22,0,0.16883065735658048
0,2,301,145,0,19.36,2,2.24,566.32,7.49,0,0.0814714674824625
1,5,155,330,2,0.0,13,4.75,577.18,999.0,0,0.6279016318773777
2,5,115,179,0,9.46,4,1.07,21.04,18.92,0,0.18224101377907231
6,0,94,325,2,0.0,3,5.62,101.57,999.0,0,0.4154411993722379
3,5,164,171,0,0.0,10,2.68,173.82,999.0,0,0.43994490357623345
1,5,132,110,0,0.0,12,2.63,263.4,999.0,0,0.4099606131475138
6,7,194,359,2,0.0,15,4.73,355.27,999.0,0,0.6409892252270821
3,2,232,75,0,0.0,9,0.12,171.45,999.0,0,0.4057482862205207
5,2,193,164,0,0.0,10,3.56,375.91,999.0,0,0.4679284143786174
0,6,335,168,0,15.18,5,0.32,212.03,11.07,0,0.27407443224263367
6,4,339,288,2,0.0,1,2.36,338.8,999.0,0,0.3209137931051165
0,5,2,437,2,2.19,6,0.58,140.03,199.48,1,0.6753060236933888
1,7,60,315,2,19.62,15,5.37,173.7,16.05,0,0.5070239659048253
6,2,190,390,2,9.24,1,1.58,289.73,42.23,0,0.16914907363392004
4,0,78,99,0,2.14,13,5.82,362.04,46.2,0,0.35643222873894903
6,6,275,486,2,0.0,15,1.79,248.99,999.0,0,0.6524727786013237
0,2,62,459,2,0.0,6,4.85,93.19,999.0,0,0.4728049879178719
6,3,322,151,0,20.85,10,5.46,550.22,7.24,0,0.29804143436583347
6,6,283,333,2,21.42,0,4.72,381.37,15.55,0,0.17270744125397713
6,1,213,153,0,0.0,3,3.38,78.57,999.0,0,0.2203311424858647
5,6,136,392,2,16.37,1,1.03,253.72,23.95,0,0.2161893386322158
6,0,203,339,2,0.0,15,5.53,540.28,999.0,0,0.5524279466311927
4,4,144,503,2,0.0,7,0.81,585.05,999.0,0,0.5149207485673458
5,4,374,426,2,0.0,6,2.65,549.79,999.0,0,0.47086044330085347
7,5,29,527,2,0.0,9,4.26,253.96,999.0,1,0.8916619715553183
0,2,99,205,0,0.0,1,2.74,552.46,999.0,0,0.20655607342640436
4,5,238,517,2,0.0,0,1.45,303.5,999.0,0,0.2835324119129035
7,5,177,167,0,20.94,2,1.71,244.21,7.97,0,0.053548888671834466
3,3,332,230,0,16.94,13,3.08,521.49,13.58,0,0.40605660268745364
0,7,68,177,0,0.0,7,1.51,486.95,999.0,0,0.3506551638061468
4,6,193,357,2,0.0,14,1.81,321.97,999.0,0,0.6248327315424256
1,0,262,383,2,14.04,9,4.11,299.41,27.29,0,0.4383540384665379
4,5,142,267,2,16.4,6,0.9,463.98,16.28,0,0.4139794142444618
6,5,349,143,0,18.03,9,1.56,262.77,7.93,0,0.3045929905206551
0,3,176,227,0,17.16,11,3.04,510.34,13.23,0,0.39087664335156797
2,4,50,482,2,3.2,5,5.68,541.76,150.69,0,0.3485321573221384
3,5,115,314,2,10.51,11,1.56,190.55,29.87,0,0.5321456665853692
7,0,325,597,2,0.0,15,5.34,310.28,999.0,0,0.6540997305637876
6,4,212,55,0,0.0,4,5.95,218.75,999.0,0,0.3164629919255408
7,2,162,184,0,19.47,10,3.79,122.56,9.45,0,0.3661398762983205
0,7,141,214,0,0.0,5,2.94,462.87,999.0,0,0.2605649612510854
6,6,207,439,2,24.13,0,0.23,135.66,18.19,0,0.18571809221729943
0,5,388,543,2,0.0,7,1.36,528.65,999.0,0,0.49145107125842347
1,6,258,313,2,0.0,9,5.69,284.44,999.0,0,0.5804346094695061
5,6,352,137,0,8.57,11,4.5,115.63,15.99,0,0.3988273083432365
6,0,117,229,0,0.0,6,4.4,362.02,999.0,0,0.3022781690268177
5,0,193,261,2,0.0,1,3.97,399.07,999.0,0,0.2643690119816975
1,6,228,389,2,3.09,15,4.21,139.19,125.89,0,0.5122888034257096
0,4,216,103,0,16.56,4,2.51,541.2,6.22,0,0.15939017437586148
1,4,59,108,0,0.0,8,4.99,584.41,999.0,0,0.36895062038609694
6,4,83,40,0,0.0,15,1.98,21.59,999.0,0,0.4705959758958245
1,7,77,92,0,0.0,3,5.43,393.72,999.0,0,0.22081014816939765
4,4,238,51,0,0.0,1,5.11,228.92,999.0,0,0.18321198384109774
6,1,49,46,0,0.0,5,1.97,538.83,999.0,0,0.3446106987790528
4,1,191,350,2,4.57,12,5.77,177.66,76.56,0,0.47628585877111773
7,6,333,170,0,0.0,5,0.62,548.51,999.0,0,0.32302983668763285
7,2,313,388,2,0.0,4,2.9,303.11,999.0,0,0.46451127136762527
7,0,33,267,2,0.0,7,5.87,408.51,999.0,0,0.4945960770122108
1,6,339,254,2,12.05,4,5.03,343.84,21.08,0,0.3565349949713773
0,0,330,160,0,12.64,15,5.22,63.42,12.66,0,0.34899775533732813
3,5,143,51,0,12.67,12,4.9,65.72,4.02,0,0.3433026651751351
7,1,256,457,2,7.9,0,0.62,259.16,57.84,0,0.19222132421334343
0,1,310,311,2,0.0,14,5.7,230.74,999.0,0,0.5565130255966682
3,7,170,573,2,19.19,11,4.3,86.13,29.87,0,0.521118394129494
3,0,175,363,2,20.75,11,4.21,46.55,17.5,0,0.4496986441246469
2,6,55,260,2,0.0,3,5.58,247.88,999.0,0,0.38084552099515867
3,5,56,424,2,0.0,14,2.74,361.8,999.0,0,0.6105037091386044
7,0,272,49,0,13.83,15,5.55,473.03,3.54,0,0.39922177837240913
2,2,54,396,2,16.44,12,2.51,373.22,24.09,0,0.5131018642446769
3,4,204,351,2,24.26,4,0.83,369.46,14.47,0,0.351209221294167
4,5,365,566,2,0.0,6,3.75,188.54,999.0,0,0.4634352297078297
2,2,258,555,2,17.36,3,4.56,346.12,31.97,0,0.275936752531503
6,4,217,13,1,0.0,12,0.87,408.75,999.0,0,0.419109879279895
2,4,350,256,2,0.0,9,1.22,333.88,999.0,0,0.5610418924814697
7,1,316,575,2,21.62,7,3.07,482.16,26.59,0,0.4175354196616757
0,6,199,426,2,23.92,1,0.08,165.78,17.81,0,0.2533557464315087
7,3,325,376,2,0.0,6,1.77,122.91,999.0,0,0.5039190622041843
2,2,377,526,2,0.0,13,1.67,173.26,999.0,0,0.5693114619707936
4,0,170,477,2,0.0,1,0.92,207.13,999.0,0,0.27121384088671613
4,7,294,563,2,8.95,7,5.74,321.95,62.89,0,0.42835098872048294
2,6,279,549,2,10.09,7,5.3,404.73,54.43,0,0.3737279843933563
4,3,386,543,2,0.0,3,4.01,278.49,999.0,0,0.434539575018523
3,0,350,328,2,0.0,12,1.54,439.91,999.0,0,0.5529646875661635
5,7,250,44,0,0.0,10,3.08,569.96,999.0,0,0.4100873771056194
0,1,108,218,0,21.62,3,1.23,500.67,10.08,0,0.17143646780510896
6,1,383,157,0,0.59,1,0.53,51.48,264.39,0,0.13630075893289917
1,3,133,417,2,9.7,13,1.9,245.91,42.99,0,0.44419669139519424
0,1,388,599,2,0.0,11,5.57,81.56,999.0,0,0.6444270277195083
4,1,145,448,2,0.0,15,0.94,147.52,999.0,0,0.6420928355968508
4,2,153,382,2,0.0,4,0.74,22.92,999.0,0,0.4400221483503599
1,4,108,352,2,0.0,5,1.1,377.79,999.0,0,0.420329013342553
1,2,344,580,2,21.31,2,1.74,59.07,27.22,0,0.18578428816564466
7,5,183,131,0,0.0,3,1.71,60.49,999.0,0,0.1892198282937282
7,7,169,313,2,0.0,11,4.85,576.02,999.0,0,0.5702367413087176
5,3,114,446,2,6.92,4,4.08,212.31,64.48,0,0.29559447645799675
7,5,397,312,2,0.0,5,3.87,67.54,999.0,0,0.4236739127564851
2,3,135,78,0,0.0,0,4.88,355.76,999.0,0,0.1623040305883017
3,0,283,266,2,13.59,4,2.19,149.52,19.58,0,0.3306573812272556
4,2,238,513,2,12.76,11,3.01,404.35,40.2,0,0.531757820812464
2,2,229,163,0,0.0,15,5.64,43.44,999.0,0,0.5013766853400845
3,1,136,378,2,0.0,11,2.33,552.38,999.0,0,0.6557862377581931
0,5,53,533,2,15.84,8,3.47,350.69,33.65,0,0.41119914834529936
6,5,301,79,0,12.92,7,3.1,224.68,6.12,0,0.2981263306245497
7,7,310,6,1,0.0,14,0.99,64.71,999.0,0,0.467471842903639
3,2,96,161,0,0.0,7,2.49,211.53,999.0,0,0.3276006437076777
7,7,108,165,0,16.18,0,1.46,94.17,10.2,0,0.04108171924453598
2,0,294,150,0,1.4,5,3.1,255.16,107.31,0,0.2463092424544138
0,4,44,221,0,11.23,15,1.02,501.61,19.68,0,0.362100645729344
2,4,86,350,2,0.0,7,2.27,96.68,999.0,0,0.4559875152728098
6,2,311,98,0,0.0,3,0.56,402.45,999.0,0,0.2918725788941915
0,6,268,430,2,0.0,13,1.38,485.33,999.0,0,0.6447466702181145
6,5,302,589,2,0.0,8,2.86,154.86,999.0,0,0.5890863896761694
4,6,132,193,0,0.0,3,3.12,237.52,999.0,0,0.2106502435396016
5,6,186,109,0,3.87,8,5.13,265.67,28.17,0,0.26987729133237665
4,6,387,208,0,10.33,5,2.22,341.85,20.13,0,0.16045331745312355
4,5,397,407,2,0.0,7,2.68,425.6,999.0,0,0.47341541412497634
3,6,174,563,2,0.0,5,2.33,388.81,999.0,0,0.48652432330646095
2,7,308,445,2,2.2,7,2.23,373.24,201.95,0,0.4209393656113678
6,4,365,58,0,0.0,15,2.63,136.99,999.0,0,0.4688261067248211
4,3,18,522,2,0.0,5,4.04,228.65,999.0,1,0.7486022943260855
2,1,142,409,2,8.83,12,3.52,320.29,46.33,0,0.5184310648175674
1,1,282,291,2,18.15,11,5.78,180.37,16.03,0,0.5027636089590702
3,7,207,588,2,0.0,13,3.04,344.01,999.0,0,0.6103802999504672
5,1,263,263,2,21.9,14,5.8,346.64,12.01,0,0.52239606312806
5,7,349,471,2,0.0,15,0.7,59.18,999.0,0,0.6381350233611612
3,3,162,422,2,0.0,8,1.49,73.95,999.0,0,0.5668437500138177
5,1,284,182,0,11.91,6,5.37,176.06,15.28,0,0.27565417308761736
3,7,378,204,0,0.0,8,1.24,137.6,999.0,0,0.3759634520736349
5,2,399,109,0,0.0,15,3.68,463.26,999.0,0,0.4549768745523629
0,7,191,322,2,12.31,15,1.1,463.27,26.16,0,0.4913360362770557
6,3,385,590,2,3.21,15,5.64,38.89,184.02,0,0.47167467539940794
2,7,62,530,2,0.0,0,4.04,240.07,999.0,0,0.24208973913678786
5,4,96,561,2,6.57,15,5.75,219.0,85.37,0,0.4520696409035653
6,3,215,381,2,9.13,8,2.7,351.42,41.74,0,0.48351269421806287
3,1,370,276,2,20.1,12,1.18,484.02,13.73,0,0.5186250416781437
7,0,91,431,2,12.49,15,1.8,346.04,34.51,0,0.4981401423046374
6,1,354,167,0,1.5,15,5.03,75.86,111.27,0,0.3993511864554791
4,5,185,573,2,13.94,11,0.12,90.32,41.11,0,0.569323750009594
3,2,400,291,2,8.88,14,5.34,241.02,32.78,0,0.4643828291866947
2,2,328,345,2,10.55,2,0.47,219.3,32.72,0,0.23263098501522478
4,4,310,404,2,6.78,11,4.49,322.14,59.58,0,0.48403463877498126
2,2,12,128,0,18.19,2,1.26,250.29,7.04,1,0.32546644627790966
7,0,14,406,2,0.0,3,1.57,110.06,999.0,1,0.684579921065202
6,4,118,253,2,18.44,4,0.79,506.34,13.72,0,0.24992204861194228
5,5,244,478,2,24.37,14,0.81,570.12,19.61,0,0.5022869302969744
7,6,269,546,2,7.74,15,3.24,486.73,70.53,0,0.4830232366691841
5,6,134,159,0,0.0,4,2.06,292.13,999.0,0,0.21899805327156482
7,7,154,9,1,19.15,7,4.78,337.96,0.47,0,0.21662851751899947
6,6,128,167,0,17.87,12,1.32,65.94,9.34,0,0.3650387617107288
4,4,333,544,2,20.22,6,5.12,125.8,26.9,0,0.33675143591495427
7,7,140,503,2,0.0,4,0.3,330.28,999.0,0,0.40840081444343945
1,4,138,128,0,0.0,7,0.54,28.54,999.0,0,0.3384152942662348
6,4,256,380,2,0.0,10,0.48,455.33,999.0,0,0.5882769957503191
4,6,37,556,2,0.0,8,4.9,500.39,999.0,0,0.5006353867422926
3,6,395,453,2,0.0,6,2.77,467.18,999.0,0,0.4845366944068741
3,7,200,319,2,0.0,1,4.47,338.76,999.0,0,0.2766569814562614
7,4,102,369,2,0.0,3,1.42,271.81,999.0,0,0.3278081246322635
4,1,203,248,0,0.0,15,4.13,109.9,999.0,0,0.5024956400002359
3,2,256,93,0,17.15,1,0.36,393.85,5.42,0,0.11181334521649895
1,2,250,238,0,7.92,14,4.4,32.38,30.06,0,0.33533227237299157
2,4,21,496,2,17.67,15,1.14,128.24,28.08,1,0.7517197614821919
7,4,307,567,2,0.0,14,1.77,172.74,999.0,0,0.5940535248405447
0,6,376,189,0,22.07,7,1.92,56.74,8.56,0,0.3100595788409917
6,3,269,509,2,0.0,9,1.94,391.72,999.0,0,0.5312556960847286
1,0,67,182,0,0.0,3,2.91,77.28,999.0,0,0.25452146176256385
6,7,270,262,2,0.0,2,0.08,554.2,999.0,0,0.40954925706772516
1,7,328,62,0,9.02,11,4.77,53.81,6.87,0,0.36403199905080996
0,1,156,79,0,0.0,3,4.35,328.36,999.0,0,0.18873524957280108
3,2,286,571,2,0.0,11,4.05,427.48,999.0,0,0.6012489988352275
1,2,93,563,2,10.04,5,3.2,367.95,56.08,0,0.38202239634304413
5,5,191,422,2,19.1,10,3.65,346.62,22.09,0,0.45567137632524646
4,5,232,458,2,0.0,1,5.9,365.54,999.0,0,0.32411312306083956
4,0,154,227,0,5.37,0,4.63,567.14,42.27,0,0.06868049497242909
2,1,20,471,2,0.0,8,2.2,357.65,999.0,1,0.7939592978265082
4,1,293,409,2,0.0,2,4.34,479.88,999.0,0,0.31474829890275874
1,4,20,590,2,0.0,10,2.09,493.94,999.0,1,0.8799826055141503
1,3,383,11,1,15.85,1,1.83,43.89,0.69,0,0.06679156753264029
2,5,258,226,0,3.83,14,4.52,353.65,59.01,0,0.3008099543053677
6,4,202,151,0,0.0,15,3.43,48.6,999.0,0,0.457902955945633
1,6,257,444,2,0.0,4,2.89,134.9,999.0,0,0.405438256429656
3,3,125,73,0,6.66,10,4.11,354.09,10.97,0,0.3035035845682748
6,6,188,356,2,4.76,0,4.62,118.17,74.75,0,0.1519659679677078
7,2,226,45,0,0.0,6,4.11,110.47,999.0,0,0.34941841034838333
1,1,379,55,0,0.0,9,0.08,422.4,999.0,0,0.40805736883155286
7,7,12,339,2,0.0,6,3.28,455.21,999.0,1,0.7678560065773365
2,0,193,596,2,0.0,8,1.02,184.73,999.0,0,0.5807026193408907
4,0,239,8,1,1.66,11,5.19,31.07,4.8,0,0.39408925314253773
6,3,195,520,2,0.0,10,2.91,366.32,999.0,0,0.5605624802587188
3,7,288,22,1,0.99,10,2.94,451.75,22.14,0,0.2922046670437871
5,5,321,309,2,5.91,1,3.75,529.63,52.33,0,0.2488482503294514
0,4,116,155,0,8.54,4,0.53,241.68,18.14,0,0.23220187910039625
3,6,124,586,2,3.82,10,2.7,96.43,153.45,0,0.5082967175292162
3,2,159,536,2,22.74,4,3.94,347.61,23.57,0,0.25696575002446437
1,1,95,325,2,0.0,0,4.59,530.48,999.0,0,0.2796848186503615
6,4,227,280,2,0.0,3,0.79,35.19,999.0,0,0.452743659891923
4,3,306,237,0,0.0,11,0.48,472.3,999.0,0,0.44701629202906074
7,5,95,396,2,0.0,5,1.16,38.69,999.0,0,0.4817446624953882
0,4,212,227,0,0.0,6,0.4,557.72,999.0,0,0.42440259893399074
7,5,235,252,2,0.0,12,4.32,248.61,999.0,0,0.6626966959915768
0,1,232,467,2,0.0,7,3.11,249.45,999.0,0,0.5422204097860321
6,0,98,298,2,10.99,9,2.77,265.03,27.12,0,0.4715761135092672
0,2,238,462,2,0.0,5,4.67,563.95,999.0,0,0.4735336970207755
2,6,212,331,2,0.0,14,3.54,433.33,999.0,0,0.5742318405650989
7,1,129,331,2,0.0,3,0.55,429.61,999.0,0,0.42020279246683134
1,6,373,523,2,0.0,12,3.3,45.47,999.0,0,0.5705061977317208
5,2,84,148,0,0.0,13,1.85,443.49,999.0,0,0.5053159336265249
4,2,61,134,0,0.0,8,0.07,308.62,999.0,0,0.422907205247476
0,7,122,222,0,14.72,14,2.46,66.05,15.08,0,0.3620122525154707
3,4,318,570,2,0.0,1,1.11,51.94,999.0,0,0.30388237998192413
2,0,342,591,2,20.95,10,5.52,48.44,28.21,0,0.480034830862643
2,2,345,291,2,0.0,14,4.5,228.91,999.0,0,0.5543008051155146
4,5,189,388,2,20.51,2,1.76,98.04,18.92,0,0.2573543326193761
4,5,270,423,2,0.0,1,0.66,443.24,999.0,0,0.3512448956247084
1,7,371,294,2,10.68,8,3.15,597.11,27.54,0,0.40846240132490286
2,7,267,509,2,0.0,7,4.25,587.97,999.0,0,0.45418971006709974
0,7,321,120,0,0.0,13,2.48,213.6,999.0,0,0.45724986059013917
3,0,328,206,0,17.25,2,1.85,313.88,11.94,0,0.0728708607259684
0,1,352,341,2,0.0,5,1.16,503.62,999.0,0,0.5006735718302188
7,7,19,139,0,12.04,10,2.77,492.22,11.55,1,0.6813347972118121
0,4,290,323,2,0.0,6,3.46,212.4,999.0,0,0.5319423741293217
5,1,77,287,2,21.02,12,3.76,508.6,13.65,0,0.4985177969387374
6,2,305,119,0,21.61,10,4.26,177.47,5.51,0,0.3004157341990361
3,5,232,309,2,5.4,5,0.67,475.27,57.19,0,0.37639934163123406
1,7,260,25,0,0.0,6,2.04,300.41,999.0,0,0.3668654912623417
4,5,74,100,0,0.0,6,4.35,286.43,999.0,0,0.3476412868483158
1,0,160,45,0,0.0,10,2.8,46.76,999.0,0,0.452469325452608
4,0,296,319,2,0.0,10,1.2,186.21,999.0,0,0.6138730966918019
7,1,140,152,0,0.0,0,5.75,344.58,999.0,0,0.10228503513924245
5,5,139,144,0,23.58,7,1.03,200.6,6.11,0,0.30106917256600163
7,0,67,29,0,0.0,3,2.3,69.95,999.0,0,0.2130300112774816
7,5,160,340,2,0.0,14,3.41,73.89,999.0,0,0.646282059776505
7,1,234,317,2,17.11,15,1.39,149.8,18.53,0,0.5333315532467074
4,5,201,187,0,17.49,10,2.72,37.55,10.69,0,0.3470401234443966
5,7,237,174,0,7.06,4,3.05,255.3,24.66,0,0.18371277033992806
1,5,285,72,0,19.81,12,3.54,158.37,3.63,0,0.31924292732591836
2,7,197,67,0,8.52,13,3.4,218.48,7.87,0,0.3732959788168856
2,1,379,587,2,0.0,14,1.95,76.64,999.0,0,0.6034259478832846
4,6,36,111,0,17.14,10,2.97,402.9,6.48,0,0.3008639605798826
2,0,388,150,0,16.52,9,2.34,355.2,9.08,0,0.2814799944212989
5,4,292,311,2,22.96,11,5.94,357.98,13.54,0,0.5033788907406523
6,2,151,63,0,0.0,0,4.22,496.04,999.0,0,0.11310935566696374
4,0,121,442,2,17.56,10,4.27,255.5,25.18,0,0.4822228058085907
3,2,244,142,0,4.71,11,5.04,109.48,30.18,0,0.4096947251612565
2,2,6,73,0,0.0,15,3.95,585.49,999.0,1,0.686293089465496
2,6,234,435,2,15.58,13,3.31,281.03,27.92,0,0.4726368676654168
2,6,310,7,1,0.0,8,2.47,336.78,999.0,0,0.370036403030272
0,7,361,377,2,2.83,2,0.85,444.15,133.26,0,0.2979284965982852
4,7,265,80,0,0.0,7,2.83,450.18,999.0,0,0.40924932563488226
1,4,314,54,0,0.0,15,2.72,545.51,999.0,0,0.45887583619399175
5,6,181,301,2,0.0,9,4.36,346.95,999.0,0,0.5253701315784157
7,2,294,52,0,16.41,0,1.72,67.86,3.17,0,0.030671533116873123
4,4,68,287,2,6.88,0,4.45,370.22,41.71,0,0.21921577864149522
2,7,190,179,0,0.0,15,1.08,325.89,999.0,0,0.4139708632315826
1,2,305,157,0,20.94,12,1.43,275.31,7.5,0,0.36650895997937016
3,5,28,270,2,0.0,1,1.01,251.27,999.0,1,0.578164055594444
3,6,350,399,2,0.0,13,0.07,557.79,999.0,0,0.6410113452116427
5,0,50,544,2,15.94,8,2.01,174.91,34.14,0,0.3777932146090364
6,7,396,247,0,0.0,10,4.07,596.06,999.0,0,0.44759237934435536
0,0,35,12,1,0.0,14,2.11,440.65,999.0,0,0.42022753285742953
0,0,318,94,0,0.0,3,4.25,89.59,999.0,0,0.26877289891661926
2,6,337,579,2,0.0,3,4.17,166.93,999.0,0,0.38203466927451896
1,7,142,437,2,17.31,8,0.97,62.92,25.25,0,0.4603808664389773
6,6,171,61,0,6.46,5,2.64,305.2,9.45,0,0.24143035578787547
6,2,331,503,2,2.71,6,3.68,81.62,185.56,0,0.35498980508631495
4,1,18,74,0,1.76,14,0.11,308.67,42.04,1,0.6838402895754372
0,0,341,399,2,6.66,12,3.45,318.92,59.9,0,0.5427893287876164
7,7,224,413,2,0.0,7,0.02,573.41,999.0,0,0.5913634326556165
7,1,291,548,2,23.38,10,4.09,252.36,23.44,0,0.5058727031919501
1,5,274,348,2,2.01,9,3.89,122.44,173.01,0,0.40271974191145277
6,3,154,399,2,22.41,15,0.51,387.02,17.8,0,0.5378719056418861
2,0,99,25,0,0.0,15,2.33,479.79,999.0,0,0.4672089165220238
7,7,9,37,0,8.48,1,2.43,142.77,4.36,1,0.3604619921451656
7,2,380,593,2,0.0,1,4.41,303.56,999.0,0,0.26428756082465027
0,3,360,133,0,0.0,9,4.92,76.43,999.0,0,0.4313471067285741
1,1,59,509,2,0.0,2,4.83,267.2,999.0,0,0.3913825235687756
6,5,62,589,2,13.65,6,4.59,363.99,43.16,0,0.3422604473202424
1,4,73,425,2,4.2,5,2.63,556.89,101.16,0,0.2748838673234322
1,6,399,161,0,0.39,2,0.04,124.06,412.02,0,0.10317304994966976
4,6,356,487,2,0.0,4,3.84,323.39,999.0,0,0.40744375894002954
2,0,306,184,0,0.0,9,2.09,22.65,999.0,0,0.4062766808795061
1,1,317,370,2,0.0,14,4.62,402.41,999.0,0,0.5831711900708696
3,1,77,485,2,0.0,1,0.32,231.23,999.0,0,0.31418414289797847
4,5,316,464,2,0.0,5,0.95,36.86,999.0,0,0.4538574995503555
1,3,370,455,2,14.82,13,1.19,412.57,30.71,0,0.46908219507044246
1,5,117,100,0,5.93,6,2.25,147.98,16.87,0,0.21851883118011856
7,0,224,148,0,5.4,5,2.32,99.11,27.39,0,0.2163785459346964
5,4,104,343,2,0.0,8,0.82,513.96,999.0,0,0.5482691111528921
2,5,113,302,2,0.0,7,0.52,517.04,999.0,0,0.531951768075353
3,7,237,285,2,0.36,7,1.49,271.86,786.0,0,0.38068879320486426
2,0,214,45,0,1.0,1,2.55,248.71,44.93,0,0.09916598254264966
1,7,254,246,0,0.0,13,5.7,96.97,999.0,0,0.44549485138570877
1,0,246,312,2,4.05,0,5.86,288.98,77.13,0,0.1266348697610489
6,2,190,475,2,0.0,2,2.31,420.64,999.0,0,0.3577104392344185
4,6,386,276,2,0.0,2,3.72,214.7,999.0,0,0.40586919187439535
5,0,57,392,2,0.0,11,2.2,395.94,999.0,0,0.6345848391059093
3,2,172,244,0,13.49,6,4.52,461.31,18.09,0,0.20045565797630996
4,6,142,55,0,1.58,14,2.92,325.48,34.72,0,0.3047251321108614
4,7,318,376,2,0.0,6,5.35,285.57,999.0,0,0.4316204484021805
2,4,40,111,0,0.0,4,2.98,527.5,999.0,0,0.2604825167227728
0,4,214,554,2,23.29,11,2.52,447.87,23.78,0,0.4325778758151979
3,1,12,237,0,20.87,13,3.47,400.34,11.35,1,0.6644189235505221
7,7,235,311,2,14.18,5,4.74,151.53,21.93,0,0.31462827799086934
4,0,76,361,2,0.0,5,4.27,185.44,999.0,0,0.5067847307104105
2,2,122,119,0,1.03,4,2.65,234.41,115.67,0,0.1226186434291189
0,5,177,151,0,0.0,9,0.73,34.46,999.0,0,0.5005706642793557
2,7,164,159,0,0.11,9,2.84,188.1,1481.03,0,0.3912811430878893
2,7,174,115,0,0.0,4,4.07,87.79,999.0,0,0.20097547137883
3,7,183,94,0,0.0,7,4.69,464.92,999.0,0,0.317485880812301
1,7,347,89,0,24.4,6,2.94,369.84,3.65,0,0.22338670111602738
0,5,204,151,0,17.9,11,2.32,27.07,8.44,0,0.3313904255789712
4,7,288,89,0,5.39,13,4.82,187.41,16.5,0,0.3866807342123991
6,6,72,88,0,3.59,15,5.93,324.67,24.51,0,0.33025000905941343
6,1,4,419,2,15.97,13,1.05,288.03,26.24,1,0.7781499589281473
2,3,96,390,2,7.24,1,4.94,195.16,53.89,0,0.21222499052040075
7,7,115,27,0,0.0,8,1.8,391.52,999.0,0,0.4023872997217248
1,4,214,183,0,0.0,0,0.72,180.79,999.0,0,0.22067483524190362
1,5,298,492,2,14.14,15,5.85,494.6,34.8,0,0.47478426591681766
0,4,84,595,2,1.46,14,5.27,98.59,406.77,0,0.4695970622177914
4,5,215,364,2,1.22,2,3.08,464.54,298.88,0,0.21598969968976622
1,2,279,330,2,21.81,8,4.11,419.24,15.13,0,0.3775000091800872
5,2,7,140,0,12.95,15,2.47,554.13,10.81,1,0.5895634970984619
3,2,258,226,0,0.0,13,2.76,64.31,999.0,0,0.508261369286089
0,7,179,319,2,0.0,14,5.34,366.64,999.0,0,0.641630745503406
5,2,364,311,2,0.0,7,0.77,422.66,999.0,0,0.5456741840657091
4,2,108,133,0,24.53,3,0.47,469.32,5.42,0,0.17822361272004367
0,3,56,33,0,0.0,15,0.71,166.75,999.0,0,0.4094083510201459
0,1,64,210,0,0.0,5,4.02,36.97,999.0,0,0.2674668373279526
4,5,181,164,0,0.0,2,0.59,355.32,999.0,0,0.1718927530851952
3,3,145,175,0,0.0,3,5.55,553.88,999.0,0,0.2881556172142232
7,5,358,189,0,0.0,5,5.01,589.15,999.0,0,0.300891021681673
3,6,58,321,2,0.0,4,2.97,229.53,999.0,0,0.3925925511930574
0,1,168,505,2,2.89,14,3.6,200.96,174.56,0,0.5471414856682034
7,3,284,417,2,7.26,6,5.14,538.96,57.4,0,0.39829236800284096
5,2,7,503,2,16.8,14,3.14,412.38,29.94,1,0.7243061412662574
6,6,356,104,0,0.0,2,2.18,135.47,999.0,0,0.15803161966350154
6,1,120,434,2,18.13,8,4.54,484.57,23.94,0,0.47918700706979833
5,7,342,414,2,24.69,4,4.61,82.66,16.77,0,0.2680827832424713
7,3,322,137,0,0.0,2,2.99,35.51,999.0,0,0.15549148259994355
5,2,156,98,0,19.0,14,1.21,404.01,5.16,0,0.3488300432307673
4,5,277,559,2,0.0,13,5.28,89.1,999.0,0,0.6040138622950546
6,7,236,36,0,0.82,5,2.95,98.0,43.82,0,0.21588678275562567
7,1,292,502,2,16.5,15,3.37,110.66,30.42,0,0.4366884550971253
4,7,303,386,2,15.42,9,1.92,36.33,25.03,0,0.4034142142488344
5,5,380,597,2,0.67,12,0.58,220.18,887.74,0,0.5095199178656638
5,0,339,250,0,6.19,2,5.46,57.99,40.39,0,0.07058949474794085
5,2,11,551,2,8.15,13,3.41,542.82,67.58,1,0.7419942662302276
7,0,163,386,2,14.26,3,4.85,78.03,27.07,0,0.28701335543922335
5,7,258,347,2,4.17,11,5.82,137.02,83.3,0,0.5062533040469892
1,3,148,271,2,1.19,7,3.75,575.61,228.06,0,0.4401248211659672
1,5,140,68,0,14.16,13,1.26,481.48,4.8,0,0.36818441762662435
4,4,222,552,2,7.83,12,1.51,318.91,70.46,0,0.5105872298152228
2,0,322,528,2,21.57,6,3.96,497.87,24.48,0,0.41457235926445896
4,6,290,61,0,13.06,14,0.89,107.27,4.67,0,0.3767783110899766
4,6,211,326,2,0.0,6,5.08,174.82,999.0,0,0.45644535164181227
2,4,352,241,0,0.0,4,1.15,162.44,999.0,0,0.31726745889533214
7,7,287,446,2,0.0,6,0.96,99.13,999.0,0,0.4547615844406896
4,2,330,43,0,24.09,0,0.33,539.97,1.78,0,0.03439002741792658
4,1,209,372,2,0.0,12,5.66,440.06,999.0,0,0.5668672182286153
1,1,268,594,2,23.74,15,5.31,158.08,25.02,0,0.44467322001444476
5,5,300,399,2,0.0,13,1.31,81.95,999.0,0,0.575693036588958
4,7,210,260,2,0.0,15,3.2,425.78,999.0,0,0.5635553616134732
6,7,350,252,2,0.0,11,2.85,233.29,999.0,0,0.5869805678913661
0,0,354,245,0,6.32,9,3.83,426.36,38.74,0,0.366378851841912
1,3,227,397,2,0.2,8,1.81,563.07,2018.79,0,0.47680015143942284
4,3,83,449,2,15.78,1,1.64,66.45,28.45,0,0.23553480184718556
7,7,378,422,2,23.16,13,5.26,495.74,18.22,0,0.5289281038883418
4,1,181,430,2,15.05,14,4.17,461.95,28.57,0,0.506964735664361
2,7,329,139,0,0.0,9,1.88,67.69,999.0,0,0.37693869273329106
2,6,164,462,2,0.0,8,1.04,363.95,999.0,0,0.5253096522684652
4,3,44,424,2,9.19,12,5.67,532.92,46.14,0,0.45693845601743577
0,3,46,473,2,0.0,1,2.41,268.76,999.0,0,0.29321893359653767
1,5,88,580,2,2.93,14,4.96,306.61,197.7,0,0.45693807397505376
3,3,137,294,2,18.66,4,2.59,139.83,15.75,0,0.26386799174118714
4,3,215,184,0,0.0,0,1.74,171.84,999.0,0,0.1641216288068682
3,5,299,469,2,2.14,4,5.23,585.15,218.8,0,0.2857065658749811
3,6,363,433,2,18.4,2,0.57,54.08,23.53,0,0.23107644356822787
3,7,182,46,0,0.13,9,5.87,409.33,343.22,0,0.2738685904455702
0,2,134,173,0,12.59,14,0.79,204.04,13.74,0,0.36199016802337797
2,4,60,320,2,0.0,15,5.23,504.19,999.0,0,0.6397388041263152
6,4,135,270,2,12.92,5,1.89,596.85,20.89,0,0.3616410496384359
2,7,28,193,0,0.0,5,0.22,170.93,999.0,1,0.646108603948329
6,1,254,41,0,11.04,14,2.96,510.59,3.71,0,0.3940255160463336
1,5,48,208,0,0.0,5,4.5,497.09,999.0,0,0.31758968671342247
3,0,270,584,2,0.0,7,4.61,412.61,999.0,0,0.560484123762242
0,4,349,124,0,0.0,10,0.92,67.02,999.0,0,0.49277779458459403
7,7,322,275,2,0.0,10,5.82,400.58,999.0,0,0.6641075162170249
5,2,109,49,0,20.04,10,4.79,451.4,2.45,0,0.3556587466167511
6,1,205,261,2,4.45,2,0.12,140.77,58.65,0,0.2556974595857867
6,4,332,157,0,3.02,13,4.42,554.59,52.07,0,0.39844811262335944
2,5,341,98,0,0.0,15,2.67,245.09,999.0,0,0.4222175284293804
6,1,388,432,2,0.0,13,3.78,73.91,999.0,0,0.6116009751037462
7,3,332,158,0,0.0,9,2.81,65.93,999.0,0,0.4741853630640609
4,2,66,307,2,21.04,9,3.41,339.58,14.59,0,0.5080762415335431
1,6,212,96,0,11.62,11,1.53,67.43,8.26,0,0.35041334809327307
1,7,92,186,0,0.0,2,2.5,428.54,999.0,0,0.1916735626940802
7,7,320,271,2,0.0,6,1.11,453.28,999.0,0,0.49448634480773
1,6,274,18,1,0.0,0,1.03,296.73,999.0,0,0.15301674759843192
7,4,317,369,2,17.27,9,0.53,98.37,21.37,0,0.43986381864106683
0,3,14,214,0,0.0,7,2.61,383.11,999.0,1,0.6888013843940937
3,1,155,474,2,3.7,0,0.7,543.4,127.96,0,0.21070362511609836
7,7,242,20,1,0.0,6,1.77,501.08,999.0,0,0.30900800721429783
5,0,53,442,2,24.49,9,0.22,251.81,18.05,0,0.4907185549879488
7,3,366,62,0,13.21,10,3.32,175.35,4.69,0,0.3677960342918075
7,1,254,355,2,11.21,0,0.97,441.2,31.67,0,0.16758882770045924
7,3,260,224,0,14.69,14,0.79,190.17,15.25,0,0.38388816621067323
6,5,242,165,0,15.55,2,4.0,94.88,10.61,0,0.05793810673622557
7,1,213,505,2,0.0,1,6.0,228.1,999.0,0,0.29329696103070135
2,2,258,32,0,20.17,13,0.68,151.48,1.59,0,0.3700851434370605
7,4,175,363,2,19.23,4,5.12,526.74,18.87,0,0.310514738145011
1,0,225,468,2,0.0,3,4.69,373.6,999.0,0,0.4290064892298432
1,0,260,107,0,0.0,6,5.47,111.08,999.0,0,0.29705475852623286
7,7,376,101,0,3.86,10,4.91,91.33,26.18,0,0.3142268396369592
6,0,126,485,2,0.0,2,1.6,434.82,999.0,0,0.34380103286562275
3,2,386,542,2,0.0,4,4.81,259.78,999.0,0,0.40711711832708
7,5,16,453,2,0.0,2,0.51,202.59,999.0,1,0.7114866194389152
2,6,32,402,2,0.0,1,5.87,588.43,999.0,0,0.3578884918633357
4,6,206,566,2,21.84,11,0.05,182.27,25.92,0,0.5314384722319787
2,6,229,210,0,22.19,11,5.33,473.31,9.46,0,0.33854068467801834
3,4,44,37,0,13.44,4,3.12,333.66,2.75,0,0.12364814188434442
4,5,388,163,0,0.59,7,4.99,196.29,278.37,0,0.2647295060041142
1,0,191,265,2,15.67,3,0.29,397.56,16.91,0,0.24951408714260193
4,0,233,347,2,0.0,11,1.8,406.81,999.0,0,0.6478095078899155
2,6,267,253,2,0.0,11,2.73,105.0,999.0,0,0.6010830558792689
6,1,48,63,0,0.0,15,1.29,65.28,999.0,0,0.47121869313084086
6,6,136,598,2,12.47,14,4.13,569.74,47.95,0,0.5178060352563314
6,2,74,517,2,3.18,4,5.81,317.65,162.68,0,0.3014969327909275
3,7,243,33,0,18.66,3,3.61,257.0,1.77,0,0.08050397137068446
4,0,268,156,0,2.94,11,1.82,301.84,53.0,0,0.38494444412845613
2,6,25,312,2,0.0,5,4.91,303.5,999.0,1,0.6846793486602939
5,1,23,427,2,12.03,14,5.4,473.18,35.5,1,0.7670273058126509
2,2,259,471,2,19.04,4,5.2,208.63,24.73,0,0.33397739454338293
6,6,120,404,2,0.0,14,4.42,394.63,999.0,0,0.653914428799404
0,4,288,126,0,0.0,6,5.73,334.26,999.0,0,0.35291381971795055
3,7,258,19,1,0.0,0,1.65,139.37,999.0,0,0.16956286612655314
7,1,274,328,2,0.0,15,5.17,33.49,999.0,0,0.6024420903746855
6,0,271,324,2,0.0,3,5.88,334.23,999.0,0,0.3602422069406816
2,4,394,91,0,3.86,5,0.35,577.45,23.6,0,0.17763564449389607
0,4,200,101,0,8.0,10,1.55,566.11,12.62,0,0.3979401804098185
0,3,123,600,2,5.91,3,1.62,204.64,101.48,0,0.2723745302621214
1,7,15,417,2,0.0,8,3.32,359.98,999.0,1,0.7781811299738135
2,4,291,416,2,0.0,4,2.24,591.48,999.0,0,0.45184283951982396
6,7,22,1,1,20.32,5,0.0,561.43,0.05,1,0.507732047575372
4,6,180,217,0,14.63,1,0.97,329.77,14.83,0,0.01165231313312573
1,6,358,125,0,20.76,13,1.27,312.8,6.02,0,0.3862467864021396
5,4,386,463,2,6.83,10,1.26,576.22,67.84,0,0.46941486926306003
2,0,312,487,2,0.0,5,2.48,539.26,999.0,0,0.474395961006561
6,1,333,79,0,13.47,3,2.12,491.41,5.87,0,0.1652960202109613
5,6,91,8,1,3.12,6,2.67,148.48,2.56,0,0.16437380035974472
4,5,99,92,0,20.41,7,1.41,306.41,4.51,0,0.23755990144919995
4,7,361,214,0,0.18,3,5.22,350.08,1199.65,0,0.14528135857326724
3,2,34,131,0,0.0,8,5.6,516.18,999.0,0,0.431720371177566
4,3,348,23,1,24.8,14,0.01,267.73,0.93,0,0.41030278271492726
0,5,222,416,2,6.85,15,2.17,460.23,60.72,0,0.5360562929998818
3,0,143,430,2,13.31,0,2.35,214.13,32.31,0,0.21561181506975258
0,3,354,433,2,0.0,6,0.99,200.27,999.0,0,0.49764378437415846
1,0,246,442,2,20.2,8,1.48,294.67,21.88,0,0.4810563189454097
0,5,267,242,0,23.59,3,3.75,355.78,10.26,0,0.07626416388856672
0,0,194,320,2,0.0,4,0.37,485.38,999.0,0,0.3896941235630866
6,1,53,57,0,13.98,12,2.41,378.04,4.08,0,0.3393329604564118
0,7,197,475,2,0.0,10,3.91,411.95,999.0,0,0.55311664949722
5,3,56,105,0,0.0,6,5.43,93.07,999.0,0,0.32306776081587624
5,6,247,455,2,0.0,1,0.36,200.77,999.0,0,0.3397838914910832
5,4,299,554,2,0.0,15,1.85,218.88,999.0,0,0.5942595994206706
0,2,30,243,0,0.0,13,2.06,586.38,999.0,0,0.486866575099677
3,1,175,193,0,16.7,10,5.11,348.34,11.56,0,0.3302792581463782
4,6,169,166,0,0.0,15,1.32,22.14,999.0,0,0.4367630106448119
3,7,320,218,0,5.98,12,1.23,126.86,36.48,0,0.4087853652298975
5,0,38,366,2,0.0,4,1.74,132.75,999.0,0,0.4282823670918126
5,0,16,203,0,0.0,7,5.31,436.93,999.0,1,0.6347780991621621
3,2,101,22,1,4.4,3,0.13,412.92,5.0,0,0.1464322284388343
1,5,108,312,2,11.41,11,3.97,565.87,27.36,0,0.5472522215238418
6,1,61,147,0,0.0,6,1.15,239.35,999.0,0,0.30691063623245207
6,3,24,193,0,21.36,4,1.97,50.89,9.04,1,0.47347343040711287
2,7,108,83,0,0.0,5,3.05,455.76,999.0,0,0.30740858771008517
5,7,266,475,2,4.47,15,4.29,306.98,106.15,0,0.46220025501953366
6,0,107,224,0,22.37,7,2.38,197.48,10.01,0,0.3006450715456155
2,5,131,563,2,0.0,9,2.67,223.91,999.0,0,0.5880754669676509
7,5,219,461,2,11.69,11,4.83,203.87,39.44,0,0.47588451119487124
2,7,120,271,2,16.13,2,1.77,311.02,16.8,0,0.23959822676508524
1,4,117,100,0,2.96,1,3.28,213.58,33.73,0,0.08301287901035663
4,4,382,281,2,0.0,8,0.05,193.7,999.0,0,0.6226289318857909
6,6,297,12,1,0.0,12,1.37,439.53,999.0,0,0.41518500251272755
3,7,370,472,2,0.0,10,5.07,268.7,999.0,0,0.6630315733235549
6,3,225,460,2,0.0,11,0.83,526.78,999.0,0,0.5933205781474743
0,7,338,363,2,8.5,13,4.11,253.95,42.73,0,0.5234372085546123
4,5,301,23,1,0.0,4,0.92,572.53,999.0,0,0.24074416590962192
6,6,105,400,2,1.59,6,2.85,210.73,251.14,0,0.43743257753688275
4,1,88,106,0,0.0,1,4.96,369.95,999.0,0,0.10522062062027346
3,1,198,290,2,5.15,2,2.73,233.82,56.34,0,0.1753256506667963
5,6,201,160,0,0.0,13,2.87,59.88,999.0,0,0.5246116118761189
3,2,106,317,2,10.81,5,3.62,564.71,29.34,0,0.3404990344074126
7,4,104,7,1,24.78,2,4.95,370.81,0.28,0,0.06362081479357765
5,7,236,473,2,0.0,9,3.88,552.96,999.0,0,0.5596138208213299
4,6,314,179,0,0.0,13,2.75,548.28,999.0,0,0.4320133182691234
1,6,358,44,0,0.0,8,5.3,331.89,999.0,0,0.4059988328662184
1,3,253,421,2,0.0,11,0.46,81.03,999.0,0,0.6636166169661732
5,6,231,168,0,0.0,14,0.16,390.54,999.0,0,0.5246623569160805
7,6,176,408,2,21.39,1,0.06,86.52,19.07,0,0.2894794703441284
5,7,249,472,2,0.0,14,0.84,495.85,999.0,0,0.6573261215267697
2,0,311,102,0,0.0,12,1.01,409.41,999.0,0,0.3913452741599528
4,2,226,366,2,0.0,6,2.65,47.7,999.0,0,0.49817484940127593
1,6,354,315,2,0.0,1,4.63,464.93,999.0,0,0.3734584662762581
5,3,103,93,0,0.0,0,2.02,131.45,999.0,0,0.15027393465921712
3,1,341,171,0,0.0,13,3.08,493.06,999.0,0,0.44872154911940165
3,3,278,404,2,0.0,7,1.28,226.81,999.0,0,0.4748345869317602
6,5,7,398,2,0.0,2,3.95,181.51,999.0,1,0.6488691273054301
0,1,112,420,2,7.54,3,4.28,478.93,55.72,0,0.3166668691490278
2,4,49,332,2,24.54,4,1.99,388.51,13.53,0,0.34407604386296137
5,7,35,343,2,0.44,12,3.07,450.25,777.39,0,0.5104104053266065
0,3,11,127,0,7.72,7,3.72,54.76,16.45,1,0.5189428354192315
4,3,78,384,2,0.0,7,5.54,366.88,999.0,0,0.5675051796827253
5,2,143,325,2,0.0,13,3.89,187.3,999.0,0,0.5528431998750657
5,5,125,210,0,0.0,7,3.65,241.26,999.0,0,0.3525964389296283
7,0,34,503,2,0.0,1,3.81,102.09,999.0,0,0.28650640153189993
1,2,304,562,2,0.0,7,3.04,267.22,999.0,0,0.5100489097042051
2,3,126,434,2,0.0,9,1.71,280.0,999.0,0,0.594272452653707
4,7,41,368,2,0.0,15,2.65,313.07,999.0,0,0.6381913725436602
2,7,11,390,2,0.0,9,3.57,108.62,999.0,1,0.885197788216799
4,6,238,313,2,11.34,15,0.43,99.26,27.6,0,0.5090455018245407
2,3,3,13,1,21.54,15,2.43,261.18,0.6,1,0.6173579638932579
5,6,251,315,2,0.0,13,5.31,595.63,999.0,0,0.5649373010261292
2,3,391,446,2,23.93,15,3.81,233.54,18.64,0,0.43692455409548253
6,6,377,252,2,0.0,11,3.79,412.33,999.0,0,0.6336965706935604
2,4,310,466,2,0.0,8,1.48,355.44,999.0,0,0.5655125599278652
2,0,60,94,0,16.11,12,4.24,585.0,5.83,0,0.29964179800618024
3,6,85,437,2,6.32,12,3.52,445.68,69.13,0,0.5202954702464346
1,1,326,586,2,19.42,4,1.61,141.52,30.18,0,0.32779483014163696
4,0,87,503,2,0.0,13,3.15,399.62,999.0,0,0.637965068308368
2,2,192,190,0,0.0,15,1.09,570.12,999.0,0,0.4640792941156853
3,2,103,60,0,0.0,8,5.9,525.54,999.0,0,0.37888765397087104
1,2,41,300,2,0.0,8,0.39,37.21,999.0,0,0.5387506304922045
7,1,5,62,0,0.0,1,0.58,322.95,999.0,1,0.3996293906153999
4,7,243,345,2,15.11,11,4.09,218.98,22.83,0,0.46782685650901246
3,5,341,408,2,0.0,11,5.24,487.64,999.0,0,0.5503701595576875
6,2,14,125,0,21.73,7,2.21,378.64,5.75,1,0.5530651326207994
7,6,339,192,0,0.08,0,3.8,526.59,2454.37,0,0.106351709193788
5,7,120,496,2,0.0,11,2.57,560.26,999.0,0,0.6617013405049937
1,6,151,199,0,0.0,4,2.99,70.51,999.0,0,0.31788249332284524
7,2,229,118,0,0.0,7,1.27,456.89,999.0,0,0.3731694122850081
1,1,223,29,0,4.01,12,4.6,147.82,7.24,0,0.3209154251211279
7,1,341,139,0,23.07,2,4.77,213.02,6.03,0,0.06085674601654406
1,5,194,390,2,16.35,7,1.34,87.1,23.86,0,0.34452164087717163
1,5,380,192,0,0.0,11,0.76,201.76,999.0,0,0.46504322100006595
0,4,32,548,2,4.75,13,1.92,231.71,115.45,0,0.511516260445647
2,3,55,404,2,0.23,10,0.87,566.88,1758.72,0,0.5557378097652867
7,7,76,290,2,0.0,10,1.85,594.39,999.0,0,0.5648156815231912
7,3,254,298,2,17.6,1,5.89,213.22,16.93,0,0.24134616331765024
3,3,359,53,0,0.0,15,4.36,193.48,999.0,0,0.48780145942501746
2,0,281,401,2,8.44,11,4.55,246.82,47.54,0,0.49334133213170284
4,4,357,199,0,17.53,3,0.79,456.31,11.35,0,0.14422987754853211
0,4,235,167,0,14.43,15,1.75,104.0,11.57,0,0.31617637676390264
3,0,186,589,2,0.0,12,5.7,267.72,999.0,0,0.6509992109253016
0,1,183,485,2,0.0,3,5.88,397.06,999.0,0,0.39720708683176764
2,6,126,34,0,2.97,15,1.82,365.77,11.45,0,0.3106984403605434
6,1,399,474,2,21.62,8,3.79,278.17,21.92,0,0.3673922901034359
1,1,63,500,2,0.0,0,3.52,592.66,999.0,0,0.2875398039284869
1,2,197,495,2,25.0,9,3.43,77.68,19.8,0,0.4056197961393907
2,6,359,20,1,9.84,2,3.11,359.14,2.03,0,0.1196498949100026
1,3,338,120,0,0.0,0,3.33,484.3,999.0,0,0.084765436386296
2,3,335,165,0,2.2,1,0.51,92.34,75.15,0,0.057522871974440906
2,6,337,0,1,0.0,9,3.95,278.05,999.0,0,0.42724857630471247
5,5,311,551,2,0.0,1,1.42,129.08,999.0,0,0.2979651075506973
3,2,309,565,2,5.4,8,0.77,380.94,104.61,0,0.38408505155888784
4,4,196,167,0,0.0,8,4.06,565.32,999.0,0,0.3631892740153411
3,1,323,275,2,0.0,11,3.38,395.71,999.0,0,0.6113712933107716
2,6,79,323,2,24.81,12,0.16,370.09,13.02,0,0.47308458448239255
1,1,351,561,2,10.17,2,2.18,213.44,55.16,0,0.2067903602835503
3,4,6,100,0,0.0,12,5.71,473.99,999.0,1,0.6848204191110117
4,7,49,541,2,8.72,8,3.64,540.01,62.02,0,0.386489689992067
6,2,177,544,2,13.79,15,3.55,170.26,39.44,0,0.5123990018787075
2,2,74,387,2,14.19,1,5.51,390.73,27.27,0,0.18641808376386979
3,6,362,468,2,4.58,14,3.01,179.98,102.24,0,0.48133180992656466
3,4,326,89,0,23.69,10,5.07,388.11,3.76,0,0.2992031854956922
3,1,85,589,2,1.44,15,4.85,26.2,410.37,0,0.5638076023077818
2,7,255,527,2,0.0,12,0.08,130.31,999.0,0,0.6864316274345017
0,6,360,547,2,0.0,1,3.64,579.5,999.0,0,0.3429426602097023
3,2,39,375,2,20.99,1,2.54,239.87,17.87,0,0.18679404387151755
1,5,348,255,2,0.0,9,1.8,190.26,999.0,0,0.5435679133554409
6,3,157,527,2,0.0,14,5.35,512.04,999.0,0,0.5568996074996091
0,7,169,305,2,0.0,11,5.34,127.97,999.0,0,0.5925438788612458
1,6,252,202,0,0.0,13,0.74,302.7,999.0,0,0.43895341242244484
4,3,241,404,2,9.36,13,5.35,331.13,43.17,0,0.46233780095758586
7,7,83,143,0,8.84,0,2.16,524.9,16.17,0,0.0
3,4,21,136,0,9.86,1,0.96,135.42,13.79,1,0.3410403979664647
4,1,216,500,2,0.0,10,4.51,472.6,999.0,0,0.5979851229505466
6,2,57,110,0,0.0,4,2.06,27.92,999.0,0,0.2801325196950182
0,5,220,8,1,10.86,9,2.92,461.32,0.74,0,0.2877296759047626
2,2,128,287,2,19.17,7,4.0,268.91,14.97,0,0.3908671393750258
1,2,97,152,0,0.0,12,0.23,594.43,999.0,0,0.5522838562117389
6,0,316,204,0,0.0,12,2.44,197.74,999.0,0,0.4859971970142045
3,3,173,436,2,11.98,1,1.83,176.16,36.39,0,0.17566671288877614
5,6,127,327,2,0.0,1,0.0,403.05,999.0,0,0.34046813002918636
4,7,144,103,0,10.77,15,2.18,196.53,9.56,0,0.3016264665147193
0,2,170,369,2,18.53,11,1.43,180.05,19.91,0,0.500119265959307
1,1,67,123,0,0.0,6,4.23,556.79,999.0,0,0.27098555213971554
5,4,372,485,2,0.0,4,0.26,131.19,999.0,0,0.45354481636518773
4,5,188,459,2,0.0,13,0.41,263.02,999.0,0,0.6855098402382163
0,2,307,280,2,0.0,9,0.27,348.38,999.0,0,0.6424199914284363
3,6,254,545,2,0.0,5,2.63,315.38,999.0,0,0.4574998308235755
6,6,311,278,2,0.0,5,3.43,363.43,999.0,0,0.39106335897370137
7,4,156,225,0,7.41,3,1.03,46.46,30.37,0,0.09458601298198994
0,2,143,136,0,0.0,7,5.94,141.78,999.0,0,0.3079421805751919
5,5,167,85,0,23.66,4,2.45,374.66,3.59,0,0.136956216858561
0,0,183,224,0,18.26,5,1.54,29.07,12.27,0,0.2088781112242601
1,6,335,263,2,0.0,14,1.32,175.9,999.0,0,0.6197996559409504
6,2,229,237,0,18.25,11,0.89,297.82,12.99,0,0.35391513560161936
7,2,91,193,0,0.0,9,0.13,114.49,999.0,0,0.43427675938354027
6,3,36,146,0,0.0,14,5.45,582.82,999.0,0,0.40202805583862083
2,0,309,102,0,0.0,3,4.96,462.8,999.0,0,0.24333785355211296
0,2,128,85,0,0.0,0,5.75,81.68,999.0,0,0.15833578123294295
5,1,104,142,0,12.01,5,1.84,297.77,11.82,0,0.15925706302154854
4,1,11,45,0,2.57,3,3.07,505.16,17.51,1,0.3630202031742428
3,0,117,437,2,9.63,9,1.36,529.81,45.36,0,0.44416925688394876
1,7,87,112,0,5.61,11,0.46,213.56,19.95,0,0.35494963528984136
1,0,310,154,0,4.45,5,4.08,107.13,34.59,0,0.21007280619784657
4,4,179,106,0,6.78,11,5.6,490.22,15.64,0,0.37535680186630804
1,0,77,150,0,8.01,14,4.33,475.62,18.74,0,0.3474118415844289
1,1,296,437,2,23.99,4,0.54,596.97,18.22,0,0.2781173959267992
6,5,164,506,2,10.6,10,0.83,567.54,47.75,0,0.5474194818511244
6,6,282,509,2,13.47,7,2.31,356.96,37.79,0,0.38462089132691557
3,1,121,370,2,0.0,11,3.35,575.42,999.0,0,0.6605084920914378
0,5,185,142,0,0.0,13,1.45,500.14,999.0,0,0.39670387990504086
2,1,357,146,0,0.0,13,2.23,426.81,999.0,0,0.46952967844749127
1,7,305,161,0,0.75,4,0.47,64.7,213.35,0,0.20734358835903677
6,2,392,186,0,0.0,9,2.82,439.08,999.0,0,0.43127683637863123
0,4,57,159,0,0.0,5,3.02,26.3,999.0,0,0.3499216113301702
7,4,293,513,2,0.0,13,5.59,177.66,999.0,0,0.5610323830141136
6,2,381,216,0,0.0,7,2.35,497.05,999.0,0,0.4311184872620949
1,7,245,320,2,16.32,12,0.99,485.94,19.61,0,0.5080398171975123
3,4,56,106,0,1.95,0,1.44,114.4,54.49,0,0.0
3,0,388,316,2,0.0,1,1.44,69.32,999.0,0,0.33041473302077967
0,7,24,49,0,7.86,0,5.88,455.97,6.23,1,0.36504868274760527
3,5,385,400,2,0.0,3,1.99,539.98,999.0,0,0.38642940834254286
2,0,301,391,2,0.0,9,0.97,415.78,999.0,0,0.5287568224508717
1,3,111,144,0,0.0,10,2.68,96.09,999.0,0,0.42490099074868826
6,0,365,396,2,0.0,4,3.4,596.75,999.0,0,0.3696887251776992
0,2,393,316,2,0.0,15,0.56,201.96,999.0,0,0.6794993579858475
2,1,144,590,2,0.0,2,1.08,467.73,999.0,0,0.3249532919402212
7,4,391,452,2,0.0,3,5.83,303.19,999.0,0,0.3696166532567173
4,6,210,132,0,11.02,11,0.5,259.65,11.98,0,0.3639733411953678
0,0,380,250,0,0.0,4,5.12,188.58,999.0,0,0.2369846964807514
6,1,115,397,2,0.0,11,2.8,392.64,999.0,0,0.6580151818558184
7,1,44,184,0,18.29,13,1.2,210.66,10.06,0,0.32807418347217754
7,3,360,487,2,2.86,1,3.27,570.15,170.39,0,0.1594616560103444
3,5,291,32,0,24.7,1,5.62,229.67,1.3,0,0.05361316869726254
7,3,28,216,0,21.7,8,1.51,122.14,9.95,1,0.523008547248774
4,6,42,305,2,21.84,13,3.15,408.39,13.96,0,0.46113366709716164
0,1,220,350,2,24.08,5,1.19,566.33,14.53,0,0.3277950306017692
2,6,182,584,2,0.0,6,0.47,407.42,999.0,0,0.5173073936991421
5,5,8,154,0,0.0,15,5.19,85.89,999.0,1,0.8063971349662054
6,4,267,3,1,0.0,14,3.83,355.46,999.0,0,0.39437831659789924
3,6,357,559,2,19.36,6,2.09,572.38,28.87,0,0.4186093406197085
0,5,187,16,1,7.55,3,4.2,396.37,2.12,0,0.1207196982032541
6,5,181,555,2,10.65,3,5.56,286.12,52.13,0,0.2507745783718483
2,6,196,291,2,21.13,9,4.21,563.98,13.77,0,0.5067059320721007
1,1,54,91,0,16.24,3,2.98,456.0,5.6,0,0.17726746911829744
1,7,258,595,2,20.15,13,1.27,470.59,29.53,0,0.49619054947592
1,3,241,127,0,8.77,13,5.45,394.02,14.49,0,0.38415622032387825
6,0,192,229,0,12.69,8,1.84,543.55,18.05,0,0.3351205251944511
3,0,213,33,0,0.0,11,5.04,321.0,999.0,0,0.47894945168490316
5,5,88,585,2,0.0,12,1.16,393.77,999.0,0,0.6494259879454204
6,2,326,399,2,0.0,12,5.43,320.02,999.0,0,0.6024881904402103
1,2,259,121,0,15.79,8,5.02,112.25,7.67,0,0.2646885558400416
1,1,14,447,2,0.0,0,3.71,335.33,999.0,1,0.6266879860270971
6,0,381,133,0,24.59,5,1.44,540.79,5.41,0,0.16563070076152286
3,6,395,266,2,16.48,2,5.61,383.91,16.14,0,0.2506063883764725
1,1,236,125,0,2.68,8,5.37,73.81,46.7,0,0.2853094061416003
5,3,201,103,0,0.0,13,0.44,576.35,999.0,0,0.4214992894863439
6,6,161,461,2,0.0,9,0.06,123.63,999.0,0,0.6236415919875536
0,1,176,355,2,0.0,5,3.13,167.61,999.0,0,0.4045912333066869
0,0,266,524,2,0.0,11,0.69,145.84,999.0,0,0.6017555376959624
3,1,373,129,0,6.69,6,5.72,222.16,19.28,0,0.22817965369098592
4,7,382,507,2,10.9,6,1.5,134.77,46.51,0,0.4035242933219506
4,6,53,597,2,19.83,5,4.76,573.18,30.11,0,0.32853981474054306
7,6,306,278,2,0.0,12,2.58,348.94,999.0,0,0.5948752584140551
1,7,86,34,0,23.95,13,1.76,499.48,1.42,0,0.36741175647113744
5,6,16,117,0,4.5,13,4.75,227.49,26.01,1,0.5787168397443153
5,5,75,321,2,3.06,0,4.3,143.99,104.98,0,0.17809631031326006
5,3,288,67,0,0.0,6,0.62,181.27,999.0,0,0.3502476784208599
1,6,350,445,2,7.94,6,1.18,485.58,56.01,0,0.36183811621081097
4,6,62,127,0,11.32,12,1.42,32.34,11.22,0,0.29214035598367444
0,7,146,134,0,21.04,1,5.37,552.46,6.37,0,0.0066944293416051764
0,1,241,97,0,20.75,9,1.65,457.14,4.68,0,0.3060413211105173
5,7,314,48,0,9.83,15,5.09,580.95,4.88,0,0.30456955359257065
5,1,15,229,0,0.0,4,0.63,207.26,999.0,1,0.5952793028388972
6,3,88,90,0,4.78,0,5.6,523.45,18.83,0,0.0011625229269140967
0,1,25,311,2,1.88,12,1.62,118.8,165.77,1,0.7465315990896105
7,1,65,326,2,21.55,14,4.01,322.62,15.13,0,0.4588628136317891
7,7,144,329,2,19.32,7,0.55,464.4,17.03,0,0.4373339156703683
5,3,338,210,0,0.0,15,0.36,27.61,999.0,0,0.4614721933393473
6,3,250,107,0,8.51,9,4.25,400.07,12.57,0,0.3597368374805255
1,2,113,372,2,9.64,6,4.68,129.01,38.59,0,0.3353406121341234
2,4,296,104,0,0.0,3,1.44,538.58,999.0,0,0.18844357192524375
0,7,339,543,2,11.32,3,5.56,68.76,47.99,0,0.25777683640605153
2,6,258,441,2,0.0,14,1.64,76.73,999.0,0,0.6278346097909115
6,3,151,193,0,10.07,15,3.11,83.33,19.17,0,0.2959845739421351
3,1,113,117,0,0.0,8,1.43,328.64,999.0,0,0.359055137300311
6,6,202,103,0,5.5,15,1.23,475.72,18.74,0,0.33171597358903215
4,4,376,3,1,2.36,9,5.12,419.0,1.27,0,0.27842790888110924
1,2,96,340,2,0.0,0,4.0,268.2,999.0,0,0.2324992217220501
4,1,88,9,1,14.85,0,2.93,163.56,0.61,0,0.0
0,4,117,537,2,0.0,3,0.6,486.26,999.0,0,0.38228309086866247
7,5,280,263,2,16.59,11,2.75,500.09,15.86,0,0.466136083939812
5,7,58,276,2,0.0,4,5.87,516.63,999.0,0,0.4371240295714919
2,5,255,31,0,6.11,11,1.24,71.78,5.07,0,0.4004776706887612
6,1,141,557,2,22.48,5,1.59,413.86,24.78,0,0.37655938833760827
6,6,142,316,2,4.76,3,2.6,283.92,66.33,0,0.3221783642702033
5,4,57,8,1,0.0,14,4.09,323.45,999.0,0,0.4247738131497458
2,4,250,295,2,1.62,0,2.72,146.05,182.62,0,0.22905647211647476
1,0,251,313,2,0.13,0,0.3,99.88,2459.61,0,0.26347016046678895
2,1,366,277,2,0.0,13,3.51,66.82,999.0,0,0.5762629318524629
7,5,128,395,2,0.0,8,5.52,366.28,999.0,0,0.5067962363039622
6,5,297,142,0,0.0,8,0.81,341.48,999.0,0,0.36956169146809414
1,4,291,472,2,13.65,13,0.58,325.41,34.59,0,0.5302458548868066
5,7,182,437,2,11.66,14,0.17,344.17,37.47,0,0.5782575052454946
6,1,387,143,0,15.38,7,3.48,236.4,9.3,0,0.26850676906997223
4,0,387,402,2,0.0,14,4.84,527.45,999.0,0,0.6052264903538209
0,1,29,276,2,0.0,10,3.57,496.73,999.0,1,0.8978532080186616
5,0,63,598,2,0.0,6,3.1,345.99,999.0,0,0.5380734154242021
2,3,346,158,0,7.52,0,4.83,381.73,21.0,0,0.0
1,0,79,123,0,0.0,6,0.62,34.3,999.0,0,0.3378308546212295
6,0,63,307,2,0.0,7,5.05,337.1,999.0,0,0.552602375041926
7,1,222,149,0,0.0,4,4.91,401.33,999.0,0,0.2184930590196088
3,7,246,296,2,0.0,15,2.2,179.61,999.0,0,0.5962984946647162
1,7,214,435,2,3.7,14,0.72,245.87,117.44,0,0.5108342094788045
0,7,22,363,2,24.07,14,1.66,589.42,15.08,1,0.7529297195380673
3,5,362,537,2,0.0,5,3.94,224.08,999.0,0,0.4763050930766593
5,7,367,143,0,6.96,12,0.41,506.81,20.55,0,0.371678933093729
7,2,295,519,2,19.38,4,4.19,361.53,26.77,0,0.30768696625360425
6,1,24,30,0,0.0,7,0.58,81.61,999.0,1,0.7029383632082942
7,5,390,237,0,0.0,3,5.4,120.92,999.0,0,0.2930967421389372
6,1,32,256,2,0.0,14,4.58,371.79,999.0,0,0.6508815226222212
2,5,56,460,2,0.0,6,1.51,273.76,999.0,0,0.45633071991100593
3,2,223,541,2,0.0,2,3.49,384.89,999.0,0,0.37423898997563676
3,0,72,5,1,8.99,2,2.04,415.77,0.56,0,0.1489292337098615
7,3,107,584,2,20.69,11,3.71,344.04,28.23,0,0.44654482436322795
1,7,219,385,2,0.0,4,4.69,192.97,999.0,0,0.37215129944566994
3,0,308,553,2,0.0,9,5.53,165.8,999.0,0,0.6023927976708757
1,2,148,76,0,0.0,9,2.4,52.86,999.0,0,0.4417021489964203
1,7,135,30,0,0.81,8,1.2,535.06,37.18,0,0.23312703627880393
3,5,388,63,0,0.0,1,2.08,61.04,999.0,0,0.15194882100654927
1,7,67,277,2,0.0,1,2.98,150.64,999.0,0,0.30403092196421233
7,4,117,21,1,0.0,6,3.21,518.97,999.0,0,0.3438329459580139
0,7,27,396,2,0.0,13,4.21,338.74,999.0,1,0.8438699839454468
1,5,181,198,0,0.0,7,1.39,361.4,999.0,0,0.34125510634159933
0,0,369,255,2,0.0,1,0.76,124.74,999.0,0,0.27683451673717574
5,3,150,132,0,15.15,3,3.94,64.3,8.71,0,0.178604417094868
3,7,362,365,2,0.0,14,4.28,566.03,999.0,0,0.6436250086588315
4,3,270,273,2,0.0,1,2.08,258.28,999.0,0,0.3760676149325417
7,4,41,208,0,0.0,9,4.45,142.25,999.0,0,0.4226867982073821
2,0,121,450,2,16.25,3,0.13,505.07,27.7,0,0.2733263126136235
6,4,44,61,0,6.98,15,0.11,241.9,8.74,0,0.37875873355764444
3,3,195,188,0,0.0,9,0.19,462.54,999.0,0,0.522953402825797
5,4,386,221,0,18.93,13,5.19,473.92,11.67,0,0.40142797714657885
0,1,284,397,2,23.81,14,2.54,437.15,16.67,0,0.5222814820875938
4,2,196,478,2,0.0,4,5.45,182.81,999.0,0,0.4399118478455847
4,1,128,555,2,7.4,1,3.69,229.78,75.04,0,0.2211075932239115
0,1,158,582,2,16.52,5,2.66,30.01,35.23,0,0.2710644842384215
0,5,246,569,2,0.0,2,1.66,373.99,999.0,0,0.3316831841051221
1,7,93,264,2,19.15,8,5.21,93.79,13.79,0,0.44164058140620177
2,0,120,117,0,0.0,14,3.48,44.33,999.0,0,0.4760829236161283
0,4,132,16,1,16.96,1,3.6,222.84,0.94,0,0.011297497129682844
7,1,262,79,0,5.92,11,4.97,414.99,13.33,0,0.2985671809094134
6,4,74,25,0,8.16,10,5.85,540.49,3.06,0,0.3349658728873894
4,0,83,377,2,0.0,0,0.64,142.66,999.0,0,0.28207698699181066
5,3,194,596,2,0.0,12,4.58,396.54,999.0,0,0.6646215218996806
3,6,276,124,0,0.0,15,3.96,321.79,999.0,0,0.4280327227138126
3,4,125,336,2,6.08,7,2.73,453.95,55.29,0,0.34785003032661066
3,7,376,419,2,9.05,2,5.49,398.93,46.31,0,0.24662623002858447
7,6,118,583,2,0.0,7,4.66,256.42,999.0,0,0.5241706403487051
2,4,147,349,2,0.0,13,2.53,590.28,999.0,0,0.6191214100964667
3,2,233,15,1,4.17,8,4.59,432.6,3.6,0,0.28238323224442063
1,2,18,441,2,0.0,2,0.79,522.79,999.0,1,0.6924640991911173
6,5,66,411,2,0.0,9,0.71,540.51,999.0,0,0.6372353525725222
1,0,38,363,2,23.75,14,4.44,272.7,15.29,0,0.5209192077610845
2,2,371,521,2,0.0,11,4.04,283.05,999.0,0,0.5884524250971559
2,4,396,99,0,5.81,10,0.29,320.25,17.05,0,0.3814341298802783
6,4,166,393,2,0.0,4,0.25,568.13,999.0,0,0.4938218369137326
3,6,266,284,2,14.38,3,2.08,116.04,19.75,0,0.24054117948458956
7,7,115,173,0,7.21,3,5.55,406.53,23.99,0,0.08292037501571418
3,2,15,40,0,0.0,0,2.93,496.99,999.0,1,0.39434486705345595
4,6,375,455,2,13.02,9,5.51,435.43,34.94,0,0.5083020404381253
1,7,222,505,2,0.0,8,4.39,87.55,999.0,0,0.5284465395244727
1,3,373,76,0,8.18,8,2.72,446.6,9.29,0,0.30664977715347314
1,5,20,443,2,2.51,6,5.05,403.46,176.43,1,0.6873088238472469
0,0,126,140,0,0.0,6,1.59,107.83,999.0,0,0.35966426222363546
7,4,68,203,0,0.0,6,0.02,59.01,999.0,0,0.3881610088431057
3,2,20,428,2,17.2,7,3.83,300.86,24.88,1,0.6928329159805195
2,4,119,299,2,16.7,12,3.59,335.18,17.9,0,0.46545006641435616
3,1,387,294,2,10.49,10,1.48,266.42,28.03,0,0.4511433328372859
5,1,178,407,2,17.62,15,3.61,418.59,23.1,0,0.4334755056717368
4,3,210,62,0,14.06,8,4.05,258.51,4.41,0,0.32308366522963483
6,6,134,55,0,0.0,10,3.82,46.46,999.0,0,0.4437163615910514
3,2,275,211,0,0.0,10,0.78,333.07,999.0,0,0.5330217473318931
0,6,47,341,2,0.0,1,3.11,230.02,999.0,0,0.28581277768482327
2,6,368,234,0,0.0,11,1.99,145.06,999.0,0,0.49800012193504306
0,0,11,539,2,2.56,15,0.25,184.19,210.3,1,0.7427608831966945
3,0,140,126,0,20.32,12,0.79,449.5,6.2,0,0.3309134738672303
1,1,38,516,2,18.05,0,0.09,501.55,28.58,0,0.2190465951862967
2,1,377,400,2,4.86,10,2.55,451.22,82.35,0,0.4662584772175995
7,3,52,270,2,24.23,12,1.75,73.98,11.14,0,0.5460263595637656
4,7,146,546,2,12.66,0,5.96,441.98,43.11,0,0.22417488608307035
1,7,115,591,2,24.38,7,2.68,296.55,24.24,0,0.34707381419195404
4,5,74,85,0,0.0,6,5.19,304.09,999.0,0,0.29199628700365615
2,6,316,484,2,0.0,1,4.6,166.17,999.0,0,0.299374594873647
5,2,19,329,2,17.22,0,1.61,141.35,19.1,1,0.4574891395521425
7,7,161,241,0,8.05,2,5.53,266.91,29.95,0,0.04330053327293937
2,0,83,532,2,0.0,6,2.63,583.71,999.0,0,0.42668743373647583
6,7,88,537,2,12.18,12,0.06,88.2,44.09,0,0.5872672713107362
4,5,315,380,2,0.0,4,1.74,417.31,999.0,0,0.4543376473909615
5,4,242,473,2,5.27,4,0.99,434.75,89.83,0,0.29544727965688494
5,6,92,153,0,0.0,9,4.21,135.58,999.0,0,0.38926174140369735
7,5,49,62,0,0.0,2,2.1,344.31,999.0,0,0.16112354124631653
0,3,141,291,2,20.52,9,2.2,464.85,14.18,0,0.5101169503820683
3,1,304,156,0,0.0,8,1.07,346.92,999.0,0,0.36120449053962633
6,5,295,283,2,24.17,6,1.01,474.35,11.71,0,0.42069046707431385
1,2,74,168,0,0.0,10,0.47,582.51,999.0,0,0.44776800845843423
7,6,341,483,2,0.0,7,3.36,238.84,999.0,0,0.5002635830398601
7,5,160,534,2,0.0,6,5.73,568.38,999.0,0,0.5220325920680792
2,6,287,452,2,12.25,3,3.35,272.54,36.89,0,0.24778165868939078
0,5,239,354,2,0.0,6,2.29,123.82,999.0,0,0.5117154194075808
0,3,227,369,2,0.0,9,1.97,548.4,999.0,0,0.6278968520049099
0,4,18,281,2,16.04,1,5.97,428.47,17.52,1,0.45490085967654326
0,0,368,482,2,24.93,15,1.04,454.96,19.33,0,0.5077058193837878
1,0,190,29,0,0.0,5,5.23,96.36,999.0,0,0.28034870997136635
1,0,228,63,0,7.86,6,3.93,447.72,8.02,0,0.20191979852671044
5,2,301,375,2,12.91,13,5.03,408.39,29.05,0,0.43779458808267707
2,4,43,176,0,11.08,6,4.13,257.37,15.88,0,0.23823596526398816
0,4,141,574,2,8.77,14,3.41,423.85,65.47,0,0.49794271462882117
7,1,60,92,0,0.0,5,1.91,383.44,999.0,0,0.23241288462286228
2,0,112,383,2,0.0,9,5.02,392.54,999.0,0,0.6261775038223737
3,2,159,54,0,9.48,5,1.67,347.72,5.69,0,0.17967793276246818
3,4,103,181,0,24.48,14,1.59,304.13,7.39,0,0.35944353970612275
5,7,324,174,0,0.92,4,3.23,142.18,189.49,0,0.20226249602483515
5,4,107,350,2,17.49,2,3.08,142.22,20.01,0,0.20019059038253564
4,0,60,529,2,0.0,15,0.84,360.36,999.0,0,0.6011182620787104
6,0,166,107,0,0.0,5,2.53,214.13,999.0,0,0.30774575761227
1,2,184,313,2,0.0,0,2.63,377.64,999.0,0,0.30122897020813694
6,6,243,249,0,6.31,10,2.9,252.67,39.43,0,0.29481547621259
3,1,216,436,2,19.35,0,0.98,116.5,22.53,0,0.1467037000020026
3,2,67,341,2,0.0,2,1.86,464.18,999.0,0,0.3901787548775397
7,6,85,471,2,0.0,6,5.3,194.74,999.0,0,0.43164503245168356
3,3,224,92,0,0.0,11,0.03,112.41,999.0,0,0.44080286906610056
6,3,242,385,2,0.0,3,2.33,204.65,999.0,0,0.4382314877511796
6,5,145,434,2,0.0,11,2.93,449.45,999.0,0,0.6203714746477272
3,2,394,240,0,9.23,0,3.66,455.98,26.01,0,0.07975032008642223
3,2,256,192,0,1.11,13,0.56,242.76,173.57,0,0.34930099285829486
2,4,160,396,2,16.88,1,1.57,573.91,23.46,0,0.1635421546967711
6,1,239,84,0,0.0,12,4.82,27.09,999.0,0,0.4282830933887417
6,7,6,497,2,16.35,13,4.63,195.71,30.41,1,0.7410378859121188
1,7,258,381,2,19.53,11,0.67,123.73,19.51,0,0.4940865015632411
6,1,77,7,1,8.43,6,3.09,376.42,0.83,0,0.26666462325005774
6,0,238,288,2,1.0,14,2.2,535.72,289.12,0,0.532366516622272
4,6,173,303,2,0.0,8,1.07,226.99,999.0,0,0.48810227916845994
5,4,326,36,0,14.89,1,3.19,249.8,2.42,0,0.023028037742418225
1,2,373,148,0,15.82,8,2.07,285.66,9.35,0,0.30006893573173943
7,0,40,334,2,0.0,3,2.29,588.55,999.0,0,0.3354517838994617
4,6,206,22,1,4.6,2,5.02,271.39,4.78,0,0.04797105168728064
3,4,156,526,2,0.0,1,2.25,294.29,999.0,0,0.35328628546191304
6,4,383,190,0,0.0,12,5.46,413.36,999.0,0,0.4427215284154275
6,3,10,424,2,16.43,8,2.77,478.35,25.81,1,0.7221827999217744
1,3,116,18,1,0.0,2,3.67,442.34,999.0,0,0.20711793848303706
7,6,326,336,2,13.54,0,2.06,205.39,24.82,0,0.20871544430647765
2,7,381,510,2,0.0,12,1.53,38.71,999.0,0,0.652275001321417
1,7,288,353,2,2.08,9,1.75,202.9,169.93,0,0.4789401644474687
0,2,320,598,2,4.17,13,2.49,463.67,143.46,0,0.5201666089654181
4,7,121,384,2,0.0,12,3.64,512.81,999.0,0,0.56163757866241
3,3,57,584,2,0.0,12,3.3,224.17,999.0,0,0.5761303121610105
4,5,395,371,2,15.76,12,1.35,254.3,23.55,0,0.5208193821882432
4,7,81,181,0,0.0,10,4.58,400.59,999.0,0,0.49200221321637705
1,6,298,428,2,24.36,6,3.82,378.95,17.57,0,0.31862864501151983
1,6,12,332,2,0.0,15,4.11,572.07,999.0,1,0.8327263418522167
6,3,83,468,2,0.0,5,2.83,433.42,999.0,0,0.41397423624043844
2,4,34,31,0,5.18,14,1.47,369.88,5.99,0,0.40876559934784495
2,7,257,113,0,20.09,5,1.47,438.79,5.62,0,0.13838107258696852
0,6,267,481,2,0.0,13,5.75,532.35,999.0,0,0.6144809735902983
0,7,247,61,0,7.32,1,2.18,435.64,8.33,0,0.06338716396325962
7,6,64,106,0,3.65,3,4.33,232.55,29.04,0,0.14478443986758704
2,3,248,215,0,6.61,2,2.75,431.27,32.51,0,0.12430029676383296
4,5,152,455,2,8.27,8,3.41,364.77,55.04,0,0.45735872853400206
2,4,14,226,0,22.0,9,1.84,435.19,10.27,1,0.6061167915170443
4,7,366,450,2,0.0,4,0.88,189.55,999.0,0,0.4089409273049894
3,0,109,597,2,0.0,8,2.18,314.98,999.0,0,0.5904279071653941
6,7,317,174,0,0.0,10,3.14,239.23,999.0,0,0.5211298762129954
2,7,90,495,2,0.0,2,2.05,199.4,999.0,0,0.3209171987325745
4,1,333,201,0,8.91,0,5.04,510.53,22.55,0,0.06397049259038455
3,3,187,33,0,0.0,10,3.04,177.45,999.0,0,0.505398741544563
1,0,229,580,2,0.0,8,4.78,125.96,999.0,0,0.5983600125171011
3,3,354,467,2,4.44,8,0.55,130.21,105.28,0,0.48375687852315247
1,2,268,310,2,0.0,7,3.51,357.14,999.0,0,0.5097125551387104
0,5,325,74,0,0.0,14,0.5,134.49,999.0,0,0.47507156995293875
3,7,154,582,2,0.24,3,4.32,276.73,2424.37,0,0.30311528229248413
7,0,129,416,2,15.03,5,1.97,300.3,27.67,0,0.30405068452784634
4,4,273,254,2,8.53,14,0.67,458.84,29.78,0,0.4651088197825454
0,5,261,481,2,0.0,2,4.56,410.33,999.0,0,0.3053481571602482
7,5,327,551,2,0.0,3,4.58,143.67,999.0,0,0.38621356043700916
5,7,53,307,2,0.0,4,1.94,131.3,999.0,0,0.4055487984292011
2,2,313,160,0,8.14,13,4.68,176.24,19.65,0,0.4019412254657049
7,4,190,148,0,7.66,10,2.7,266.67,19.33,0,0.337225064721133
6,0,391,413,2,1.38,11,3.87,101.16,298.69,0,0.5048267660442429
4,0,361,207,0,5.22,9,5.0,33.73,39.69,0,0.30929980157994036
6,5,286,573,2,0.0,14,5.14,81.96,999.0,0,0.5791765378359717
5,7,370,481,2,0.0,12,4.13,547.15,999.0,0,0.6084449618308361
4,6,31,103,0,1.4,8,3.23,274.11,73.42,0,0.260108239511577
7,2,384,75,0,8.11,4,5.24,362.09,9.24,0,0.16689057445525612
1,7,126,335,2,14.32,9,4.14,101.47,23.4,0,0.49038870567202925
5,5,396,456,2,0.0,5,1.93,152.06,999.0,0,0.43346445530624284
3,4,131,23,1,3.51,13,2.38,302.09,6.56,0,0.2957637299582431
0,5,9,579,2,0.0,10,4.74,305.37,999.0,1,0.898977856338399
1,1,290,94,0,0.0,5,4.79,510.85,999.0,0,0.24052763066344732
7,3,385,74,0,19.18,8,2.79,535.83,3.86,0,0.34532196146750743
2,5,38,186,0,16.2,14,3.17,421.7,11.48,0,0.3884250232116911
6,0,206,588,2,7.35,0,0.05,206.98,80.05,0,0.16601029319321492
3,5,273,468,2,0.0,11,5.36,434.64,999.0,0,0.6192227293425245
3,2,106,315,2,0.0,1,4.68,333.24,999.0,0,0.37655927139753126
5,5,118,213,0,0.0,13,5.95,155.13,999.0,0,0.5203853913103662
5,0,71,450,2,3.08,0,2.66,451.49,146.21,0,0.19878953177504333
6,0,229,449,2,0.0,12,3.54,92.3,999.0,0,0.6663092537299664
1,2,388,214,0,3.01,11,4.5,203.79,71.12,0,0.3129177372547931
1,5,245,261,2,12.72,0,0.04,485.98,20.52,0,0.19629565912620173
1,5,185,317,2,20.91,9,1.38,426.7,15.16,0,0.4760519172342855
6,7,9,281,2,18.24,1,0.84,164.42,15.41,1,0.49597291330794485
2,2,72,481,2,0.0,6,5.2,403.35,999.0,0,0.46660448469301014
6,2,215,176,0,0.0,5,2.19,556.47,999.0,0,0.34438681378576796
0,7,105,313,2,10.09,8,3.73,36.52,31.02,0,0.3690996039494116
0,7,18,147,0,0.0,12,4.58,439.06,999.0,1,0.6903688277228229
1,0,179,228,0,0.0,3,5.81,289.37,999.0,0,0.23580922119868436
7,2,309,0,1,7.79,8,0.77,400.7,0.0,0,0.27910226051016374
1,7,253,584,2,0.0,4,4.83,102.71,999.0,0,0.43710519160227984
1,6,145,107,0,6.24,5,4.38,194.64,17.14,0,0.21525525627191966
7,4,390,134,0,8.2,4,3.48,562.08,16.34,0,0.10210703755730624
6,0,102,186,0,0.0,7,0.97,207.07,999.0,0,0.3837979587500535
7,5,97,591,2,0.0,14,3.73,336.61,999.0,0,0.564138295422459
4,5,173,190,0,6.38,14,3.98,407.45,29.77,0,0.3310850028067255
4,1,188,436,2,0.0,3,1.36,285.31,999.0,0,0.33933643596197166
4,2,178,314,2,0.0,5,2.39,565.92,999.0,0,0.5098253752388698
3,2,349,227,0,0.0,11,3.15,472.36,999.0,0,0.47754596042030406
0,5,277,235,0,0.0,11,0.95,414.63,999.0,0,0.4880889294451801
3,2,277,434,2,21.46,1,5.75,570.36,20.23,0,0.17757957177439845
6,7,240,329,2,3.4,0,0.45,430.84,96.68,0,0.2122055043062093
3,1,31,420,2,3.51,5,4.59,488.05,119.74,0,0.38410927353353497
3,6,82,429,2,0.0,7,5.01,60.91,999.0,0,0.5696028812668176
4,2,206,126,0,0.0,6,2.66,409.9,999.0,0,0.3532701514310862
0,1,267,318,2,13.11,7,3.96,193.32,24.26,0,0.34898373914473607
7,2,37,349,2,0.0,12,5.03,168.16,999.0,0,0.6252278004287413
6,2,364,498,2,0.0,3,0.53,444.42,999.0,0,0.4599106228385893
5,3,341,506,2,20.92,13,0.34,81.01,24.19,0,0.5487968653476987
4,4,328,520,2,8.22,11,0.5,78.66,63.25,0,0.546776572280851
3,7,114,444,2,0.0,15,3.36,505.7,999.0,0,0.5950986808001648
6,0,309,110,0,0.0,3,0.7,463.14,999.0,0,0.22109049205183645
6,6,368,40,0,8.68,14,3.44,323.2,4.61,0,0.40282364016654437
6,0,111,580,2,4.52,3,1.75,259.04,128.36,0,0.20940494966124656
7,4,184,352,2,0.0,8,2.68,47.72,999.0,0,0.5409845487169365
4,2,108,571,2,19.27,12,4.52,472.96,29.63,0,0.45064696178858266
7,1,171,360,2,0.0,10,4.97,78.75,999.0,0,0.6366328800533108
6,5,319,509,2,15.99,6,1.59,430.29,31.84,0,0.34407126856178155
7,5,387,163,0,23.98,0,0.67,357.47,6.8,0,0.09230429452050308
4,2,204,77,0,0.0,12,5.11,104.54,999.0,0,0.4308196740145931
5,6,69,394,2,2.59,2,1.94,150.4,152.09,0,0.27313608405659157
3,2,342,280,2,0.0,7,1.47,150.98,999.0,0,0.5317474061949777
3,2,7,303,2,0.0,15,5.03,260.42,999.0,1,0.8961471384749168
3,6,96,531,2,14.52,8,4.24,589.51,36.56,0,0.46241113025104286
4,6,190,373,2,0.0,10,3.24,64.68,999.0,0,0.6331838874231215
5,3,276,592,2,3.22,10,0.63,499.25,183.9,0,0.47218510190153046
5,3,239,275,2,0.0,14,3.71,308.34,999.0,0,0.6023421100360076
2,0,287,459,2,0.0,11,2.86,429.66,999.0,0,0.5576532200115981
5,1,369,282,2,0.0,15,2.58,463.33,999.0,0,0.5660028144593894
6,3,339,462,2,7.75,10,1.4,483.08,59.65,0,0.4909545918818722
6,2,393,552,2,24.5,0,5.83,50.72,22.53,0,0.2005359584316756
1,1,315,65,0,0.0,6,1.49,368.88,999.0,0,0.3530585203673752
2,2,16,506,2,18.22,2,0.56,254.06,27.78,1,0.5555126899392029
6,6,196,485,2,3.46,5,0.58,225.99,140.06,0,0.37186436218735885
4,7,47,188,0,0.0,7,2.11,395.39,999.0,0,0.32378820801352276
7,1,269,263,2,0.0,1,4.1,75.38,999.0,0,0.26220746794068794
0,0,168,393,2,7.66,2,5.73,129.32,51.33,0,0.24850468763548259
2,3,177,99,0,0.0,11,3.44,537.03,999.0,0,0.4747641079240796
2,2,228,31,0,0.0,9,5.61,82.51,999.0,0,0.43996384624876095
2,1,255,197,0,15.09,14,5.57,337.83,13.06,0,0.3366615013337695
7,1,343,567,2,0.0,11,0.85,577.02,999.0,0,0.6149606475616431
6,0,184,60,0,22.92,3,5.09,72.75,2.62,0,0.1445764962320504
6,3,145,328,2,0.0,9,5.67,267.27,999.0,0,0.5702166589293483
1,7,13,503,2,2.61,12,1.84,595.53,192.87,1,0.8024888926331942
0,0,97,91,0,0.0,10,4.44,329.89,999.0,0,0.395664905876012
4,6,97,360,2,0.0,13,4.43,323.91,999.0,0,0.5713948141116609
5,0,110,101,0,0.0,7,4.27,62.32,999.0,0,0.31843298801357317
3,0,24,390,2,0.0,9,0.03,159.42,999.0,1,0.9344992214200976
5,2,200,233,0,9.29,1,0.94,367.28,25.07,0,0.07918869154321609
4,6,349,584,2,17.75,6,5.64,398.94,32.89,0,0.41164834178025866
6,0,213,423,2,0.0,15,1.52,26.05,999.0,0,0.6331027767617718
0,7,66,228,0,0.0,3,0.95,478.89,999.0,0,0.19583831767343668
5,2,379,262,2,23.88,9,3.22,185.13,10.97,0,0.46641300004258684
1,1,203,206,0,23.76,6,0.76,597.42,8.67,0,0.22776723138305727
1,1,118,38,0,0.0,2,4.58,487.72,999.0,0,0.16301022145385918
5,7,379,146,0,0.0,6,4.61,440.45,999.0,0,0.26725094768595814
0,2,175,256,2,23.05,14,1.2,393.6,11.11,0,0.4769574237287352
2,4,259,65,0,0.0,10,3.95,274.55,999.0,0,0.4945604775314305
1,3,309,541,2,0.0,4,3.28,204.18,999.0,0,0.37136389602848546
1,6,266,547,2,0.0,10,2.22,103.22,999.0,0,0.5624551117577999
3,0,196,3,1,14.07,3,5.14,462.06,0.21,0,0.07022342648831495
1,0,333,487,2,23.43,9,4.11,244.32,20.79,0,0.5072289296520378
3,7,314,256,2,8.63,15,5.52,108.82,29.67,0,0.4943745612020293
5,3,74,293,2,0.0,12,5.99,531.52,999.0,0,0.5941693714916756
0,6,154,147,0,1.06,7,5.92,92.51,138.17,0,0.26917998905742885
3,6,216,427,2,11.51,14,5.71,288.84,37.08,0,0.470536159866462
6,2,371,542,2,0.0,6,3.41,569.84,999.0,0,0.5095168159538441
5,7,281,418,2,9.37,6,2.36,292.73,44.61,0,0.36713944475552807
7,4,397,422,2,0.0,10,3.31,110.9,999.0,0,0.5961148601208227
6,2,227,24,1,17.35,5,1.64,452.66,1.38,0,0.1976036805831552
2,6,295,202,0,3.77,14,1.47,448.31,53.62,0,0.3815144323688022
7,5,313,543,2,0.0,3,4.72,69.74,999.0,0,0.32704024194494347
0,5,47,320,2,23.29,6,4.46,575.61,13.74,0,0.33890742120803463
1,5,320,323,2,14.59,15,2.03,121.63,22.14,0,0.46638885745540215
2,2,84,425,2,2.96,5,3.37,384.64,143.53,0,0.3539835136979547
4,3,59,150,0,0.0,1,0.81,240.95,999.0,0,0.15498067276157418
2,0,301,371,2,0.0,14,5.36,582.77,999.0,0,0.6635924893663183
5,5,44,378,2,0.0,9,4.06,551.72,999.0,0,0.5313166178997429
3,5,150,85,0,8.87,0,3.73,362.39,9.59,0,0.08900421664332761
5,4,99,525,2,0.0,15,1.91,116.79,999.0,0,0.6279286139358317
4,4,230,443,2,8.44,14,3.96,213.09,52.5,0,0.43376485687254357
0,0,155,389,2,4.99,12,2.33,423.27,77.94,0,0.4624340427191759
6,5,188,524,2,21.34,13,4.24,96.76,24.55,0,0.4715486914388392
4,3,251,288,2,6.67,2,4.83,549.74,43.2,0,0.27737749645899945
1,0,66,109,0,0.0,11,0.39,351.71,999.0,0,0.4428432388343195
1,1,5,13,1,18.41,2,0.94,383.15,0.71,1,0.42106341576898093
7,5,341,108,0,0.0,4,1.2,452.72,999.0,0,0.20773867194554937
1,1,2,443,2,0.0,6,0.3,66.06,999.0,1,0.7684489226265192
3,7,102,507,2,0.0,15,1.73,412.17,999.0,0,0.6538009871788909
0,7,95,519,2,0.0,6,1.58,529.34,999.0,0,0.4910520897263798
3,1,360,77,0,4.7,7,0.97,388.47,16.37,0,0.26609532604281627
6,4,112,436,2,6.27,7,3.18,399.81,69.5,0,0.45017668510991127
4,4,387,165,0,0.0,15,2.07,445.09,999.0,0,0.48438144661991306
6,1,346,456,2,0.0,10,3.53,551.47,999.0,0,0.5933775744122946
1,4,373,326,2,11.27,11,3.0,462.78,28.93,0,0.46761696089439114
3,3,301,174,0,1.07,13,2.79,287.75,163.0,0,0.42081352245472514
6,7,238,463,2,3.82,13,5.7,526.55,121.3,0,0.5245918366164477
6,2,205,374,2,0.0,4,3.56,126.67,999.0,0,0.3693815444854403
6,7,77,277,2,0.0,15,2.35,196.04,999.0,0,0.6646234913353455
4,3,98,498,2,15.17,13,2.61,513.93,32.83,0,0.48848105696061245
0,5,55,68,0,23.82,9,0.85,320.88,2.85,0,0.3233531196713304
3,6,252,13,1,0.0,10,3.78,416.75,999.0,0,0.44147969181385044
1,2,272,288,2,8.53,4,2.22,582.85,33.77,0,0.24557499905023858
7,5,214,252,2,5.24,7,5.46,543.48,48.12,0,0.4100645713648837
7,4,285,348,2,14.43,6,5.41,579.97,24.12,0,0.39579141476692115
3,3,128,500,2,0.0,10,3.07,75.44,999.0,0,0.6400230787530738
5,1,271,502,2,11.57,2,2.7,470.91,43.4,0,0.26895378950531396
4,2,187,60,0,0.0,0,1.96,498.41,999.0,0,0.12790637453962378
2,4,164,496,2,0.0,6,5.75,366.6,999.0,0,0.4364434901734765
0,3,269,516,2,7.06,13,4.2,514.57,73.07,0,0.46578124159066786
3,2,152,25,0,0.72,2,2.21,469.96,34.7,0,0.15315757013644105
7,6,285,160,0,14.85,3,5.62,284.45,10.78,0,0.08973368266787833
7,4,84,600,2,0.0,3,0.31,209.39,999.0,0,0.4106705457270264
2,5,369,384,2,13.75,10,2.37,209.43,27.92,0,0.5303287986760123
0,4,166,579,2,0.0,1,4.34,433.93,999.0,0,0.32160119312752306
1,2,78,104,0,0.0,2,4.53,583.95,999.0,0,0.1745789659152854
6,5,385,71,0,0.0,13,3.85,249.67,999.0,0,0.40859808106550344
1,3,230,162,0,2.88,7,1.44,393.96,56.23,0,0.2609221493818389
0,3,246,43,0,0.0,4,5.73,99.85,999.0,0,0.2363350819256457
6,6,10,522,2,19.14,0,4.02,424.33,27.27,1,0.4560037297618046
0,3,302,36,0,5.22,0,2.1,66.76,6.9,0,0.07579763475190242
2,6,109,155,0,13.41,8,3.34,316.31,11.56,0,0.24518359860910988
3,4,172,200,0,8.18,12,0.72,185.52,24.46,0,0.30485785884674027
6,3,95,115,0,0.0,6,1.2,350.72,999.0,0,0.35167276450867335
3,4,185,474,2,0.0,8,1.3,33.81,999.0,0,0.4874832403210613
2,5,106,511,2,23.67,10,2.75,246.64,21.59,0,0.5204630370425498
7,7,288,292,2,0.0,2,3.7,532.96,999.0,0,0.3963217678349018
0,0,141,0,1,7.59,5,0.58,233.47,0.0,0,0.22415681310031693
6,5,39,286,2,0.0,9,4.62,541.14,999.0,0,0.5542460137681706
4,7,105,123,0,0.0,15,1.05,85.3,999.0,0,0.47697708359492075
7,4,139,23,1,17.57,2,4.39,108.91,1.31,0,0.04181893199462199
6,0,20,509,2,10.81,13,1.05,27.7,47.08,1,0.8176889735853974
1,4,364,288,2,0.0,8,0.15,177.74,999.0,0,0.6247798981478078
3,7,1,45,0,21.84,15,4.75,435.03,2.06,1,0.6591031158393275
4,5,46,376,2,11.41,5,2.24,543.06,32.96,0,0.3571438323417521
2,5,377,355,2,10.18,11,2.8,221.51,34.89,0,0.4650939442047177
7,6,185,442,2,2.16,4,2.0,228.03,204.52,0,0.29398662088880134
2,0,176,518,2,0.0,10,3.24,502.57,999.0,0,0.5691313563446085
2,3,355,405,2,2.04,3,5.94,335.52,198.18,0,0.2683482615683812
0,4,282,168,0,18.49,15,0.7,444.48,9.08,0,0.39756843542070464
6,6,113,590,2,8.78,3,1.35,393.46,67.21,0,0.22468414178581472
3,0,259,110,0,0.0,9,1.45,255.55,999.0,0,0.4570278347217238
1,3,13,16,1,0.0,6,1.11,470.12,999.0,1,0.5505603380802468
4,7,61,432,2,23.62,0,4.19,194.12,18.29,0,0.1565296775474393
3,4,220,489,2,0.0,15,5.86,310.0,999.0,0,0.5921796348968509
4,7,197,551,2,19.24,11,5.69,417.21,28.63,0,0.5493565979844285
6,0,250,88,0,0.0,2,1.47,501.77,999.0,0,0.209755858053843
1,7,195,345,2,6.03,1,1.94,340.52,57.17,0,0.22648481040117938
7,3,315,420,2,0.0,0,5.61,277.77,999.0,0,0.29024871335735913
7,4,357,578,2,0.0,8,3.51,424.97,999.0,0,0.5449318801527488
7,4,84,40,0,7.26,13,0.66,109.78,5.51,0,0.4041630351870113
3,7,249,255,2,0.0,12,0.26,125.95,999.0,0,0.6202785270759574
7,3,366,455,2,0.0,3,0.99,96.56,999.0,0,0.4439916453375773
0,7,255,375,2,19.86,0,4.25,540.66,18.88,0,0.15419459578528882
1,6,243,34,0,6.97,2,0.39,172.41,4.88,0,0.17219736226518428
5,7,206,519,2,0.0,3,0.14,70.1,999.0,0,0.3826286599701497
3,7,338,559,2,9.33,15,0.4,478.2,59.9,0,0.4762246897581724
6,1,287,40,0,0.0,9,0.8,426.85,999.0,0,0.367371677230514
0,0,58,537,2,0.0,9,5.28,99.5,999.0,0,0.628487798968264
7,3,97,486,2,0.0,3,1.03,340.76,999.0,0,0.40124357546097295
1,2,342,130,0,0.0,2,2.87,594.12,999.0,0,0.14271081134631403
2,3,321,423,2,20.99,7,4.97,255.71,20.15,0,0.42428451391923816
0,5,400,404,2,0.69,12,2.7,505.1,584.13,0,0.47696652687961627
2,7,315,521,2,0.0,7,3.59,186.82,999.0,0,0.546771900363316
6,0,214,67,0,0.0,1,2.22,248.1,999.0,0,0.15774085114911215
5,4,275,334,2,22.98,15,2.32,525.27,14.53,0,0.5126142027284751
2,7,173,93,0,17.29,2,1.51,175.56,5.38,0,0.06655014408357576
4,3,161,331,2,0.0,11,5.83,131.27,999.0,0,0.59019981817991
6,4,136,434,2,0.0,4,4.81,419.23,999.0,0,0.3807959260527224
5,5,105,473,2,0.0,3,4.35,528.16,999.0,0,0.40263144312533183
3,5,94,508,2,9.37,15,4.3,560.84,54.19,0,0.4850895069874006
5,2,131,73,0,6.31,12,0.02,129.58,11.56,0,0.44131054233466216
7,7,282,597,2,20.53,6,1.59,589.32,29.08,0,0.37737352709325844
7,1,244,447,2,0.0,4,1.09,229.57,999.0,0,0.45415597456174195
0,0,36,284,2,2.69,4,4.7,556.93,105.71,0,0.3204069125264263
3,0,339,580,2,0.0,10,5.86,437.35,999.0,0,0.5841025722889328
3,3,113,584,2,18.79,7,0.91,341.15,31.08,0,0.37559744028727093
3,2,197,208,0,0.0,5,0.55,449.46,999.0,0,0.3855580393954565
4,7,64,97,0,6.15,7,1.45,373.57,15.76,0,0.30102622131127993
3,4,55,3,1,5.97,13,3.48,367.84,0.5,0,0.33640439520433413
3,3,52,83,0,10.21,14,0.9,535.11,8.13,0,0.3959778375655926
6,0,278,278,2,5.13,13,4.74,323.88,54.21,0,0.4686496019548617
7,6,227,210,0,0.0,12,1.01,254.32,999.0,0,0.4361514031716094
5,6,141,254,2,0.0,12,3.6,292.43,999.0,0,0.5529131174264778
3,1,232,22,1,9.72,11,2.29,304.76,2.26,0,0.3769014186668344
6,1,224,261,2,8.71,11,5.47,170.72,29.98,0,0.44897178396750237
3,3,19,390,2,0.0,2,4.24,112.08,999.0,1,0.6478539946335371
0,4,41,537,2,23.3,4,1.76,517.93,23.05,0,0.2714216152468402
2,3,210,319,2,0.0,7,5.23,380.15,999.0,0,0.5227130859386521
2,4,281,481,2,0.0,7,0.1,577.58,999.0,0,0.5621924856576964
1,1,396,103,0,0.0,3,4.67,340.99,999.0,0,0.21027167092848584
2,2,274,191,0,0.0,10,5.13,464.48,999.0,0,0.47158950908181585
0,0,202,138,0,4.18,4,5.08,160.32,33.05,0,0.17107629272426358
5,4,237,251,2,0.0,7,0.97,371.49,999.0,0,0.46017196809065497
6,2,1,294,2,11.52,12,3.3,441.22,25.52,1,0.8166551237032271
7,5,311,591,2,17.96,8,3.14,256.45,32.91,0,0.4263783057849946
7,2,19,211,0,1.84,9,0.69,544.42,114.96,1,0.6161799869243677
4,5,13,322,2,0.0,6,2.61,390.3,999.0,1,0.7196604200452034
2,4,203,250,0,0.0,14,1.52,251.56,999.0,0,0.49554683339465083
5,3,238,133,0,0.0,7,5.69,540.28,999.0,0,0.40472960713620615
4,5,28,358,2,11.63,13,0.47,190.49,30.79,1,0.8297816717470484
7,0,246,69,0,0.0,9,5.53,116.25,999.0,0,0.47705194738623746
2,4,31,25,0,12.74,0,2.69,213.74,1.96,0,0.04355112474586752
5,5,146,376,2,0.0,14,4.55,271.38,999.0,0,0.6116765970314942
1,2,194,338,2,16.52,8,0.86,462.02,20.47,0,0.3950117548186486
6,4,202,225,0,1.05,0,5.72,132.81,214.84,0,0.05831538545518898
6,2,219,560,2,0.0,0,5.95,114.77,999.0,0,0.23449531906739568
7,1,113,479,2,0.0,15,0.69,408.26,999.0,0,0.6599858889634604
5,5,241,264,2,14.43,10,3.16,407.3,18.3,0,0.5302430385797299
4,3,116,22,1,10.85,10,5.64,194.33,2.03,0,0.40673133736039113
6,0,303,307,2,20.04,3,4.94,341.91,15.32,0,0.30733858333540837
3,3,238,156,0,23.15,13,4.46,263.19,6.74,0,0.3297455760530393
1,3,84,492,2,0.0,10,5.56,53.0,999.0,0,0.5987109647527881
6,2,213,484,2,24.46,11,0.71,156.7,19.79,0,0.5471183643178198
7,6,302,219,0,0.0,9,1.46,486.63,999.0,0,0.4183333543174196
5,6,43,103,0,0.0,4,3.24,305.74,999.0,0,0.2090778056988486
2,0,2,482,2,0.0,9,5.9,232.72,999.0,1,0.8802794043285402
5,1,21,169,0,22.32,3,0.23,358.06,7.57,1,0.4952360207857633
0,3,88,400,2,20.6,3,1.6,189.03,19.41,0,0.30642197930165005
1,4,71,66,0,11.56,5,3.86,425.97,5.71,0,0.14153442278183892
3,4,17,402,2,0.0,15,4.86,228.08,999.0,1,0.8910651054737557
4,6,215,240,0,19.86,10,1.26,287.55,12.09,0,0.3743881536917857
0,1,31,120,0,3.69,4,0.9,62.6,32.5,0,0.1946055678312678
5,3,368,493,2,0.0,9,5.62,141.67,999.0,0,0.5747873936797814
0,5,81,400,2,0.0,1,0.19,514.78,999.0,0,0.32473075196801104
2,7,238,407,2,19.59,14,0.8,209.61,20.77,0,0.5541068730436165
6,5,385,580,2,0.0,0,5.22,115.22,999.0,0,0.2600720453999648
1,7,172,151,0,0.0,7,3.08,307.31,999.0,0,0.3473434771662714
3,2,214,39,0,19.27,10,4.8,236.35,2.02,0,0.29032847682052604
7,3,109,151,0,8.31,12,5.34,596.31,18.16,0,0.3634956543981238
3,6,395,40,0,11.37,14,0.27,212.91,3.52,0,0.36819707753093445
1,7,214,474,2,0.0,10,5.01,149.28,999.0,0,0.5817640605273389
0,3,343,593,2,6.35,0,3.18,43.52,93.33,0,0.22424103065267842
7,3,204,2,1,0.0,8,3.21,541.71,999.0,0,0.4387900285274581
0,4,394,52,0,0.0,9,4.68,516.04,999.0,0,0.4690754984521363
6,5,91,558,2,0.0,13,0.48,395.17,999.0,0,0.6844669730862809
0,1,67,264,2,4.23,8,2.49,545.45,62.48,0,0.3904911993108647
2,5,50,295,2,0.0,2,5.9,526.47,999.0,0,0.39636363435128585
0,3,34,276,2,0.0,14,2.03,310.27,999.0,0,0.6502229560430683
7,1,247,284,2,19.64,2,2.12,244.97,14.46,0,0.19671601934311195
4,0,318,88,0,0.0,4,2.05,322.81,999.0,0,0.2807435763491475
3,7,388,359,2,0.74,13,0.62,317.2,482.06,0,0.5625604788552904
3,2,98,495,2,0.0,7,5.01,561.6,999.0,0,0.5476918617734687
7,6,165,377,2,0.0,1,2.72,22.16,999.0,0,0.30465057535510187
5,5,213,7,1,24.24,2,0.8,75.67,0.29,0,0.10428259296003062
1,2,243,506,2,13.84,3,3.75,38.84,36.56,0,0.306227205429745
5,3,160,549,2,20.55,1,5.15,51.85,26.71,0,0.1780246139748308
2,4,195,156,0,7.02,2,5.85,231.0,22.23,0,0.0937944456115828
4,6,12,26,0,24.53,5,4.27,524.31,1.06,1,0.5217692379876563
1,5,59,97,0,24.37,10,5.33,125.92,3.98,0,0.31547725610336197
1,3,26,283,2,0.0,9,5.44,401.58,999.0,1,0.8100522861736946
6,0,160,430,2,2.32,8,4.45,99.4,185.01,0,0.37731779636351814
0,1,245,43,0,11.73,12,3.25,173.28,3.67,0,0.36090246254771097
3,1,172,172,0,0.0,0,2.82,442.67,999.0,0,0.10519937053564452
3,6,3,535,2,0.0,15,3.29,54.44,999.0,1,0.8553209021209996
6,3,271,299,2,8.61,13,5.46,186.84,34.74,0,0.45988368119274214
1,6,131,509,2,0.0,12,3.54,453.14,999.0,0,0.6329559953166762
2,1,344,254,2,0.0,7,5.99,452.03,999.0,0,0.5417502981473796
6,2,112,283,2,0.0,6,4.3,501.38,999.0,0,0.4236511905908786
1,5,106,457,2,0.0,11,1.95,258.45,999.0,0,0.6291424273123138
4,7,340,206,0,0.0,6,2.34,129.04,999.0,0,0.361902839235765
3,7,251,280,2,10.94,0,2.6,111.99,25.6,0,0.20376717050874532
0,7,269,296,2,0.0,9,0.84,182.01,999.0,0,0.5753707877416862
0,7,391,542,2,1.63,11,1.82,150.1,332.03,0,0.4741108808115997
4,7,200,276,2,0.0,14,5.43,29.94,999.0,0,0.5781305160926762
7,6,113,564,2,0.0,3,1.61,235.08,999.0,0,0.35657734163693294
1,4,338,528,2,19.99,0,0.38,575.15,26.42,0,0.14774203250430293
4,4,126,569,2,0.0,15,5.86,21.96,999.0,0,0.6650345820363492
5,6,291,349,2,0.0,5,0.65,197.68,999.0,0,0.4956675693031647
4,4,301,204,0,15.72,3,2.28,382.28,12.98,0,0.17283084837634927
5,0,173,365,2,0.0,10,2.96,269.88,999.0,0,0.6174922332314533
1,1,290,140,0,0.0,6,2.8,330.29,999.0,0,0.3506338437252676
1,7,368,138,0,0.0,6,2.23,41.24,999.0,0,0.26340373937923023
6,1,144,460,2,0.0,10,5.54,374.83,999.0,0,0.5612212188292287
4,3,23,487,2,0.0,0,5.56,303.94,999.0,1,0.6290708347109186
6,5,52,90,0,0.0,8,0.0,423.9,999.0,0,0.47813628039004347
7,2,14,99,0,0.0,8,1.16,496.94,999.0,1,0.6341063467897251
0,2,101,214,0,4.94,14,0.37,280.69,43.31,0,0.3895315073232583
0,1,372,209,0,9.17,13,0.92,56.7,22.8,0,0.40119570474317784
7,6,4,175,0,0.0,13,0.65,463.36,999.0,1,0.7293683602543698
2,6,56,445,2,0.0,8,4.28,433.96,999.0,0,0.5920594365094379
5,7,81,545,2,0.0,14,2.55,374.35,999.0,0,0.6453659848377786
4,5,134,219,0,0.0,6,2.43,237.81,999.0,0,0.3462537282093183
1,1,356,129,0,0.0,3,3.36,248.87,999.0,0,0.24395863352477162
2,0,266,184,0,0.0,4,1.44,49.44,999.0,0,0.3209963787855817
1,3,276,565,2,0.0,8,1.57,338.37,999.0,0,0.585373212914148
0,6,252,210,0,0.0,2,3.11,382.41,999.0,0,0.1625722277362249
1,5,236,168,0,17.03,0,0.2,26.69,9.86,0,0.005333146969388747
0,0,43,330,2,0.0,2,4.13,298.85,999.0,0,0.39064479294263776
7,5,30,26,0,17.98,10,2.27,86.79,1.45,0,0.3997110815382183
4,4,134,163,0,0.0,15,1.72,322.89,999.0,0,0.5021584523409044
2,2,391,295,2,0.0,10,2.28,43.42,999.0,0,0.6021627904182488
0,0,307,50,0,0.07,7,2.27,389.27,715.41,0,0.20464262660872942
4,2,208,386,2,0.0,13,0.9,176.26,999.0,0,0.5815158361750251
5,5,339,50,0,0.0,12,4.38,340.48,999.0,0,0.39472511943431215
7,0,209,212,0,6.01,11,4.72,29.86,35.28,0,0.3649277768539909
2,2,34,62,0,0.0,3,5.19,166.63,999.0,0,0.22942909615421098
0,4,321,264,2,0.0,15,2.99,559.92,999.0,0,0.6118796019499209
6,3,271,65,0,0.0,4,4.04,102.07,999.0,0,0.2460099173954797
4,2,268,585,2,16.13,13,1.79,32.01,36.27,0,0.5355335337696668
2,5,370,541,2,0.0,9,5.76,166.07,999.0,0,0.5734358341158428
0,6,150,399,2,3.92,9,5.2,44.55,101.87,0,0.4463935020464591
3,5,175,556,2,17.08,6,5.76,548.63,32.55,0,0.304791692020295
1,7,194,315,2,10.28,9,3.08,576.78,30.64,0,0.46164259317983664
0,3,375,111,0,0.0,8,1.99,584.04,999.0,0,0.381881923684563
0,5,20,296,2,0.0,9,1.43,551.56,999.0,1,0.8230724610415685
5,3,270,263,2,0.0,12,4.37,487.89,999.0,0,0.6467137587983987
1,1,365,465,2,0.0,1,3.64,135.2,999.0,0,0.33319812437124735
3,7,111,137,0,10.12,7,0.24,255.86,13.53,0,0.22876022150390918
1,1,385,517,2,12.42,12,0.57,577.23,41.64,0,0.550131544605289
0,0,95,213,0,0.0,3,2.01,260.71,999.0,0,0.25196885215750964
0,3,353,386,2,8.35,8,4.38,497.36,46.25,0,0.43752865301343885
6,0,318,218,0,9.79,4,5.32,64.23,22.26,0,0.17044296884916366
1,4,56,552,2,0.0,12,3.18,218.91,999.0,0,0.5531651376961682
2,6,100,174,0,0.0,6,3.64,313.39,999.0,0,0.2908201861740432
7,4,172,345,2,0.0,8,5.6,423.34,999.0,0,0.5888732735491341
4,2,267,548,2,0.0,11,3.78,471.25,999.0,0,0.5904990174510913
7,6,220,445,2,0.0,3,0.7,94.7,999.0,0,0.4316737762873034
0,0,99,56,0,0.0,11,2.34,533.03,999.0,0,0.4006055696173062
0,6,79,466,2,0.0,3,5.72,465.2,999.0,0,0.3564832302607539
5,5,27,440,2,0.0,13,3.43,301.52,999.0,1,0.9316918058561714
6,2,319,215,0,24.6,9,4.5,43.4,8.74,0,0.2870520137286242
0,7,400,198,0,0.0,15,5.18,549.38,999.0,0,0.4983989741448088
2,6,24,217,0,5.84,3,0.32,406.87,37.13,1,0.4273679854448065
0,0,260,377,2,0.0,9,1.71,125.43,999.0,0,0.5198927944135542
7,4,299,169,0,10.07,12,5.22,400.93,16.78,0,0.3896338622743176
7,1,268,302,2,3.63,12,3.82,349.88,83.21,0,0.4476318222257678
1,4,11,512,2,0.0,5,5.34,82.85,999.0,1,0.7707023651424065
3,4,400,144,0,19.41,12,3.38,577.16,7.42,0,0.29657270259364166
0,7,80,407,2,16.01,13,5.83,37.7,25.43,0,0.4830387209420633
3,4,288,233,0,0.0,10,4.02,369.39,999.0,0,0.4534162062259223
3,2,337,574,2,18.93,0,5.38,576.81,30.33,0,0.21647392630301376
1,2,356,579,2,15.25,0,3.3,512.4,37.97,0,0.1276690844353118
5,2,223,272,2,2.34,12,2.07,385.6,116.37,0,0.5408153705262077
3,0,288,493,2,0.0,4,4.6,488.19,999.0,0,0.3956433619006041
5,1,129,196,0,19.43,4,1.44,481.84,10.09,0,0.13528912459292727
4,0,16,168,0,0.0,0,0.04,514.28,999.0,1,0.46054657780971514
6,6,33,56,0,2.92,6,0.45,407.62,19.18,0,0.2817040326441481
5,0,25,67,0,0.0,8,0.48,385.32,999.0,1,0.6355544716165373
5,0,233,417,2,0.0,14,3.85,383.65,999.0,0,0.5560359007686165
5,3,327,286,2,6.75,14,2.66,183.27,42.35,0,0.4494774741454559
7,2,372,412,2,19.07,4,3.58,219.84,21.6,0,0.30465573876977003
1,7,372,485,2,0.0,5,3.39,560.84,999.0,0,0.3980152932725369
4,0,204,536,2,16.87,2,5.82,135.09,31.78,0,0.22846397265682797
1,2,161,366,2,0.0,6,2.07,577.39,999.0,0,0.4350455945138867
1,7,6,209,0,0.0,3,0.47,114.76,999.0,1,0.5327168455482415
3,6,122,525,2,24.49,4,2.81,336.75,21.44,0,0.3551719730004358
6,1,98,223,0,11.19,9,1.59,48.53,19.93,0,0.3733485400992873
5,0,73,405,2,0.0,3,2.59,185.16,999.0,0,0.3323480146853693
7,3,350,256,2,20.8,15,3.21,558.06,12.31,0,0.5386051351993129
7,2,96,76,0,0.0,2,5.27,538.67,999.0,0,0.20467916918061135
2,1,322,198,0,6.53,5,3.44,217.28,30.33,0,0.2295696885806076
7,3,389,436,2,0.0,7,5.26,511.88,999.0,0,0.47526599300817707
5,6,15,346,2,5.72,0,2.96,427.64,60.46,1,0.45535180334971814
6,6,349,121,0,0.0,12,5.17,307.95,999.0,0,0.4980375019357365
2,0,187,2,1,0.0,2,3.95,119.15,999.0,0,0.16086898555979873
5,5,346,163,0,2.15,11,0.09,214.33,75.65,0,0.44510508825723155
1,4,208,583,2,0.0,5,0.44,350.96,999.0,0,0.4518263181487886
6,7,387,40,0,13.94,7,2.58,373.2,2.87,0,0.22865649078787803
0,2,65,38,0,0.0,7,3.97,334.52,999.0,0,0.4110011201970478
4,4,332,133,0,7.45,2,3.88,184.47,17.84,0,0.08822363903468773
7,0,356,451,2,0.0,7,5.37,252.96,999.0,0,0.5008595419623865
3,2,14,462,2,0.0,2,4.32,404.94,999.0,1,0.6293687168612166
7,6,278,153,0,21.43,15,4.31,109.27,7.14,0,0.39009057145966963
5,3,253,39,0,19.76,0,2.39,128.02,1.97,0,0.04502401899612418
3,5,27,275,2,22.08,12,2.29,379.33,12.46,1,0.7922734896450956
0,0,345,127,0,0.0,10,5.11,175.63,999.0,0,0.41190672481140267
6,7,304,403,2,4.9,9,1.11,163.04,82.2,0,0.5121967825291437
4,6,114,199,0,0.0,10,2.43,171.22,999.0,0,0.4921363109474147
5,2,273,345,2,18.06,5,5.48,219.14,19.1,0,0.2901215198355568
2,6,302,226,0,0.0,10,3.18,473.38,999.0,0,0.45440622607072056
3,1,287,400,2,0.0,15,3.11,574.63,999.0,0,0.6639492492527862
5,0,313,328,2,18.9,8,1.35,132.61,17.35,0,0.44137533011124763
1,1,58,492,2,0.0,1,1.19,503.15,999.0,0,0.30203381632147164
3,4,20,88,0,0.0,12,1.85,208.64,999.0,1,0.7244412077434563
5,5,104,109,0,0.0,11,3.72,144.39,999.0,0,0.4403380460821291
1,3,219,458,2,0.0,0,5.76,174.14,999.0,0,0.33159260942013846
1,4,395,89,0,0.88,5,2.74,377.12,101.16,0,0.2437570181467475
1,7,288,61,0,0.0,15,0.04,229.37,999.0,0,0.45658682581901977
5,6,84,140,0,23.38,13,0.35,208.18,5.99,0,0.408742468064256
6,7,276,452,2,0.0,4,2.96,215.98,999.0,0,0.3984742398707455
4,5,376,432,2,24.11,9,1.07,94.76,17.92,0,0.5129606143960798
1,1,355,438,2,0.0,4,5.6,23.63,999.0,0,0.3627282624628022
2,4,191,235,0,0.0,2,5.75,96.05,999.0,0,0.25928460814876925
1,5,163,70,0,5.21,10,2.88,322.64,13.44,0,0.36601014193863135
6,2,350,102,0,7.1,12,2.31,379.58,14.37,0,0.3760085005974436
2,7,354,227,0,10.58,9,3.86,106.83,21.46,0,0.25876384585774237
5,2,189,294,2,0.0,6,4.83,120.27,999.0,0,0.48720376605486493
1,2,98,64,0,0.0,0,3.76,381.96,999.0,0,0.07707813892706304
0,1,267,250,0,10.38,5,1.22,340.59,24.08,0,0.1714008519270051
2,7,207,531,2,17.65,5,4.72,541.91,30.08,0,0.3276095495798541
5,4,383,371,2,14.05,15,0.81,109.76,26.4,0,0.5059862642148004
0,5,73,92,0,12.77,12,5.4,341.2,7.2,0,0.3775467506965249
6,0,282,186,0,0.0,15,1.05,285.16,999.0,0,0.4358082224711667
7,3,290,596,2,0.0,10,1.09,110.01,999.0,0,0.6646231361331414
3,6,88,103,0,18.32,2,3.84,157.04,5.62,0,0.1000790712927636
3,2,167,372,2,0.0,6,1.92,565.02,999.0,0,0.4540133916299421
1,7,372,474,2,18.43,7,0.97,247.99,25.72,0,0.36488143109567284
0,5,134,259,2,14.44,3,1.08,279.16,17.94,0,0.30498428515906084
7,0,96,584,2,0.0,5,0.33,162.96,999.0,0,0.524823706090757
7,7,369,115,0,5.36,4,3.48,343.82,21.47,0,0.20779769186879238
3,2,77,28,0,0.0,4,4.76,250.34,999.0,0,0.29287028961727857
0,3,89,38,0,22.08,15,3.64,565.04,1.72,0,0.39617905032539547
7,5,351,215,0,17.33,11,1.11,389.71,12.4,0,0.33732149206784595
0,0,104,17,1,6.95,7,5.54,394.34,2.44,0,0.2917607273215049
5,1,236,68,0,0.0,6,5.23,350.9,999.0,0,0.37342448145233914
1,0,399,152,0,0.0,11,3.98,73.64,999.0,0,0.4338607395988423
4,3,30,201,0,22.79,15,0.5,418.33,8.82,0,0.370148352985467
1,2,204,49,0,0.0,3,1.24,88.49,999.0,0,0.24841431408284978
7,6,239,142,0,0.0,3,0.68,253.56,999.0,0,0.19448999751936302
2,0,62,32,0,11.16,14,5.59,134.81,2.87,0,0.3647568816662786
3,0,151,585,2,4.81,10,1.25,27.78,121.59,0,0.45146052282036236
4,1,77,288,2,0.0,9,0.14,343.86,999.0,0,0.5999237798860739
2,5,5,590,2,0.0,4,3.58,237.83,999.0,1,0.6400537878632468
3,5,180,389,2,0.0,0,4.83,144.48,999.0,0,0.31003406694728447
5,2,399,597,2,0.0,3,1.37,283.17,999.0,0,0.343025482006784
3,6,184,562,2,8.17,12,1.84,555.93,68.82,0,0.4554415132221658
0,4,39,159,0,0.64,1,2.53,229.86,248.0,0,0.041434463512281035
3,7,143,61,0,0.0,14,4.31,579.12,999.0,0,0.44174662687736643
0,6,117,133,0,3.16,3,2.05,171.42,42.06,0,0.16968662073486904
0,3,360,292,2,0.0,3,0.1,230.65,999.0,0,0.4705651184081426
7,7,189,433,2,22.33,2,2.23,362.27,19.39,0,0.2674056392294522
5,5,146,435,2,0.0,8,2.88,81.73,999.0,0,0.5864124246329855
4,7,223,2,1,0.0,3,4.78,318.23,999.0,0,0.17064764702965568
0,6,284,235,0,2.51,8,4.58,72.19,93.65,0,0.24542492284518955
0,0,265,99,0,20.31,14,0.64,363.79,4.87,0,0.4084353942485407
1,5,361,62,0,0.0,1,2.45,78.97,999.0,0,0.10846596949870542
3,5,41,48,0,20.32,11,5.82,573.25,2.36,0,0.3490439751448362
3,6,90,116,0,0.0,0,3.39,125.4,999.0,0,0.13380300300664116
5,7,219,439,2,14.9,0,1.23,345.53,29.46,0,0.15005152481701803
3,6,81,450,2,23.05,12,2.62,106.37,19.52,0,0.4723880483971362
1,3,71,486,2,0.0,8,2.42,266.83,999.0,0,0.5232721543595918
5,0,387,69,0,0.0,14,3.53,406.59,999.0,0,0.4049188103502357
4,0,11,268,2,0.0,8,3.45,202.73,999.0,1,0.8461251623011992
1,5,89,43,0,0.0,9,3.88,366.8,999.0,0,0.41762869906061384
6,7,328,229,0,0.0,14,3.54,417.39,999.0,0,0.5076398364435818
6,4,53,420,2,0.0,4,1.3,186.26,999.0,0,0.36389250071497686
7,4,128,238,0,20.77,13,1.1,447.44,11.46,0,0.40604490445439945
4,1,313,456,2,0.0,8,0.99,269.86,999.0,0,0.6049311628242473
2,0,110,478,2,1.27,5,0.63,258.23,375.04,0,0.4055574077191766
0,4,49,558,2,0.0,7,2.22,427.05,999.0,0,0.5278251375301741
7,2,58,85,0,0.0,9,5.57,314.77,999.0,0,0.45583826394708327
1,6,134,311,2,0.0,3,2.71,530.5,999.0,0,0.3687261032360312
3,7,260,382,2,0.0,5,0.37,34.9,999.0,0,0.47999992140211034
6,7,164,484,2,0.0,6,2.28,69.37,999.0,0,0.4934816466598774
1,1,81,523,2,22.27,5,3.6,265.62,23.48,0,0.37845739469351175
2,7,372,401,2,14.46,1,1.6,361.53,27.72,0,0.16952047185306132
1,4,46,594,2,10.59,13,0.26,541.76,56.1,0,0.536514131062687
2,7,146,566,2,13.95,12,2.12,471.84,40.56,0,0.4852287396022979
6,2,150,46,0,22.12,9,5.01,238.26,2.08,0,0.32361581276236917
4,6,14,272,2,11.33,4,0.39,26.74,24.01,1,0.6097575944514201
1,6,73,163,0,24.53,7,4.95,255.85,6.64,0,0.25911435885433426
2,0,258,587,2,0.0,8,3.21,328.97,999.0,0,0.5462170543920566
0,6,71,264,2,0.0,14,3.61,59.53,999.0,0,0.5526465800016276
1,1,154,75,0,0.0,7,2.15,458.18,999.0,0,0.3659628074527654
2,3,366,417,2,0.0,15,4.32,538.78,999.0,0,0.5910074819802467
3,0,131,328,2,0.0,12,1.99,501.43,999.0,0,0.5526317047268239
2,5,143,309,2,12.39,3,3.7,268.77,24.94,0,0.28403429010352416
3,4,141,28,0,19.69,12,5.07,292.63,1.42,0,0.37884026779315433
1,2,359,264,2,0.0,0,5.2,287.8,999.0,0,0.29613835437189956
1,4,41,453,2,0.0,7,5.04,381.08,999.0,0,0.5642940068195936
6,4,280,432,2,0.0,12,4.18,338.74,999.0,0,0.587393894431272
6,4,353,92,0,8.18,10,4.82,48.59,11.24,0,0.3048940184238825
2,2,30,489,2,0.0,12,5.33,45.8,999.0,0,0.5636066219839904
7,1,217,63,0,5.68,6,2.53,164.16,11.1,0,0.27910370753051933
2,1,264,593,2,6.5,1,2.27,24.45,91.26,0,0.1449727839774943
4,2,153,543,2,24.28,5,0.28,553.89,22.36,0,0.4185668076173157
4,6,221,509,2,10.26,13,1.57,28.33,49.6,0,0.5248603566867646
4,5,217,372,2,12.25,10,3.23,36.93,30.37,0,0.48407455395089105
4,5,114,196,0,0.0,13,0.79,517.08,999.0,0,0.4629381606933968
6,6,67,188,0,19.26,9,0.33,249.96,9.76,0,0.32507407330291255
5,3,28,9,1,17.37,5,5.13,88.68,0.52,1,0.4282586991436294
2,7,220,489,2,17.35,9,2.41,463.01,28.19,0,0.4715927755242577
6,0,54,80,0,0.0,2,2.24,584.0,999.0,0,0.19440325923140542
4,6,31,6,1,0.0,3,2.85,319.44,999.0,0,0.21352971513378652
7,2,101,81,0,4.32,14,5.58,540.41,18.74,0,0.40171824407748635
4,7,70,418,2,0.0,13,0.46,443.66,999.0,0,0.6820690845281552
0,3,271,257,2,5.72,10,1.37,220.52,44.93,0,0.5006490642394091
6,0,237,567,2,0.0,11,5.9,569.83,999.0,0,0.5709794112829234
2,1,344,570,2,0.0,10,5.27,229.98,999.0,0,0.6402905744134917
4,0,17,439,2,6.36,9,3.91,216.35,69.01,1,0.6954770395784412
3,1,58,143,0,0.0,14,1.71,331.61,999.0,0,0.4818419987587442
7,1,231,448,2,22.53,6,1.46,190.21,19.89,0,0.3789818794833286
2,7,87,31,0,4.79,5,4.92,540.69,6.47,0,0.17243562285383054
0,0,35,396,2,0.0,8,1.97,388.5,999.0,0,0.48998401682372067
3,5,369,558,2,0.0,8,3.74,153.07,999.0,0,0.5877324553992019
4,0,19,106,0,12.87,14,2.85,186.23,8.24,1,0.6786003578307874
6,5,89,285,2,6.35,8,1.57,51.02,44.86,0,0.4298084365817303
5,1,244,222,0,0.0,0,3.85,397.53,999.0,0,0.19924179625551675
5,3,330,126,0,3.68,8,5.24,446.5,34.27,0,0.32246861429998186
6,2,392,62,0,7.65,15,3.47,97.05,8.1,0,0.3475209532123692
4,7,349,140,0,0.0,1,4.86,519.87,999.0,0,0.22037948137362362
6,4,90,274,2,0.0,7,3.55,114.39,999.0,0,0.4822558991655116
1,2,58,562,2,12.5,5,5.66,348.62,44.96,0,0.38800865218556146
0,3,86,149,0,0.0,0,1.11,121.92,999.0,0,0.07025351168180477
1,6,237,444,2,0.0,0,3.05,386.2,999.0,0,0.31057676392898176
7,6,63,11,1,13.69,6,2.24,482.18,0.8,0,0.1966516666368054
3,4,164,249,0,0.0,1,4.72,180.29,999.0,0,0.21596460510886473
2,3,162,316,2,10.22,3,0.21,135.16,30.93,0,0.33040275191123963
0,7,385,413,2,0.0,11,4.9,181.79,999.0,0,0.5895308774284991
6,7,39,339,2,0.0,13,2.6,540.19,999.0,0,0.5967920861441628
4,1,38,13,1,22.62,11,1.79,70.19,0.57,0,0.3008355528450724
3,4,1,457,2,0.0,12,3.68,554.99,999.0,1,0.9009777542372327
7,0,268,15,1,0.0,13,2.52,137.34,999.0,0,0.4564753310151338
6,6,82,397,2,0.0,7,3.24,343.66,999.0,0,0.5164046816507335
1,7,271,496,2,0.0,11,0.18,485.65,999.0,0,0.6340981478440332
5,7,40,583,2,11.36,0,4.16,157.31,51.31,0,0.11267323339873675
1,2,221,367,2,0.0,12,0.09,587.11,999.0,0,0.6528693129861318
0,5,72,74,0,19.6,10,3.06,583.48,3.78,0,0.304133426064763
7,7,149,92,0,0.0,15,1.78,369.23,999.0,0,0.48408700264212035
1,2,144,94,0,15.21,4,2.61,122.68,6.18,0,0.11490959298893083
7,5,263,76,0,11.23,11,1.6,96.5,6.77,0,0.38879689951558594
5,4,191,497,2,0.0,10,2.61,313.36,999.0,0,0.5503463374181883
2,2,188,508,2,0.0,1,0.38,251.59,999.0,0,0.397832252895734
5,6,141,54,0,0.0,4,1.67,521.42,999.0,0,0.31702553663637517
2,5,370,286,2,0.0,15,3.12,568.29,999.0,0,0.6480192501992376
2,2,353,268,2,0.0,2,0.82,263.42,999.0,0,0.34803839584072765
5,0,247,67,0,1.47,1,0.55,353.13,45.49,0,0.13701491078915154
2,7,56,88,0,7.87,2,4.49,45.3,11.18,0,0.07752727791137644
7,0,292,139,0,0.0,14,0.43,269.51,999.0,0,0.4506579706619633
0,0,248,262,2,0.0,9,3.37,209.79,999.0,0,0.553164268219772
2,7,212,568,2,14.33,11,0.79,169.11,39.65,0,0.5532247715728237
1,6,376,90,0,0.0,15,1.21,200.3,999.0,0,0.45461037672994353
3,1,19,264,2,0.0,11,4.65,405.11,999.0,1,0.8783938028411082
2,1,240,303,2,5.33,14,1.54,463.09,56.81,0,0.5288627662437766
5,2,216,542,2,1.51,13,0.23,268.97,358.49,0,0.5039104662218292
3,4,154,554,2,12.58,5,1.91,152.15,44.02,0,0.3805364808273887
4,6,71,553,2,1.19,1,2.67,277.71,466.34,0,0.19520402625622266
0,6,185,459,2,15.5,2,2.19,250.3,29.62,0,0.19871879800966774
2,0,305,34,0,13.52,10,0.64,306.16,2.51,0,0.38826682915490535
0,1,120,102,0,0.0,14,4.67,566.01,999.0,0,0.40137056672664906
0,2,169,302,2,17.6,12,0.32,427.56,17.16,0,0.4772267922106719
0,6,368,379,2,22.98,8,4.19,68.23,16.49,0,0.3872551778538921
0,1,342,138,0,4.56,11,5.23,54.52,30.29,0,0.3089490412413462
6,0,41,327,2,0.0,5,5.44,221.27,999.0,0,0.4857537153256027
4,7,325,347,2,0.8,1,5.74,305.54,433.88,0,0.2537981962349494
3,2,238,563,2,1.24,11,3.86,549.8,454.79,0,0.5299712479868497
1,0,5,402,2,0.0,9,4.64,27.08,999.0,1,0.8808035249387585
1,0,143,356,2,0.0,6,2.57,313.76,999.0,0,0.5058475632419919
4,1,37,555,2,0.0,7,5.94,215.35,999.0,0,0.527844834819376
2,5,178,249,0,22.73,4,0.27,244.99,10.95,0,0.13102181423005424
6,7,292,591,2,0.0,12,3.43,566.88,999.0,0,0.6590599881031345
0,1,280,396,2,17.93,8,0.26,423.36,22.09,0,0.4244149898047997
7,4,356,128,0,0.0,6,3.42,187.61,999.0,0,0.331726379840573
5,3,11,2,1,9.82,12,4.55,510.98,0.2,1,0.6101009133411274
0,3,83,356,2,0.0,15,1.28,240.1,999.0,0,0.5806124646633933
6,2,147,108,0,11.48,5,3.49,384.09,9.4,0,0.2093789752844199
2,3,114,315,2,0.0,2,0.09,476.72,999.0,0,0.3989021192479518
6,0,183,250,0,0.14,8,1.46,107.85,1779.8,0,0.3543423499315813
1,6,202,454,2,0.0,0,1.69,413.44,999.0,0,0.34492253271515033
7,5,387,576,2,13.91,10,5.14,519.21,41.4,0,0.4405272208192872
6,4,86,404,2,0.0,13,4.03,531.74,999.0,0,0.6456807407812518
2,7,190,362,2,0.0,8,2.77,288.75,999.0,0,0.48895969309947174
2,0,228,117,0,2.27,5,1.35,456.12,51.52,0,0.13073430405342507
3,6,359,172,0,0.0,2,2.12,548.02,999.0,0,0.2482811615388032
7,0,352,374,2,14.14,3,4.64,311.82,26.45,0,0.23137231999832142
5,5,282,563,2,2.04,14,4.14,292.86,276.14,0,0.5144773251033412
1,6,285,529,2,0.0,10,5.5,297.68,999.0,0,0.641870545573499
3,1,281,384,2,0.0,15,5.4,486.15,999.0,0,0.5831333166346242
4,0,337,98,0,0.0,5,4.33,296.53,999.0,0,0.23014629845676515
2,3,315,301,2,0.0,4,3.97,110.18,999.0,0,0.38823544259847453
4,4,250,285,2,0.0,3,0.4,584.88,999.0,0,0.46493766181199064
3,0,345,129,0,0.0,4,0.22,140.56,999.0,0,0.23541715700230942
2,3,68,133,0,17.92,11,5.1,93.77,7.42,0,0.39509726235559767
3,5,368,198,0,0.0,2,2.51,534.07,999.0,0,0.20285895960342792
6,3,2,58,0,0.0,14,2.74,226.4,999.0,1,0.7783712037663718
1,3,68,72,0,0.0,2,2.49,532.41,999.0,0,0.21629452667678611
1,7,153,387,2,0.0,5,3.49,574.36,999.0,0,0.41618037174880357
0,4,127,554,2,0.0,12,2.35,107.48,999.0,0,0.5597391839040444
3,1,215,498,2,0.0,11,2.44,533.18,999.0,0,0.6662606804143535
6,6,236,41,0,9.58,4,0.5,317.04,4.28,0,0.16505892582660459
5,0,156,595,2,7.17,9,3.94,275.77,82.94,0,0.44977822148041396
3,4,310,193,0,17.93,11,0.05,395.39,10.76,0,0.3731827842259464
7,3,67,172,0,9.63,3,0.53,581.82,17.85,0,0.11545685442573436
6,2,379,351,2,23.52,8,4.04,78.82,14.92,0,0.42776245079948044
0,7,305,100,0,18.5,4,3.84,440.13,5.41,0,0.2068927845543569
1,6,135,225,0,5.03,7,5.32,437.7,44.77,0,0.309488680889598
4,7,96,374,2,16.67,7,1.35,171.23,22.44,0,0.3582768257403647
0,3,40,80,0,17.66,15,2.43,236.84,4.53,0,0.37625215673483264
5,7,399,399,2,22.9,15,1.98,283.05,17.42,0,0.5004191819239613
4,5,103,369,2,24.18,11,3.39,594.85,15.26,0,0.4625025415954239
6,6,33,441,2,5.22,4,0.47,219.09,84.55,0,0.3034138138901826
0,5,317,313,2,12.7,5,4.56,365.65,24.64,0,0.3087715805648512
5,6,204,309,2,0.0,3,5.12,158.93,999.0,0,0.38038403982232427
4,2,123,376,2,0.0,8,1.09,91.07,999.0,0,0.5836365273766952
0,4,334,557,2,0.0,5,5.65,493.62,999.0,0,0.4261196912319228
5,4,110,57,0,11.32,7,3.95,285.58,5.04,0,0.206509979272828
0,0,274,124,0,12.39,5,0.85,89.74,10.01,0,0.18010194110814964
7,1,286,287,2,0.0,11,4.89,401.61,999.0,0,0.638694925513501
2,6,259,471,2,6.49,1,0.67,132.52,72.53,0,0.2708019432149772
0,6,175,151,0,5.56,14,2.72,354.84,27.14,0,0.3380366000669913
5,6,97,199,0,0.0,8,5.47,394.51,999.0,0,0.35159696101397314
5,2,225,549,2,1.57,10,3.89,401.81,349.23,0,0.4554756340709626
0,2,248,182,0,0.0,9,1.12,288.61,999.0,0,0.4796018253076343
3,1,218,27,0,0.0,3,4.62,146.22,999.0,0,0.2137595214805781
1,7,85,35,0,0.0,12,3.73,223.62,999.0,0,0.4085009636146701
6,2,370,27,0,0.0,15,4.7,219.5,999.0,0,0.476296379304107
5,3,121,151,0,4.22,7,4.2,130.26,35.74,0,0.25666549581592357
2,0,148,372,2,0.0,11,1.35,151.45,999.0,0,0.6012185774032244
5,0,241,406,2,0.0,14,0.27,128.71,999.0,0,0.6519213132336136
1,2,103,390,2,0.0,15,0.75,249.93,999.0,0,0.6025829821820834
3,2,362,91,0,24.09,13,5.54,461.99,3.78,0,0.35409588413792487
4,6,245,205,0,8.11,4,0.87,588.21,25.28,0,0.21886502802108276
2,2,83,520,2,0.0,9,1.52,109.3,999.0,0,0.5852255715641883
2,2,92,362,2,10.13,5,4.93,378.4,35.75,0,0.38916696966069986
3,5,336,50,0,0.0,15,5.19,161.89,999.0,0,0.49261003075339277
1,0,140,406,2,17.09,8,0.63,157.06,23.75,0,0.43917808599500907
5,3,287,312,2,19.3,4,0.08,402.79,16.16,0,0.3011176921705704
6,2,206,58,0,12.72,12,1.38,500.34,4.56,0,0.34682319044189236
5,6,33,321,2,18.26,1,2.17,165.83,17.58,0,0.15072657668526368
2,1,189,88,0,10.7,2,0.46,464.53,8.22,0,0.13618929249921566
5,6,140,17,1,0.0,12,3.55,142.68,999.0,0,0.4285248662092023
7,5,95,61,0,0.0,4,0.11,117.86,999.0,0,0.35080889003073024
0,1,319,508,2,0.0,4,1.84,565.66,999.0,0,0.4265888349208095
6,6,237,544,2,14.16,12,0.22,573.84,38.41,0,0.518227412774709
1,2,219,502,2,0.0,2,4.79,591.35,999.0,0,0.3162449139939412
7,6,346,28,0,11.51,15,3.89,263.81,2.43,0,0.3184677709704578
3,4,104,118,0,15.07,10,1.85,37.91,7.83,0,0.3514993026901306
5,2,120,127,0,0.0,3,3.52,224.14,999.0,0,0.16882227734440186
5,7,194,278,2,24.83,9,2.88,432.36,11.2,0,0.39814287335301685
6,7,203,313,2,7.73,15,2.41,351.99,40.49,0,0.5011703030319263
4,1,215,206,0,9.64,13,4.14,39.59,21.37,0,0.3929481139754884
0,0,209,250,0,0.0,15,1.2,361.54,999.0,0,0.45633451161538197
4,6,316,190,0,24.07,2,0.66,388.29,7.89,0,0.12563047307070757
2,6,115,328,2,5.15,14,4.31,123.96,63.72,0,0.47197174856971674
2,2,237,423,2,16.86,9,1.41,65.45,25.09,0,0.4356816281206145
4,5,314,402,2,8.72,13,3.94,163.85,46.12,0,0.5466849571440288
4,4,382,226,0,7.68,2,4.75,197.1,29.41,0,0.04855747252302342
3,3,362,264,2,6.89,9,1.36,530.93,38.29,0,0.5032488110154133
4,0,270,574,2,0.0,1,3.56,310.29,999.0,0,0.2773964444447507
7,3,295,545,2,16.06,3,1.5,80.09,33.93,0,0.206957131979799
7,2,32,177,0,2.88,1,2.87,194.79,61.49,0,0.10419508038631568
5,3,147,422,2,9.26,4,5.15,92.88,45.55,0,0.2673320620150811
0,4,143,580,2,10.82,12,5.57,106.06,53.6,0,0.503312609991532
0,0,73,364,2,0.0,6,4.4,287.65,999.0,0,0.5250166015566727
5,6,98,338,2,14.56,0,3.33,269.54,23.22,0,0.20673973150153277
3,1,134,369,2,0.0,8,4.17,250.0,999.0,0,0.5125544719260712
1,3,278,563,2,0.0,9,5.34,130.49,999.0,0,0.5668874821283562
2,0,128,199,0,7.75,5,1.59,140.59,25.68,0,0.14293377192501716
4,3,340,461,2,17.86,12,4.69,333.36,25.82,0,0.43336244854271666
5,2,292,287,2,0.0,4,5.32,399.21,999.0,0,0.4355959783756711
7,7,147,65,0,0.0,1,1.81,508.05,999.0,0,0.10901344205900945
3,5,25,167,0,4.05,13,2.35,125.08,41.24,1,0.6601927742392785
2,3,103,136,0,0.0,7,0.06,29.42,999.0,0,0.37138606077017333
1,3,105,10,1,0.0,6,1.52,291.7,999.0,0,0.27012649762695723
1,6,234,373,2,0.0,14,5.14,102.36,999.0,0,0.6074065744367294
5,5,128,58,0,4.34,6,0.34,566.11,13.37,0,0.20931297739185517
3,4,250,174,0,0.0,8,4.3,571.44,999.0,0,0.361817198497057
2,4,235,69,0,0.0,2,2.73,114.57,999.0,0,0.15360879027418858
2,4,27,382,2,1.46,8,3.96,336.95,261.24,1,0.7535576777245295
1,7,329,507,2,8.03,13,0.64,476.26,63.15,0,0.5166774219493133
2,4,26,395,2,0.0,14,0.92,413.03,999.0,1,0.9084899975995109
5,1,93,159,0,0.0,10,2.31,459.78,999.0,0,0.44380969051654173
4,2,127,497,2,0.0,14,3.44,565.48,999.0,0,0.6453314994451167
1,2,44,88,0,0.0,14,5.8,44.34,999.0,0,0.47362668902873
6,0,343,75,0,0.0,15,1.75,40.91,999.0,0,0.46551354283022794
3,2,181,106,0,14.69,11,1.07,204.64,7.21,0,0.39628994306689486
1,7,53,176,0,4.39,12,4.49,164.87,40.11,0,0.3569067574629815
2,2,11,369,2,0.0,4,0.68,122.17,999.0,1,0.7323784149609284
4,6,99,199,0,0.0,6,1.21,188.14,999.0,0,0.31824503056062936
0,4,258,531,2,12.48,0,1.63,32.07,42.56,0,0.12994521290986932
5,6,393,519,2,0.0,10,1.14,415.49,999.0,0,0.6096202235734868
2,6,219,214,0,4.0,13,1.4,127.29,53.51,0,0.40055382802904377
7,5,88,163,0,0.0,0,2.51,533.78,999.0,0,0.13191476184970463
1,2,310,137,0,0.69,5,0.91,185.79,197.29,0,0.14234205407278716
6,3,22,155,0,14.79,12,1.4,161.73,10.48,1,0.6502050078393831
2,6,89,303,2,0.0,1,2.59,64.08,999.0,0,0.3415894395642361
0,5,50,199,0,0.0,7,3.93,460.96,999.0,0,0.31885369954431897
4,3,361,160,0,0.0,5,5.1,74.73,999.0,0,0.34946028277834873
1,5,384,303,2,0.0,11,3.23,524.44,999.0,0,0.6152127841864434
7,6,153,8,1,0.0,10,1.57,331.6,999.0,0,0.43673560945031387
4,2,345,0,1,1.06,5,3.42,311.44,0.0,0,0.24189254984065414
7,7,126,321,2,13.02,12,1.69,524.73,24.66,0,0.5198721197045971
1,6,371,132,0,0.0,3,3.66,434.62,999.0,0,0.218334245570299
2,2,39,197,0,4.58,2,0.27,114.6,43.05,0,0.0934389655857563
3,1,145,497,2,0.0,2,2.83,376.7,999.0,0,0.3124109096157989
6,4,295,539,2,0.0,6,0.67,338.74,999.0,0,0.44222708751138606
6,6,210,21,1,0.0,0,0.37,221.74,999.0,0,0.1186319071685348
2,5,100,557,2,0.0,0,1.93,46.92,999.0,0,0.327153573196644
4,3,272,240,0,0.0,11,3.32,113.87,999.0,0,0.46015158192138483
2,0,31,461,2,9.95,5,4.94,458.65,46.32,0,0.3820274861848941
3,2,285,211,0,22.05,6,1.29,300.52,9.57,0,0.2700153954747175
1,5,326,116,0,22.08,5,2.39,80.76,5.25,0,0.18208641280426083
4,1,1,76,0,0.0,6,5.4,435.8,999.0,1,0.56028254738374
3,5,96,472,2,0.0,15,1.95,563.98,999.0,0,0.6383539837071072
0,6,247,504,2,0.0,13,4.53,439.54,999.0,0,0.6490626134711515
2,0,326,551,2,13.07,7,4.62,380.28,42.17,0,0.39005066592100157
7,6,60,471,2,0.0,11,5.82,263.02,999.0,0,0.6523874555825362
3,4,180,509,2,0.0,4,4.21,238.58,999.0,0,0.44151173992753723
6,6,392,174,0,15.29,3,0.83,279.97,11.38,0,0.10975795182829837
2,5,167,228,0,15.06,0,4.58,448.14,15.14,0,0.07639133167550297
0,7,138,486,2,3.57,13,3.54,598.27,136.21,0,0.4375514964143662
7,6,249,22,1,14.06,9,4.12,308.86,1.56,0,0.32509799619192786
4,6,142,77,0,0.0,9,0.68,287.99,999.0,0,0.40566633631317806
7,5,106,408,2,0.0,12,1.76,358.88,999.0,0,0.5533545255052039
4,5,6,170,0,16.57,0,1.96,119.12,10.26,1,0.35028331210103314
0,2,205,142,0,0.0,12,2.4,340.67,999.0,0,0.49820781653631313
0,2,139,547,2,20.84,3,4.62,20.32,26.25,0,0.3112711789664244
3,0,169,494,2,0.0,15,1.57,515.67,999.0,0,0.6693812153690931
5,6,122,14,1,3.73,11,5.49,47.4,3.75,0,0.3155424878411808
5,6,390,412,2,2.55,6,0.1,581.58,161.85,0,0.38074339213825614
4,1,286,267,2,0.0,14,5.87,405.68,999.0,0,0.6576643186722941
4,6,230,583,2,1.29,0,3.92,327.88,450.31,0,0.14943945772747283
0,0,58,208,0,0.0,1,1.39,552.98,999.0,0,0.15836193151744657
4,2,308,44,0,9.83,10,5.73,344.0,4.47,0,0.40149507498818865
5,2,155,39,0,0.0,3,1.94,219.63,999.0,0,0.2376827828611624
7,2,162,435,2,0.0,5,0.75,24.59,999.0,0,0.42833721637500355
4,7,16,264,2,12.47,12,1.82,187.37,21.17,1,0.8042560839584592
5,3,308,447,2,0.0,7,3.21,201.27,999.0,0,0.5126918695245117
1,2,148,341,2,0.0,3,1.0,500.76,999.0,0,0.43404270403942335
0,0,380,255,2,0.0,2,5.58,59.43,999.0,0,0.38005573813241667
7,3,399,146,0,15.83,15,0.94,467.99,9.22,0,0.3566358999532527
3,5,285,328,2,17.81,10,1.03,358.98,18.42,0,0.46663286075321836
5,2,365,320,2,0.0,10,2.94,376.67,999.0,0,0.6038352010249138
0,5,27,541,2,0.0,11,1.85,73.79,999.0,1,0.8837884227521193
4,4,242,235,0,0.0,11,4.63,192.59,999.0,0,0.514861404474608
4,1,237,121,0,8.91,14,1.2,187.84,13.58,0,0.3981562417176675
3,0,171,236,0,0.0,7,1.17,327.31,999.0,0,0.3645542344598286
1,3,123,533,2,0.0,13,5.62,317.53,999.0,0,0.6107233117833267
2,1,181,178,0,12.0,6,0.06,499.78,14.84,0,0.2518611494423203
5,1,161,185,0,3.06,13,1.96,403.32,60.54,0,0.401189860994313
3,7,263,51,0,0.0,11,2.55,297.45,999.0,0,0.4251044836156514
6,7,45,490,2,11.07,5,3.55,250.54,44.27,0,0.38185709243891036
4,3,108,405,2,3.41,12,3.77,269.41,118.64,0,0.5466002543920593
5,0,313,588,2,0.0,1,0.67,328.71,999.0,0,0.3415727022682154
7,3,296,17,1,0.0,10,0.98,428.48,999.0,0,0.45554210996990047
6,4,148,174,0,16.26,8,4.42,318.47,10.7,0,0.28800433638472034
7,5,225,174,0,14.03,15,1.97,431.79,12.41,0,0.331823537427992
2,1,304,52,0,0.0,14,4.47,288.4,999.0,0,0.4546575769268298
1,2,154,541,2,13.51,2,2.77,557.21,40.04,0,0.26407353149110036
4,4,169,101,0,0.0,13,2.98,526.83,999.0,0,0.45276867448828856
6,1,43,186,0,0.0,6,3.17,218.2,999.0,0,0.33413009105526326
1,1,296,251,2,15.24,2,1.65,551.53,16.47,0,0.243172528992316
0,2,54,455,2,0.0,11,1.89,344.96,999.0,0,0.6010270532291636
6,3,114,382,2,2.24,0,4.53,289.51,170.86,0,0.19988027067055292
5,3,65,404,2,0.0,3,3.45,476.61,999.0,0,0.3355784267876463
3,2,294,485,2,7.68,11,0.73,439.63,63.12,0,0.4459684846585415
0,5,274,103,0,0.0,1,1.7,55.38,999.0,0,0.11827548095524626
3,7,106,410,2,1.74,15,1.23,459.37,235.37,0,0.46678330860884126
7,1,112,357,2,12.74,7,1.25,160.36,28.02,0,0.4082418343368354
0,5,279,329,2,24.39,2,2.2,574.26,13.49,0,0.2280435314169459
3,1,334,342,2,21.52,7,3.51,349.5,15.89,0,0.3768482025981403
1,1,195,297,2,0.0,4,5.03,548.39,999.0,0,0.4145844146783582
2,7,15,162,0,13.62,12,2.46,219.01,11.9,1,0.599924880529927
2,1,194,261,2,6.41,2,0.21,80.81,40.71,0,0.3255102558523105
7,5,325,209,0,8.37,13,4.97,44.86,24.97,0,0.33479659732878314
1,0,97,573,2,0.0,15,5.88,24.8,999.0,0,0.5671251906334814
6,3,217,137,0,0.0,8,3.8,412.33,999.0,0,0.3803945167506271
3,5,109,22,1,0.0,13,2.97,170.87,999.0,0,0.48074057566573936
0,2,89,517,2,13.41,14,4.59,525.28,38.54,0,0.5205278560169783
5,1,362,242,0,20.78,14,0.81,304.76,11.65,0,0.3518331827886391
3,0,329,435,2,0.0,3,4.55,506.7,999.0,0,0.4244913116136096
0,3,157,213,0,0.0,15,1.23,292.54,999.0,0,0.4882279489166256
5,3,375,239,0,5.36,15,2.7,501.05,44.58,0,0.30131517073441877
0,0,319,115,0,23.55,6,3.08,389.41,4.88,0,0.21229573735832388
0,2,280,130,0,9.9,8,4.73,582.54,13.13,0,0.33685956388291666
1,2,120,87,0,15.28,14,2.77,24.25,5.69,0,0.38095542992308595
1,0,29,506,2,17.24,3,3.39,112.55,29.36,1,0.5305477697233832
3,1,31,494,2,17.86,3,5.73,555.69,27.65,0,0.22330380632041652
4,7,15,571,2,11.87,8,5.19,353.12,48.12,1,0.6705623318999997
2,5,41,507,2,0.0,5,1.74,173.71,999.0,0,0.4968088680749213
3,2,215,102,0,0.0,1,1.15,241.89,999.0,0,0.15379453888465472
6,3,26,486,2,0.3,14,4.17,118.5,1620.11,1,0.8421100138991777
2,0,17,343,2,0.0,12,5.36,260.18,999.0,1,0.8462650344402299
5,3,210,556,2,0.0,10,2.79,370.85,999.0,0,0.5536030078470103
1,7,125,139,0,0.0,0,4.79,145.39,999.0,0,0.12537749536884596
3,0,336,462,2,0.0,3,1.23,491.54,999.0,0,0.39396459529512207
7,1,336,399,2,0.0,3,0.15,497.7,999.0,0,0.39795718848253087
4,6,58,507,2,0.0,2,2.84,23.65,999.0,0,0.3248202385661542
3,6,28,148,0,20.63,9,5.14,559.79,7.18,1,0.5538093549463158
5,2,48,406,2,0.38,5,1.29,360.87,1054.77,0,0.3806394574781795
2,0,299,278,2,7.63,15,5.3,237.98,36.45,0,0.432712473459462
2,6,329,361,2,0.0,4,2.82,65.76,999.0,0,0.41387424272538237
4,0,347,137,0,6.76,11,3.51,223.44,20.27,0,0.3358717912766832
2,1,55,588,2,16.69,2,1.02,269.32,35.24,0,0.27970106631928987
4,6,131,490,2,13.9,4,1.28,240.03,35.25,0,0.2450544912587297
0,4,160,467,2,0.0,14,4.93,343.34,999.0,0,0.5606284910232311
1,0,252,298,2,0.0,2,2.62,45.3,999.0,0,0.342439670715881
3,6,312,130,0,20.84,7,1.67,176.03,6.24,0,0.2464455522928408
7,0,259,161,0,2.93,10,1.65,128.75,54.92,0,0.3757299079200771
0,2,34,170,0,4.98,4,5.2,228.38,34.12,0,0.1374624167694063
3,3,2,62,0,0.52,7,4.76,451.39,120.26,1,0.5932876718073841
7,3,304,113,0,0.0,2,0.73,89.08,999.0,0,0.24068220653987377
0,1,197,581,2,0.0,7,0.83,306.79,999.0,0,0.5727309644392649
7,0,199,9,1,13.54,9,3.26,508.73,0.66,0,0.2678640596355225
6,7,133,397,2,0.0,0,5.53,493.24,999.0,0,0.34669290029062616
4,3,128,444,2,0.0,7,5.72,67.84,999.0,0,0.46553455512826863
1,5,48,568,2,16.14,10,3.01,460.35,35.18,0,0.5455423302693866
4,2,10,193,0,0.0,2,2.18,207.89,999.0,1,0.46270082134997914
6,6,16,457,2,8.04,9,3.49,428.35,56.83,1,0.7815876224080521
6,7,76,54,0,0.0,8,5.29,438.19,999.0,0,0.4232135974221937
1,2,71,227,0,12.83,0,0.9,536.6,17.69,0,0.0
5,1,255,268,2,0.0,14,1.36,549.39,999.0,0,0.6264608177282861
3,6,160,163,0,0.0,11,5.97,30.09,999.0,0,0.44535910912202886
2,1,396,573,2,23.76,3,3.29,418.24,24.12,0,0.31859217328081424
2,5,178,578,2,0.45,3,5.3,55.28,1291.7,0,0.2981938051339028
3,0,136,436,2,0.0,2,0.77,160.54,999.0,0,0.3205300735847647
1,0,46,179,0,0.0,13,0.41,71.95,999.0,0,0.4370493006287536
4,5,6,509,2,18.39,10,1.35,492.64,27.68,1,0.8169446585153161
4,4,196,47,0,24.27,5,5.36,587.51,1.94,0,0.18027543037018992
3,4,197,25,0,0.0,10,1.42,232.25,999.0,0,0.4763014195056453
3,4,252,152,0,6.49,13,0.5,599.52,23.43,0,0.3742331691265751
2,5,388,103,0,0.0,14,4.01,126.3,999.0,0,0.44436758368033075
0,6,215,396,2,23.37,4,5.14,180.12,16.94,0,0.24719060792600456
7,6,280,452,2,12.77,9,2.84,501.32,35.41,0,0.47748697551457026
0,3,186,15,1,0.0,9,3.0,300.36,999.0,0,0.39416046187897413
2,2,121,320,2,0.0,9,0.32,441.11,999.0,0,0.6505691987196598
6,2,57,154,0,2.17,8,3.63,455.7,70.9,0,0.245635233900175
4,2,9,409,2,16.5,9,3.86,71.01,24.79,1,0.6928469747016508
7,3,280,563,2,0.0,14,1.49,517.16,999.0,0,0.6014841394723967
4,3,173,600,2,0.0,2,3.17,180.79,999.0,0,0.39016449006179765
0,6,208,265,2,0.0,11,5.08,493.6,999.0,0,0.6691555968318066
2,1,83,379,2,7.78,2,4.81,128.16,48.75,0,0.2775827824735411
1,6,27,318,2,15.28,0,4.94,159.04,20.81,1,0.4070733136837007
6,0,30,207,0,0.0,3,3.57,339.44,999.0,0,0.2570672008599916
0,1,46,282,2,0.0,6,1.79,563.34,999.0,0,0.5195949663967876
3,1,385,508,2,18.69,13,0.27,454.54,27.18,0,0.5652142090222172
6,2,390,363,2,0.0,8,0.59,395.85,999.0,0,0.6038027982841557
7,5,187,9,1,0.0,6,5.75,217.62,999.0,0,0.30252365648458224
2,1,12,483,2,23.07,0,2.83,472.05,20.94,1,0.46184931614439445
0,3,240,114,0,0.0,13,0.16,420.35,999.0,0,0.4367304936118253
7,2,67,207,0,16.92,8,2.89,469.44,12.23,0,0.2902568598967482
7,5,117,41,0,11.19,3,5.4,24.04,3.67,0,0.16179226728093263
0,5,181,476,2,0.0,0,1.02,169.0,999.0,0,0.33417518880351804
3,2,110,404,2,0.0,3,2.34,42.07,999.0,0,0.44519770334761
6,5,234,265,2,9.96,0,2.33,276.64,26.61,0,0.1919166904895073
1,6,318,121,0,6.15,4,0.54,51.85,19.68,0,0.13038656419070493
6,4,75,397,2,1.82,0,1.31,231.11,218.43,0,0.24750701541395512
4,2,145,216,0,0.0,7,3.47,187.36,999.0,0,0.4166335346336677
1,3,13,10,1,0.0,13,3.6,489.5,999.0,1,0.7676856911320719
5,3,24,150,0,0.0,12,2.86,231.54,999.0,1,0.7669051304885509
6,4,207,250,0,5.78,7,1.86,72.61,43.27,0,0.19437683188246338
0,1,390,282,2,22.8,8,4.61,110.17,12.37,0,0.4266677214684453
6,1,164,483,2,6.17,10,4.47,550.35,78.29,0,0.44334005070044014
1,7,253,337,2,0.0,7,3.55,463.74,999.0,0,0.5137300647258964
1,5,186,265,2,0.0,14,0.96,445.92,999.0,0,0.553677016525873
4,4,223,378,2,19.29,14,2.81,41.27,19.59,0,0.43775894264120724
1,0,236,208,0,1.53,3,2.17,487.2,136.07,0,0.1765638438335109
7,3,247,62,0,5.41,10,1.84,152.4,11.45,0,0.29191348949937523
2,7,152,74,0,21.01,14,4.03,242.33,3.52,0,0.3094397180342279
2,5,133,403,2,17.13,4,5.36,127.84,23.52,0,0.299943330020224
4,0,230,426,2,0.0,0,2.67,537.57,999.0,0,0.3119831170501183
2,7,35,211,0,0.0,12,2.86,421.14,999.0,0,0.45297614419794857
2,3,271,441,2,18.05,1,2.44,409.66,24.43,0,0.14562514567136567
4,6,303,239,0,4.41,11,4.66,170.63,54.21,0,0.33162237625259766
0,2,243,204,0,0.0,10,3.58,280.64,999.0,0,0.524185368052756
0,5,99,329,2,0.0,15,3.0,531.46,999.0,0,0.6099773744142174
5,5,131,162,0,0.0,0,1.45,473.13,999.0,0,0.12116063667580118
2,7,108,412,2,0.0,14,4.37,124.55,999.0,0,0.6347399871135327
2,2,247,105,0,0.0,14,4.98,397.72,999.0,0,0.44881149032049744
1,7,55,433,2,4.11,5,3.7,335.05,105.36,0,0.2836824053129108
4,6,296,566,2,5.82,5,5.64,504.62,97.3,0,0.3846424695061906
0,3,300,183,0,0.0,13,5.97,590.69,999.0,0,0.5053656129982409
0,1,137,188,0,16.97,15,4.97,55.12,11.08,0,0.35556406202191704
1,7,238,19,1,0.0,12,5.54,278.48,999.0,0,0.4834238854402342
5,0,17,298,2,0.0,5,2.48,286.13,999.0,1,0.700456621870536
4,6,296,229,0,21.32,5,3.38,473.86,10.74,0,0.18198774902125114
3,0,277,227,0,0.0,12,4.54,208.56,999.0,0,0.4173038689699236
5,5,56,224,0,0.0,4,2.77,111.64,999.0,0,0.3089732757448461
2,1,82,586,2,2.95,7,2.09,47.7,198.86,0,0.4509928250662125
6,0,65,440,2,17.96,12,3.88,497.96,24.49,0,0.4844340737429374
2,4,183,210,0,14.7,11,0.14,439.22,14.28,0,0.3850650778000432
6,4,2,428,2,18.7,13,5.08,32.59,22.88,1,0.7153513820877435
0,1,290,175,0,0.0,5,4.63,544.39,999.0,0,0.34319554074878655
4,3,318,33,0,0.0,7,1.04,110.99,999.0,0,0.40885420989313287
3,3,89,6,1,0.0,11,0.4,109.3,999.0,0,0.4587721873739905
5,5,31,116,0,0.0,10,1.7,481.8,999.0,0,0.4719540460981089
0,3,208,594,2,12.61,6,3.74,457.93,47.12,0,0.3314723899895681
2,4,127,403,2,22.98,4,0.04,331.69,17.54,0,0.31788016361651356
3,1,65,275,2,0.0,5,5.28,53.37,999.0,0,0.48360908955336196
6,5,314,137,0,0.0,4,1.46,307.92,999.0,0,0.22177054996066148
7,7,159,380,2,0.0,0,2.3,365.27,999.0,0,0.3340357067598716
1,3,230,350,2,0.0,4,1.08,278.88,999.0,0,0.4423588756582857
1,7,191,237,0,0.0,13,5.13,178.96,999.0,0,0.44822023047609155
6,4,197,105,0,0.0,0,5.34,266.92,999.0,0,0.12382826460181315
3,0,3,584,2,14.83,10,5.25,176.88,39.39,1,0.732926223724677
1,1,182,235,0,21.5,0,1.91,177.13,10.93,0,0.05637544134726498
2,1,298,107,0,0.0,14,2.91,362.94,999.0,0,0.46652535003989115
4,7,310,129,0,9.36,4,0.92,74.19,13.78,0,0.16663264140019238
4,5,359,552,2,0.0,0,1.82,334.78,999.0,0,0.2891165805233544
6,7,325,391,2,0.0,6,5.28,459.38,999.0,0,0.4926694050934026
6,5,49,366,2,0.0,5,2.04,435.52,999.0,0,0.4698614602892126
6,4,30,532,2,8.34,6,4.98,334.06,63.8,0,0.41871926299468054
5,6,364,489,2,0.0,0,4.44,174.35,999.0,0,0.287870602421757
2,5,157,221,0,21.56,11,0.48,359.65,10.25,0,0.3310160171842378
2,2,94,358,2,0.0,5,2.12,481.57,999.0,0,0.502059145542052
6,2,388,307,2,11.18,6,3.53,166.13,27.46,0,0.323633612197148
0,1,87,166,0,6.14,2,1.72,352.57,27.03,0,0.10528259779045998
0,6,202,174,0,20.79,1,0.81,251.13,8.37,0,0.04122221401221344
5,0,298,369,2,0.0,2,2.86,185.32,999.0,0,0.29872057433613813
3,1,26,86,0,0.0,11,4.58,332.47,999.0,1,0.6913163877735753
2,4,238,95,0,0.0,12,5.11,423.0,999.0,0,0.4403846427486156
0,2,237,497,2,16.48,12,1.69,84.32,30.16,0,0.5122104812398811
6,0,243,446,2,21.76,9,1.31,324.92,20.5,0,0.5107271539157527
0,0,294,333,2,0.0,6,1.63,72.28,999.0,0,0.5211394827594853
2,3,345,113,0,0.0,13,0.69,392.89,999.0,0,0.49758781873496455
4,4,365,95,0,24.12,4,5.63,434.94,3.94,0,0.14469072897639815
4,4,60,201,0,11.49,15,3.95,245.25,17.49,0,0.33344146979744027
6,0,217,213,0,19.75,5,3.74,46.1,10.78,0,0.1632931848287578
6,1,243,335,2,0.0,14,0.12,70.19,999.0,0,0.6868022309229405
3,2,154,187,0,0.0,9,3.36,278.27,999.0,0,0.40999304470851633
4,1,394,508,2,4.21,11,2.57,214.44,120.8,0,0.4535644744345395
6,4,230,583,2,0.0,5,2.15,190.18,999.0,0,0.4543279457417636
3,6,390,140,0,0.0,8,4.13,120.31,999.0,0,0.38788612350869783
4,1,335,12,1,0.0,10,1.36,527.15,999.0,0,0.46509857376125724
5,7,380,274,2,4.36,8,1.41,472.53,62.85,0,0.43840870626211476
0,3,245,546,2,1.94,1,1.83,510.93,281.25,0,0.23821092117777337
1,4,114,466,2,12.63,8,1.27,49.71,36.9,0,0.45332897344992445
1,7,334,359,2,21.96,13,5.09,96.2,16.35,0,0.5352206933984454
3,6,284,68,0,9.19,2,3.12,493.56,7.4,0,0.12358537752234526
0,0,77,463,2,0.0,3,0.07,319.87,999.0,0,0.4034802665295015
7,6,11,297,2,24.41,13,4.52,268.47,12.17,1,0.7504953112299072
0,3,362,253,2,11.11,7,1.27,249.89,22.78,0,0.4113534537315651
3,0,208,482,2,0.0,4,1.1,126.38,999.0,0,0.40723751373993095
7,4,398,83,0,15.36,13,1.97,311.38,5.4,0,0.3295388460245008
0,6,242,210,0,0.0,9,4.08,118.11,999.0,0,0.4398044710400101
7,6,13,322,2,19.97,0,5.06,389.34,16.12,1,0.4585202042502616
2,1,356,466,2,1.47,2,3.27,252.85,317.64,0,0.2807946193600731
0,6,201,210,0,0.0,2,2.41,114.46,999.0,0,0.26571190705492254
0,7,99,594,2,0.0,5,2.94,345.87,999.0,0,0.44024154755690215
5,3,396,238,0,11.59,0,3.2,496.97,20.53,0,0.0069553172088378246
4,2,208,298,2,0.0,7,5.83,70.52,999.0,0,0.5465299259162593
5,4,352,19,1,2.82,13,2.7,596.45,6.73,0,0.36185772792664067
1,5,276,449,2,4.75,8,5.98,327.69,94.6,0,0.48103080099762013
4,3,288,524,2,18.56,7,4.87,424.48,28.23,0,0.42793720019301645
1,7,372,551,2,2.79,0,2.32,238.6,197.41,0,0.18690717244542776
3,1,176,540,2,0.0,3,2.28,513.53,999.0,0,0.4318981213918913
2,1,169,1,1,4.99,1,0.69,51.55,0.2,0,0.08642421378977766
2,6,323,305,2,0.0,6,0.19,384.88,999.0,0,0.45831237789204093
1,7,82,411,2,0.0,13,3.3,397.74,999.0,0,0.6424473058843455
4,5,386,30,0,0.0,14,0.88,314.43,999.0,0,0.46418119543784303
5,2,329,478,2,0.0,2,2.51,21.27,999.0,0,0.4064471064737466
1,6,57,175,0,20.0,12,0.79,343.33,8.75,0,0.36186244467111545
0,3,320,122,0,0.0,13,1.17,542.79,999.0,0,0.4217475121741989
4,3,167,390,2,0.0,8,2.0,322.71,999.0,0,0.5845584308579966
7,0,42,182,0,0.27,4,1.79,401.43,664.72,0,0.162872199191108
6,0,300,92,0,0.0,7,2.75,164.21,999.0,0,0.3159167532485601
4,7,208,60,0,6.25,14,0.0,552.61,9.6,0,0.36505267826786464
6,5,69,315,2,1.05,7,4.19,266.45,299.8,0,0.4141478592341238
1,7,189,285,2,0.0,12,4.96,177.75,999.0,0,0.6552617316533876
2,1,181,583,2,11.29,7,3.11,180.34,51.62,0,0.4194760230184189
6,2,102,130,0,0.0,12,2.42,288.88,999.0,0,0.48305553998791817
6,4,300,75,0,3.23,15,5.81,516.09,23.19,0,0.36998925468779753
2,2,384,51,0,0.0,12,1.11,577.52,999.0,0,0.45764106507886876
2,0,197,426,2,9.95,13,1.06,537.67,42.8,0,0.4752346410843189
2,3,111,328,2,18.79,12,3.34,289.11,17.46,0,0.4894518659570275
2,5,400,444,2,0.0,7,1.53,120.15,999.0,0,0.5167908777721468
4,3,49,335,2,0.0,2,0.93,93.11,999.0,0,0.29803932873658545
0,1,149,304,2,1.24,12,0.88,377.83,244.81,0,0.5444085707638354
1,4,380,232,0,21.32,2,1.31,88.56,10.88,0,0.058495029315280486
7,5,78,556,2,0.0,13,3.87,503.04,999.0,0,0.5960493322883152
2,2,152,11,1,0.0,1,3.11,155.45,999.0,0,0.20179809990417436
0,7,219,438,2,0.0,8,3.35,379.86,999.0,0,0.5010122826534871
0,5,206,546,2,0.0,2,2.84,231.41,999.0,0,0.36935370552710534
0,7,316,418,2,10.23,10,5.87,108.7,40.88,0,0.5217377537354565
4,0,159,253,2,19.89,15,1.55,432.28,12.72,0,0.4681585200657293
1,3,247,323,2,0.0,0,0.31,304.31,999.0,0,0.28113476215299577
2,1,255,358,2,1.55,2,4.55,461.84,230.56,0,0.21552063694536522
0,2,356,341,2,0.0,6,3.09,132.16,999.0,0,0.47715462163714895
3,4,375,188,0,20.26,8,5.08,186.23,9.28,0,0.29907204604156506
4,7,221,26,0,11.1,4,4.65,202.82,2.34,0,0.10588267069131581
0,7,212,329,2,0.0,15,3.78,586.93,999.0,0,0.6325673391437797
5,1,248,244,0,0.0,11,0.47,223.97,999.0,0,0.45428060034122897
4,0,310,75,0,13.96,0,2.07,335.87,5.37,0,0.0
1,5,232,266,2,6.78,11,1.49,406.52,39.23,0,0.5406190601572737
0,7,243,2,1,0.0,7,5.35,484.67,999.0,0,0.38001893870069
5,4,61,552,2,0.0,7,3.63,477.31,999.0,0,0.5195118037607771
2,1,277,24,1,17.02,12,4.61,464.96,1.41,0,0.3786098743063673
0,3,264,380,2,22.88,8,3.77,422.16,16.61,0,0.36852501069909765
7,0,78,401,2,8.04,2,5.82,241.64,49.86,0,0.257045902345177
3,3,370,242,0,8.56,4,1.2,560.87,28.26,0,0.1705881683696392
7,4,135,21,1,0.0,13,2.92,313.24,999.0,0,0.5057945453570357
7,0,306,172,0,0.0,2,3.25,439.27,999.0,0,0.23713067820298803
4,3,41,94,0,0.0,12,2.27,75.82,999.0,0,0.45445366347641675
5,0,176,166,0,0.0,5,3.95,84.63,999.0,0,0.3287437329321604
0,4,233,162,0,3.67,7,3.6,292.82,44.16,0,0.1948412511432607
7,4,187,285,2,0.0,4,5.51,539.33,999.0,0,0.36759139118533707
1,4,200,75,0,20.57,7,3.46,264.31,3.65,0,0.28912066020302557
6,6,68,417,2,4.5,12,5.54,230.72,92.77,0,0.5471467644097889
2,6,38,547,2,0.0,11,2.92,342.2,999.0,0,0.60381092250878
3,6,265,410,2,0.0,12,1.42,249.81,999.0,0,0.5786447204059119
0,5,23,132,0,0.0,13,1.6,24.65,999.0,1,0.7354022394905403
1,0,111,600,2,0.0,5,0.35,449.65,999.0,0,0.49260280259057077
2,5,70,23,1,15.21,5,4.13,465.09,1.51,0,0.18520816453424943
5,7,357,375,2,0.0,5,5.82,44.16,999.0,0,0.4647937182038497
6,0,69,474,2,8.72,9,3.97,169.52,54.36,0,0.43080252037776934
2,0,164,292,2,18.68,9,5.55,150.57,15.63,0,0.40886755286844595
0,1,368,561,2,14.88,11,3.18,184.37,37.7,0,0.5306761179971113
4,5,204,415,2,0.0,11,0.9,306.13,999.0,0,0.6135470537593696
5,6,195,12,1,5.87,3,4.87,507.41,2.04,0,0.10315163070716926
6,0,230,10,1,0.0,13,5.41,255.54,999.0,0,0.40572981941408537
5,1,188,516,2,0.0,11,5.73,414.92,999.0,0,0.5581421856056622
3,1,217,508,2,20.22,13,0.32,325.4,25.12,0,0.5256973320556728
5,2,92,261,2,0.0,7,3.54,198.4,999.0,0,0.5220601152169838
0,6,136,374,2,5.34,14,3.5,205.2,69.97,0,0.4852282009629383
1,6,223,307,2,21.19,6,2.58,245.24,14.49,0,0.31676664115821923
3,3,166,506,2,6.6,12,3.28,24.01,76.71,0,0.512399773420728
0,2,125,489,2,0.0,8,1.47,23.47,999.0,0,0.5630866844954445
2,2,14,368,2,0.0,6,1.14,494.08,999.0,1,0.7848243878839626
7,3,350,136,0,5.26,9,1.55,127.91,25.86,0,0.3252805219187374
2,5,123,167,0,20.39,12,3.7,364.37,8.19,0,0.31241979949917253
2,7,243,242,0,0.0,7,4.33,523.13,999.0,0,0.39220466769399465
0,2,123,186,0,0.0,8,4.13,20.08,999.0,0,0.3967935800702995
3,3,390,179,0,12.91,4,1.27,192.22,13.87,0,0.1771811490690131
2,0,345,494,2,8.28,2,1.97,175.86,59.63,0,0.21505158101931607
6,0,227,331,2,0.0,6,3.31,148.26,999.0,0,0.4255345345769347
6,4,126,218,0,0.0,13,5.96,440.33,999.0,0,0.42806574068690323
2,7,231,478,2,0.0,2,2.49,441.07,999.0,0,0.37798121144779667
0,6,206,305,2,0.0,14,0.02,343.94,999.0,0,0.5954554314822281
6,0,172,320,2,4.24,4,3.78,69.19,75.53,0,0.33689099005245593
7,4,373,54,0,3.31,8,0.11,395.84,16.33,0,0.3136788295410108
5,2,220,464,2,10.51,0,5.05,269.23,44.16,0,0.12918812365573057
0,3,362,414,2,4.77,12,5.3,481.37,86.74,0,0.5435037115916219
1,4,294,458,2,6.68,6,0.63,556.68,68.55,0,0.43463589579609396
7,4,307,79,0,6.44,1,3.54,379.73,12.26,0,0.03979928786802375
5,0,145,212,0,3.57,13,1.78,93.98,59.33,0,0.3794361873469636
4,6,52,133,0,0.0,3,1.98,187.22,999.0,0,0.27793427503654444
3,4,9,4,1,0.0,14,2.62,425.43,999.0,1,0.780304752179096
2,2,99,543,2,17.58,15,1.8,499.49,30.89,0,0.5414972746106758
2,5,204,472,2,18.66,2,5.08,469.12,25.29,0,0.23716265983105644
2,3,231,538,2,16.07,1,1.98,337.06,33.47,0,0.2437384081692604
1,6,268,50,0,0.0,6,4.19,168.14,999.0,0,0.3390920580954056
6,4,240,588,2,14.99,12,0.15,414.08,39.24,0,0.5259573271175964
7,4,291,396,2,0.0,0,5.14,517.69,999.0,0,0.28337288304045677
3,6,62,51,0,0.0,4,2.5,242.83,999.0,0,0.21388901639647098
1,6,166,364,2,22.52,13,5.71,211.72,16.16,0,0.5098611631334922
6,5,168,367,2,22.21,3,5.95,119.85,16.52,0,0.26243123456622963
4,0,4,53,0,9.66,10,3.13,489.39,5.49,1,0.6670027949192713
2,4,350,58,0,8.94,12,2.12,208.56,6.49,0,0.3084687499777601
4,4,134,70,0,19.25,9,0.03,484.97,3.64,0,0.3967973719068849
3,6,274,436,2,0.0,10,4.92,523.01,999.0,0,0.6376227716179397
7,0,126,418,2,4.85,8,0.92,143.05,86.19,0,0.4462266313838348
0,2,24,340,2,0.0,0,5.9,470.58,999.0,1,0.5433572421193489
1,3,138,592,2,0.3,2,4.94,295.87,1954.44,0,0.25217491221547716
7,2,140,344,2,24.75,3,1.26,245.76,13.9,0,0.23843621605035076
0,4,163,43,0,11.6,12,4.51,305.44,3.71,0,0.408542854645347
0,5,256,228,0,0.0,10,3.51,384.2,999.0,0,0.4758208164976454
2,6,1,172,0,17.93,8,0.88,525.71,9.59,1,0.6134802828517091
3,1,182,543,2,0.0,10,3.12,374.1,999.0,0,0.6545205229677816
7,3,160,157,0,0.0,14,3.99,293.28,999.0,0,0.4739108471007225
7,5,313,374,2,0.0,9,0.4,541.63,999.0,0,0.630531203842462
2,3,2,512,2,0.0,10,4.72,321.6,999.0,1,0.8775718143847567
4,1,293,430,2,0.0,5,5.83,269.03,999.0,0,0.47841944006934023
5,6,367,286,2,4.14,15,1.76,319.49,69.02,0,0.4418388377272843
7,3,359,2,1,0.0,6,3.94,392.5,999.0,0,0.34376585890631534
5,1,272,92,0,0.0,9,4.67,534.09,999.0,0,0.4567994438664441
5,4,213,561,2,0.0,13,5.57,156.63,999.0,0,0.6052201843782657
2,3,335,485,2,0.0,4,5.3,152.24,999.0,0,0.43951715889053755
0,0,363,438,2,7.91,14,0.33,535.37,55.38,0,0.4903172401795287
7,7,298,330,2,0.0,14,2.52,202.1,999.0,0,0.5743030055701868
1,0,232,215,0,0.0,11,3.5,205.84,999.0,0,0.4823033795279963
4,5,262,399,2,0.0,8,3.3,277.11,999.0,0,0.510643562905601
0,2,9,490,2,0.0,7,3.56,415.13,999.0,1,0.755648804647788
0,5,378,90,0,0.0,4,5.57,395.28,999.0,0,0.26280244653492696
6,1,262,137,0,0.0,15,0.04,253.04,999.0,0,0.514141953524597
0,1,25,465,2,0.0,15,4.68,361.9,999.0,1,0.8472774228939017
3,3,141,523,2,16.57,9,3.64,283.39,31.57,0,0.40354642043347105
5,0,216,502,2,8.2,7,5.98,130.79,61.24,0,0.37651758845792743
7,0,250,452,2,0.0,5,5.04,401.76,999.0,0,0.4955822943610136
1,5,169,348,2,15.8,14,4.06,38.99,22.02,0,0.44523740468356676
1,7,317,227,0,12.91,8,0.27,233.23,17.58,0,0.3163611045316181
3,1,40,318,2,1.6,1,3.91,426.91,199.09,0,0.2523051291278461
3,5,26,203,0,10.01,3,1.95,455.03,20.27,1,0.44429625928496763
1,0,299,448,2,21.96,14,3.23,526.75,20.4,0,0.44705483606349294
4,4,183,436,2,12.81,13,5.86,353.21,34.04,0,0.4652133345825133
3,6,372,437,2,0.0,2,2.59,563.83,999.0,0,0.36757871829208555
7,3,389,510,2,0.0,3,2.13,568.04,999.0,0,0.3699261780259067
2,2,340,449,2,5.84,6,4.26,99.29,76.91,0,0.4015839638311221
5,5,362,311,2,0.0,7,1.05,72.47,999.0,0,0.556544372373222
5,1,282,355,2,15.67,7,3.5,482.32,22.65,0,0.33687591899639446
7,3,154,298,2,19.87,8,2.33,441.75,15.0,0,0.4074452297178005
5,4,333,84,0,23.04,8,4.44,555.54,3.65,0,0.29917112247488314
6,1,227,3,1,0.0,5,0.46,405.35,999.0,0,0.30007732230779843
1,4,51,233,0,19.69,8,4.01,244.23,11.83,0,0.33272310387364656
4,3,356,498,2,20.27,0,4.42,94.51,24.57,0,0.20724378799107573
2,6,148,247,0,0.0,4,2.55,514.59,999.0,0,0.2597457052790324
0,6,363,191,0,0.0,13,2.26,286.61,999.0,0,0.48197398252450363
6,6,212,445,2,0.0,4,5.98,453.03,999.0,0,0.46783247271821826
4,2,17,137,0,0.0,4,4.08,587.73,999.0,1,0.5102397845510113
0,1,107,448,2,0.0,13,2.93,377.97,999.0,0,0.5519374481682068
7,7,315,73,0,8.18,8,4.89,89.77,8.92,0,0.26125188239833874
2,3,126,358,2,1.57,12,5.45,271.88,228.51,0,0.486860387152534
6,0,57,562,2,9.59,4,2.28,58.56,58.58,0,0.30814678220358027
5,6,314,342,2,0.0,5,2.92,274.43,999.0,0,0.49209694315266495
4,1,153,46,0,0.66,0,5.84,450.91,69.89,0,0.010142706641502727
1,3,139,295,2,23.13,12,2.89,124.73,12.75,0,0.539272595825145
3,0,154,480,2,0.0,2,1.52,229.49,999.0,0,0.3393564653377668
1,5,352,493,2,0.0,4,2.15,86.38,999.0,0,0.4416018745139251
7,7,302,324,2,0.0,0,1.74,358.23,999.0,0,0.26424978784667874
7,7,334,445,2,0.0,1,4.19,486.55,999.0,0,0.32224581466758107
0,1,371,548,2,0.0,2,1.87,357.73,999.0,0,0.3329486969340735
1,4,118,443,2,12.03,5,3.79,568.27,36.81,0,0.2717738570146727
1,7,50,46,0,15.38,10,2.54,94.75,2.99,0,0.3813183311708046
0,6,329,561,2,0.0,4,5.18,496.74,999.0,0,0.4367854840140843
3,1,191,269,2,0.0,0,2.43,50.62,999.0,0,0.2534285209067731
2,6,172,343,2,0.0,10,5.49,100.1,999.0,0,0.5845967955060903
1,1,149,157,0,0.68,15,0.22,202.72,229.97,0,0.37193098287007054
2,0,49,411,2,0.0,6,5.09,321.2,999.0,0,0.437446999194339
2,4,20,32,0,0.0,4,1.11,122.14,999.0,1,0.5226925887862868
2,0,49,47,0,0.0,6,1.54,197.91,999.0,0,0.2888352594159926
1,3,117,178,0,9.09,3,4.78,111.83,19.58,0,0.15395248889717894
4,5,211,290,2,0.0,9,1.11,251.84,999.0,0,0.6107018095292067
4,7,220,5,1,4.33,13,1.16,120.84,1.15,0,0.2965410519209645
5,3,224,464,2,15.92,7,1.66,352.25,29.15,0,0.4104371487126528
5,2,319,483,2,20.76,12,5.01,73.43,23.27,0,0.5126029433407459
6,6,190,340,2,0.0,8,2.93,540.39,999.0,0,0.6012529416898246
5,3,328,523,2,1.51,13,1.8,174.63,345.34,0,0.543930753164845
5,3,128,414,2,21.22,5,1.73,276.09,19.51,0,0.38909152503219746
4,6,223,325,2,16.67,6,3.37,425.27,19.49,0,0.38596516644293066
6,2,391,590,2,13.79,7,0.92,137.48,42.8,0,0.4463109478901045
6,7,304,154,0,7.45,15,0.49,391.75,20.68,0,0.4139782631381328
6,3,382,560,2,23.28,8,1.28,402.42,24.05,0,0.41529891456532075
5,6,127,591,2,0.0,12,4.38,105.33,999.0,0,0.6178608111772438
3,1,213,98,0,0.0,2,0.61,540.22,999.0,0,0.21147082013053523
3,7,46,29,0,6.12,6,2.84,240.13,4.74,0,0.2185836423854232
2,0,49,280,2,13.41,15,5.75,544.22,20.88,0,0.4322918783628332
2,6,375,281,2,0.0,4,5.88,587.85,999.0,0,0.40578782706000305
3,4,396,452,2,9.92,8,5.03,454.23,45.56,0,0.4849794050139317
2,6,360,303,2,8.61,6,5.5,130.93,35.18,0,0.3150661715209569
2,4,6,220,0,9.89,2,5.96,83.71,22.26,1,0.39104373545671534
6,4,291,471,2,2.21,14,5.94,34.83,213.05,0,0.5118313645324172
3,3,169,225,0,0.0,3,5.74,82.31,999.0,0,0.2279885219203835
0,1,206,252,2,14.19,1,4.57,67.16,17.76,0,0.16917056920971615
4,4,111,487,2,22.94,15,3.94,138.97,21.23,0,0.5122781368556308
1,4,24,576,2,13.64,2,4.37,573.91,42.24,1,0.5577970269627812
7,3,20,75,0,0.0,3,2.4,585.69,999.0,1,0.5154010287414069
1,0,25,319,2,0.0,1,0.9,345.86,999.0,1,0.6516787139993508
6,1,207,557,2,0.0,1,1.48,103.74,999.0,0,0.37657277254369753
3,4,257,337,2,7.56,4,5.98,141.53,44.58,0,0.2616978129220192
6,0,357,489,2,0.0,15,5.02,558.32,999.0,0,0.5619627203393658
6,0,41,331,2,0.0,2,4.74,87.28,999.0,0,0.3992286074774548
1,4,9,138,0,7.59,0,0.97,561.05,18.19,1,0.3179001753285874
1,4,48,122,0,3.31,9,1.9,547.01,36.82,0,0.3700663947139982
1,3,224,487,2,21.23,15,2.28,518.91,22.94,0,0.45250267559754515
1,3,284,81,0,0.94,9,3.69,84.5,86.38,0,0.37630481116081854
1,4,87,255,2,0.0,11,1.7,47.77,999.0,0,0.6351983793712871
1,5,112,339,2,1.28,5,2.33,255.78,263.82,0,0.32039250804258773
5,5,86,330,2,4.39,9,5.36,21.17,75.21,0,0.4739595901041784
4,7,369,66,0,23.36,8,3.12,550.64,2.83,0,0.269066564881133
6,4,260,583,2,0.0,1,0.18,81.46,999.0,0,0.4134989413829265
5,6,232,356,2,23.48,6,2.19,471.41,15.16,0,0.3375492435871178
2,2,230,88,0,11.39,12,0.8,398.98,7.72,0,0.3466266657526329
0,4,196,8,1,0.0,2,1.76,599.38,999.0,0,0.24451776195268726
1,3,3,387,2,12.73,5,1.56,476.72,30.4,1,0.6114341569945929
1,0,2,421,2,0.0,8,5.93,486.44,999.0,1,0.7780348729066803
2,2,4,483,2,0.0,3,0.73,524.71,999.0,1,0.6959405999115011
2,3,74,565,2,0.0,4,1.7,330.91,999.0,0,0.41452509480125505
2,3,184,304,2,0.8,2,0.23,455.76,380.6,0,0.25679389590006296
1,3,191,104,0,0.0,11,4.0,499.1,999.0,0,0.5034831268557637
5,3,164,453,2,0.0,4,5.54,24.44,999.0,0,0.46953771052063764
4,1,328,368,2,0.0,14,3.15,36.94,999.0,0,0.6611961089436257
0,1,13,307,2,2.56,10,1.46,64.78,120.01,1,0.7499499608918312
2,1,336,268,2,7.2,14,1.73,532.6,37.23,0,0.44546714027279855
0,2,44,522,2,0.0,0,2.31,458.49,999.0,0,0.28972662566423907
0,3,238,571,2,0.0,4,0.58,497.87,999.0,0,0.4491045595540537
7,4,123,412,2,0.0,10,4.89,340.48,999.0,0,0.664938596795035
7,5,304,585,2,0.0,8,1.12,538.98,999.0,0,0.4860795237727007
6,6,291,50,0,17.24,4,3.12,484.58,2.9,0,0.14949809749255122
6,1,373,49,0,9.71,14,1.44,282.36,5.04,0,0.3228042105179321
7,0,43,408,2,7.96,13,0.56,149.15,51.26,0,0.5272898367410169
1,4,301,565,2,1.46,7,3.81,316.98,385.76,0,0.3773341531266963
6,2,328,407,2,7.39,14,4.64,309.36,55.04,0,0.5391277535382062
5,0,273,288,2,0.0,4,5.41,120.98,999.0,0,0.394177784066454
0,0,141,81,0,0.0,9,0.66,211.98,999.0,0,0.40104543689072514
6,1,168,547,2,8.45,9,5.08,359.28,64.73,0,0.40145531140342905
2,7,289,387,2,0.37,5,2.21,55.63,1035.71,0,0.40960992613097036
3,3,337,147,0,15.51,9,2.15,559.93,9.47,0,0.35979881669512415
5,2,269,396,2,5.66,0,5.47,101.1,69.98,0,0.1622100025942713
2,1,227,161,0,2.48,5,3.6,500.95,64.91,0,0.13317313668313815
1,6,238,554,2,0.0,3,2.16,159.63,999.0,0,0.3471311524210994
6,6,310,214,0,0.0,12,1.33,93.2,999.0,0,0.45259415038066286
0,3,63,236,0,0.0,9,3.19,563.82,999.0,0,0.4209950165816456
2,2,24,428,2,0.0,3,3.46,392.93,999.0,1,0.6313975710633444
3,7,310,498,2,0.0,0,0.35,32.57,999.0,0,0.34109562214271305
5,6,51,385,2,3.66,12,4.29,412.67,105.32,0,0.5140016646613741
1,5,182,316,2,0.06,4,1.36,185.68,5143.72,0,0.3515563269354064
3,2,381,239,0,2.07,14,2.79,473.47,115.4,0,0.3822055447776336
4,5,193,296,2,11.03,7,2.66,473.78,26.84,0,0.34819236774588114
4,5,101,106,0,23.0,15,2.57,264.02,4.61,0,0.341361331945641
0,5,91,482,2,16.2,2,0.75,474.58,29.75,0,0.20320932963559235
1,5,245,560,2,0.0,1,0.94,162.63,999.0,0,0.34560957311074714
6,7,321,560,2,16.99,0,2.32,499.03,32.95,0,0.18591333099685134
3,5,126,138,0,3.78,3,3.23,359.75,36.52,0,0.07459347838372413
2,6,326,529,2,18.01,13,1.32,308.83,29.37,0,0.43997516955679683
2,4,99,22,1,0.0,14,4.98,468.29,999.0,0,0.41947897693794745
2,3,360,74,0,5.18,13,2.07,402.05,14.29,0,0.35026458190511767
6,6,314,213,0,3.17,8,0.62,402.28,67.19,0,0.2654170923408895
7,6,176,583,2,1.79,6,5.52,100.89,325.8,0,0.33330970963689255
4,0,199,361,2,4.09,12,1.76,270.03,88.23,0,0.533895837181523
3,5,33,147,0,12.2,10,5.66,147.95,12.05,0,0.38693582049869346
3,7,188,401,2,7.85,15,5.86,170.9,51.08,0,0.48295441852030985
4,6,82,168,0,6.97,11,4.98,32.57,24.11,0,0.3388155206669637
2,5,3,423,2,14.46,10,2.3,558.71,29.24,1,0.8130497927455816
2,0,216,129,0,18.77,15,1.08,567.9,6.87,0,0.3787634089466125
0,7,300,220,0,6.44,4,0.44,353.81,34.19,0,0.15663159940401206
5,0,96,150,0,19.69,15,2.77,590.7,7.62,0,0.37274880165003366
0,4,177,504,2,18.08,4,2.24,521.13,27.88,0,0.272956806032164
0,7,13,208,0,0.0,2,1.76,342.19,999.0,1,0.5349051098944254
2,3,99,455,2,0.0,1,5.56,425.26,999.0,0,0.29436714272200126
1,6,250,409,2,19.15,0,2.37,256.06,21.36,0,0.13636516392609688
2,6,103,4,1,0.0,4,0.16,570.51,999.0,0,0.2373852513264977
4,4,65,397,2,0.0,6,5.96,143.26,999.0,0,0.523893835173272
6,0,261,170,0,23.46,15,4.34,390.12,7.25,0,0.3736774237813164
6,0,172,259,2,15.16,13,5.26,367.65,17.08,0,0.43288322051968386
5,6,144,581,2,0.0,3,5.2,104.43,999.0,0,0.4005957959022443
1,3,192,51,0,0.0,2,0.65,212.45,999.0,0,0.1949930440591697
7,5,272,61,0,0.0,6,5.71,445.57,999.0,0,0.33124924877785655
0,4,131,69,0,0.0,8,1.45,222.17,999.0,0,0.37219544973399477
5,1,352,218,0,0.0,3,1.65,394.52,999.0,0,0.2432774177583703
7,5,181,517,2,0.0,0,0.62,253.92,999.0,0,0.3570213956893197
6,4,230,112,0,12.18,8,0.22,578.0,9.2,0,0.33032180391679483
2,7,337,105,0,0.0,15,4.21,272.84,999.0,0,0.4028043708495619
6,6,265,432,2,2.82,12,2.63,355.9,153.16,0,0.5155368145000782
3,3,82,423,2,0.0,10,5.19,213.05,999.0,0,0.6674848930862335
3,5,98,261,2,0.0,11,2.53,275.04,999.0,0,0.5679941405762127
5,3,187,245,0,0.0,9,0.96,252.1,999.0,0,0.3968297858701394
7,7,172,572,2,1.08,8,5.57,268.1,528.23,0,0.44418528855271855
3,0,398,207,0,0.16,6,0.95,498.92,1281.72,0,0.2056306694243159
6,6,304,573,2,0.0,8,1.9,390.02,999.0,0,0.5833207352208963
0,2,164,128,0,21.87,9,2.56,581.6,5.85,0,0.258530181351714
7,3,4,548,2,22.9,4,5.32,508.57,23.93,1,0.5946690282136321
3,2,248,486,2,0.0,3,5.27,310.73,999.0,0,0.3428250262609477
2,7,335,516,2,0.0,0,4.68,55.66,999.0,0,0.2831102453834415
1,2,38,49,0,20.68,4,1.16,411.58,2.37,0,0.15666317827994197
0,5,379,495,2,21.22,15,0.56,379.05,23.33,0,0.5588058003207332
6,1,348,593,2,14.56,3,2.26,431.67,40.72,0,0.25814029909658465
6,6,395,466,2,0.0,12,3.14,156.03,999.0,0,0.5845086483171391
4,0,9,375,2,3.81,4,5.92,240.32,98.46,1,0.603517577556845
3,7,320,205,0,0.0,4,5.03,356.08,999.0,0,0.309228686206078
3,0,235,21,1,9.05,15,4.03,264.37,2.32,0,0.3814715645736614
5,7,328,600,2,2.86,1,4.47,75.79,209.99,0,0.1503091360899497
2,6,5,31,0,0.0,12,2.09,351.66,999.0,1,0.6950721889758926
4,7,173,466,2,0.0,7,1.91,314.41,999.0,0,0.539647600180223
5,7,46,191,0,2.69,15,3.42,494.56,70.87,0,0.33612846813422376
6,6,146,245,0,0.0,6,0.55,597.05,999.0,0,0.3593940025042154
2,6,217,373,2,0.0,9,2.36,213.18,999.0,0,0.6209973723491773
2,7,343,131,0,0.0,1,4.14,446.09,999.0,0,0.18093947673551758
0,6,341,50,0,2.16,0,1.92,361.75,23.16,0,0.03713740089448406
5,4,107,146,0,0.0,12,5.73,137.69,999.0,0,0.3968424062840118
3,3,164,430,2,0.0,12,3.59,462.32,999.0,0,0.6576114230162851
0,1,30,58,0,0.0,7,0.4,277.15,999.0,0,0.33184300740453276
0,4,273,45,0,0.0,10,4.19,181.63,999.0,0,0.43021234948374787
2,0,319,235,0,1.23,7,3.8,261.95,190.4,0,0.22462245539645093
6,6,88,546,2,0.0,2,0.84,99.52,999.0,0,0.3765434036186327
1,5,390,585,2,7.58,8,4.61,511.15,77.2,0,0.47061779267860887
3,1,46,37,0,0.0,7,0.05,375.47,999.0,0,0.39165528280064404
3,7,317,515,2,0.0,3,3.35,592.71,999.0,0,0.4156395247951967
2,6,311,238,0,11.86,11,3.89,459.33,20.07,0,0.3024614969541454
7,6,246,100,0,12.73,12,5.22,92.65,7.86,0,0.3536924447500939
3,6,121,442,2,13.62,0,0.53,399.75,32.46,0,0.23442415802346236
2,7,206,176,0,0.0,13,2.59,277.43,999.0,0,0.5096963024358122
0,3,230,406,2,2.14,10,1.01,339.17,189.66,0,0.5068988614698289
0,7,150,594,2,14.59,3,0.81,218.01,40.7,0,0.2706555687487316
7,2,223,330,2,24.36,12,1.78,338.45,13.54,0,0.45255531690609596
5,0,163,30,0,23.11,3,4.64,83.43,1.3,0,0.17966694400969901
6,5,248,564,2,0.0,4,3.54,570.42,999.0,0,0.4002975527054691
6,5,48,547,2,0.0,3,5.05,198.85,999.0,0,0.37742366263810795
0,5,397,44,0,0.0,8,1.62,428.32,999.0,0,0.34771364473359556
7,7,179,474,2,0.0,0,4.64,362.0,999.0,0,0.23216214220835973
1,2,175,13,1,1.6,1,2.96,119.13,8.15,0,0.09250823745343612
0,6,339,352,2,0.0,5,1.36,129.64,999.0,0,0.4625673725105709
1,0,197,172,0,0.0,15,3.83,31.49,999.0,0,0.4263321806303139
4,2,198,433,2,3.47,11,1.44,568.21,124.7,0,0.5181732445672658
4,0,358,334,2,0.0,8,1.83,568.7,999.0,0,0.601323730943407
5,6,348,507,2,6.39,15,4.73,229.89,79.31,0,0.46647146605237005
5,3,131,338,2,18.11,12,3.93,539.87,18.66,0,0.5470219751028351
6,5,264,203,0,16.66,6,4.72,345.71,12.19,0,0.26473795565543257
5,6,323,163,0,21.37,6,2.61,247.15,7.63,0,0.19796562580846416
5,3,79,30,0,21.52,15,2.19,293.18,1.39,0,0.40091739878764077
4,3,82,418,2,0.0,8,1.8,525.34,999.0,0,0.5734560234820458
5,0,183,24,1,19.08,10,4.8,229.48,1.26,0,0.37648771616686677
2,4,206,474,2,0.0,1,2.75,182.61,999.0,0,0.37213191698713155
3,0,357,478,2,11.17,4,5.07,362.37,42.79,0,0.27035693004870676
5,0,124,575,2,0.0,13,0.83,344.27,999.0,0,0.5990899486301305
5,0,347,135,0,0.0,9,5.95,33.43,999.0,0,0.3801989702815606
1,4,108,351,2,0.0,4,5.45,366.04,999.0,0,0.45061344315151586
3,3,385,503,2,15.51,6,0.47,438.5,32.43,0,0.4317970698823892
1,2,123,361,2,14.4,5,2.41,127.1,25.06,0,0.32528629107813395
4,2,283,444,2,21.01,5,4.84,219.49,21.13,0,0.35302808587352563
5,7,115,541,2,4.81,11,1.76,573.64,112.45,0,0.4611452877210862
6,0,310,82,0,14.62,3,0.47,406.03,5.61,0,0.1979649499814184
5,5,161,225,0,0.0,13,0.81,128.16,999.0,0,0.5188531379340657
6,7,103,253,2,11.06,3,5.99,101.43,22.88,0,0.2164242745051987
5,7,192,433,2,0.0,13,1.54,78.87,999.0,0,0.6403908930042221
0,4,270,121,0,12.78,12,0.96,361.71,9.47,0,0.40360101613191923
6,3,43,441,2,0.0,10,5.7,272.78,999.0,0,0.6092886191079243
0,4,172,33,0,0.0,4,5.49,428.26,999.0,0,0.24825276074473251
3,1,89,220,0,0.0,1,1.85,219.61,999.0,0,0.23429119726161793
4,2,30,148,0,0.0,12,1.79,46.79,999.0,0,0.47154262674875796
2,3,55,252,2,6.38,11,4.6,276.11,39.47,0,0.4859869916899252
1,1,368,339,2,0.0,9,3.77,132.57,999.0,0,0.5282097065937555
3,4,128,446,2,22.07,7,5.49,69.04,20.21,0,0.338576170163461
2,7,248,121,0,0.0,10,0.09,105.3,999.0,0,0.49635367151977877
7,2,200,347,2,20.22,6,5.14,315.36,17.16,0,0.4030223487860209
2,1,381,54,0,18.28,7,4.92,110.26,2.95,0,0.20575402694377654
3,6,291,77,0,19.67,6,4.08,272.39,3.91,0,0.22008556626490505
0,5,71,578,2,12.85,15,0.01,393.21,44.99,0,0.5113159340318747
1,5,101,57,0,6.36,1,0.06,593.15,8.97,0,0.0402208599268226
6,3,287,506,2,0.0,6,4.47,199.61,999.0,0,0.46354641349360143
0,2,305,323,2,12.57,12,0.28,396.17,25.69,0,0.4643674753278982
0,3,140,417,2,17.12,11,1.79,59.91,24.36,0,0.5153180054339183
2,3,218,554,2,0.0,2,5.33,501.46,999.0,0,0.3738036943067573
7,2,37,49,0,21.78,3,1.46,182.87,2.25,0,0.07321277216126029
4,2,77,2,1,0.0,11,4.78,120.81,999.0,0,0.4825137882383226
3,1,386,396,2,13.07,7,2.49,25.24,30.29,0,0.3984965236473146
1,7,126,389,2,15.01,9,3.89,268.48,25.92,0,0.4201024698431847
0,0,182,132,0,0.0,1,5.8,549.73,999.0,0,0.15681024126482598
6,3,138,574,2,0.0,10,0.63,145.68,999.0,0,0.5657624767736908
5,1,392,112,0,0.0,8,4.79,196.28,999.0,0,0.3571450054658116
5,6,311,483,2,3.54,11,2.03,497.17,136.28,0,0.5020047782534937
7,6,256,80,0,5.91,3,4.13,411.92,13.54,0,0.12605711175376805
2,6,124,598,2,0.0,4,4.45,463.65,999.0,0,0.40380193304151296
7,3,13,381,2,0.0,14,0.59,335.79,999.0,1,0.9486217646004784
7,4,24,169,0,0.0,9,4.0,577.62,999.0,1,0.6942311097655768
6,6,91,506,2,0.0,0,1.78,414.39,999.0,0,0.23859420520562175
7,6,399,99,0,0.0,3,2.25,191.4,999.0,0,0.1932117061430466
6,6,107,425,2,0.0,8,2.33,238.72,999.0,0,0.6032348861980825
6,7,12,221,0,0.0,0,0.17,333.94,999.0,1,0.46157692682114565
3,6,374,232,0,0.0,11,3.46,125.05,999.0,0,0.5242506323560776
1,2,248,59,0,0.0,8,0.39,546.55,999.0,0,0.3565262064544186
2,1,42,556,2,0.0,5,1.68,91.96,999.0,0,0.4131095454279384
1,1,229,597,2,19.32,1,5.09,298.67,30.91,0,0.2232574223710891
4,7,146,595,2,0.0,10,0.97,523.58,999.0,0,0.5640794858014127
1,1,143,559,2,21.34,13,2.14,447.91,26.19,0,0.49634703333956987
1,0,222,78,0,12.31,13,5.17,74.93,6.33,0,0.3389521555901613
1,2,306,472,2,24.53,11,2.69,123.24,19.24,0,0.5340080849110732
6,1,215,312,2,0.0,15,5.48,314.13,999.0,0,0.560641595042311
3,0,201,543,2,0.0,1,0.68,140.17,999.0,0,0.3734769063762562
7,1,219,505,2,0.0,3,2.33,485.44,999.0,0,0.4089263739536434
6,1,124,78,0,11.76,8,3.47,457.5,6.64,0,0.23144907865864545
0,3,244,167,0,15.03,11,3.1,213.09,11.11,0,0.31698889435089794
6,3,349,600,2,0.0,4,2.89,181.5,999.0,0,0.44590214528247174
2,2,165,350,2,2.65,2,5.0,426.33,132.27,0,0.19611073397636825
1,4,253,431,2,0.0,5,4.24,255.37,999.0,0,0.3944787187470624
6,3,293,267,2,0.0,6,4.34,341.82,999.0,0,0.46020068350471927
1,5,200,222,0,0.0,0,5.37,484.57,999.0,0,0.16173789685959472
5,0,334,438,2,17.39,11,5.29,355.99,25.18,0,0.4857776684781414
4,0,288,180,0,17.57,15,3.82,537.38,10.25,0,0.32943464486376983
1,6,206,520,2,0.0,6,5.78,292.87,999.0,0,0.5341166653294495
7,0,245,139,0,0.0,9,5.85,429.68,999.0,0,0.37963116392996604
2,2,331,174,0,18.37,3,4.13,324.62,9.47,0,0.16102951726867487
3,0,211,251,2,0.0,13,1.88,543.04,999.0,0,0.561297346256578
1,4,149,274,2,4.2,4,4.02,407.53,65.16,0,0.25688103010636026
4,3,387,376,2,0.18,14,2.47,426.9,2053.84,0,0.5625575888969254
1,6,337,66,0,24.5,8,0.05,485.57,2.69,0,0.2982654070356545
4,7,180,197,0,0.0,6,2.8,205.55,999.0,0,0.38169816294576603
2,4,167,95,0,0.0,5,2.31,64.13,999.0,0,0.33821814640326126
1,0,330,204,0,7.96,8,1.09,355.19,25.64,0,0.3448091887612001
0,2,124,491,2,9.56,13,3.5,563.19,51.38,0,0.4808111842870251
2,2,292,355,2,5.84,2,3.41,73.86,60.75,0,0.18185099979500102
3,0,319,236,0,19.59,4,1.68,385.94,12.05,0,0.11585555418794403
0,6,218,181,0,0.0,8,2.46,136.91,999.0,0,0.38198895669687916
3,3,132,213,0,0.0,12,2.62,375.13,999.0,0,0.4977985680436633
6,5,148,179,0,0.0,12,5.66,567.93,999.0,0,0.4765382084218586
5,0,231,275,2,0.0,11,0.98,460.29,999.0,0,0.6179916742611877
5,4,246,8,1,6.22,13,1.7,141.53,1.29,0,0.36211276569616146
7,6,169,45,0,0.0,6,0.03,461.97,999.0,0,0.39669311164030296
5,4,70,563,2,12.72,6,5.61,591.85,44.27,0,0.39074862676536365
6,6,265,444,2,10.74,14,0.1,426.46,41.33,0,0.520972861841125
0,6,300,52,0,2.13,14,5.45,66.86,24.47,0,0.4056048748720147
3,4,367,458,2,2.57,15,4.98,262.92,178.51,0,0.5173474752835563
0,5,40,555,2,18.2,0,4.12,242.93,30.5,0,0.18946236457752988
4,2,105,290,2,17.36,13,3.45,210.05,16.71,0,0.5359532096771046
4,5,389,17,1,16.14,13,5.14,354.44,1.05,0,0.4038070013189251
7,5,160,46,0,3.39,5,4.77,272.09,13.56,0,0.18659546390006432
2,5,229,127,0,0.0,4,1.98,588.6,999.0,0,0.27989866649442774
3,5,362,502,2,0.0,12,5.25,194.5,999.0,0,0.6691259635593761
1,6,390,255,2,12.93,7,4.55,256.18,19.72,0,0.4011145208491436
0,6,101,330,2,0.0,0,4.32,69.06,999.0,0,0.3223736584897039
2,7,282,591,2,9.43,2,5.8,374.03,62.64,0,0.19900754803556245
4,5,76,501,2,11.49,15,0.29,145.42,43.6,0,0.49760031130780585
2,0,100,432,2,5.39,9,1.27,365.18,80.14,0,0.44635596070468736
6,3,120,107,0,0.0,6,1.33,275.05,999.0,0,0.31260147174189445
7,0,230,225,0,20.95,9,1.68,227.25,10.74,0,0.3133860979254323
6,2,346,423,2,22.25,7,5.66,277.81,19.01,0,0.3715794065266434
0,7,254,271,2,19.59,8,4.1,397.04,13.83,0,0.4789138803052244
5,2,301,362,2,21.21,14,4.72,529.34,17.07,0,0.5343055492885378
3,7,200,476,2,10.5,9,0.15,525.83,45.35,0,0.43469796147467565
7,6,240,363,2,2.01,11,1.2,71.19,180.33,0,0.4680508066007922
7,3,334,212,0,0.0,1,3.86,46.98,999.0,0,0.2241326964596777
0,6,191,407,2,0.0,7,4.47,438.96,999.0,0,0.49520863250866487
5,6,188,251,2,0.0,6,5.19,95.48,999.0,0,0.4713941400317883
0,0,19,266,2,0.0,2,0.36,162.4,999.0,1,0.6365365907970277
5,6,40,80,0,15.0,10,5.96,70.32,5.33,0,0.3022162780310338
5,3,384,458,2,19.69,12,2.56,200.94,23.26,0,0.4667695186767433
7,6,48,522,2,16.07,15,4.01,182.79,32.48,0,0.48538699275232344
6,6,344,392,2,0.0,0,4.44,432.97,999.0,0,0.27426321274410137
5,5,9,539,2,0.0,8,4.31,426.8,999.0,1,0.8489986514731265
0,2,295,190,0,12.41,0,1.89,506.14,15.31,0,0.05164909265217406
6,2,80,68,0,6.33,2,1.3,71.18,10.73,0,0.08062597332247773
0,4,249,314,2,0.0,6,3.31,506.04,999.0,0,0.45239965312521124
5,2,134,466,2,7.48,4,0.02,209.84,62.29,0,0.30885561296886577
1,0,383,170,0,0.0,15,3.87,506.22,999.0,0,0.5290534628171504
6,6,159,508,2,0.0,6,0.54,138.06,999.0,0,0.48433484846735525
3,0,73,363,2,0.0,8,5.4,582.89,999.0,0,0.5786935237511514
1,5,108,539,2,19.4,5,4.16,303.6,27.79,0,0.3422780901144758
5,0,296,535,2,0.0,5,5.83,341.32,999.0,0,0.43501297414030926
5,1,193,471,2,0.0,6,3.23,566.63,999.0,0,0.4336521056779593
3,4,273,585,2,0.0,1,5.96,577.1,999.0,0,0.269803678648881
4,6,97,265,2,0.0,9,5.49,79.62,999.0,0,0.5909919399705246
5,7,382,247,0,0.0,3,1.04,318.71,999.0,0,0.20456851679579785
3,4,47,89,0,7.39,2,1.18,68.63,12.04,0,0.13991845957140325
5,5,101,55,0,23.81,7,0.23,54.15,2.31,0,0.2615194733594781
0,7,226,545,2,0.0,1,3.7,535.04,999.0,0,0.31087205156138176
4,5,164,467,2,10.17,7,4.5,197.15,45.92,0,0.45255439920992724
4,1,286,188,0,0.0,4,2.44,376.05,999.0,0,0.32658074152286454
4,5,79,56,0,0.0,3,0.14,583.59,999.0,0,0.3106282868290597
6,6,354,95,0,0.0,5,3.98,97.72,999.0,0,0.31880640994623116
6,2,214,515,2,0.0,2,3.8,309.55,999.0,0,0.4053444798928827
6,2,333,390,2,20.89,4,0.18,132.26,18.67,0,0.3032043295846103
1,0,6,353,2,0.0,11,2.95,460.84,999.0,1,0.8961521860605156
7,0,361,206,0,0.0,1,5.76,403.38,999.0,0,0.23154427973504527
4,5,316,505,2,18.38,6,3.34,564.78,27.48,0,0.31936976618474144
5,1,152,342,2,0.0,10,4.06,316.8,999.0,0,0.6610606531526223
0,2,324,528,2,9.99,1,1.73,36.63,52.87,0,0.23695539003786698
2,4,7,428,2,19.58,15,1.58,573.68,21.86,1,0.7578967264526397
5,0,368,593,2,0.0,10,2.61,578.5,999.0,0,0.5811502342262009
0,1,200,337,2,15.68,13,4.83,147.92,21.5,0,0.49706368013513413
7,6,178,435,2,0.0,2,1.24,402.22,999.0,0,0.30029601754250274
2,2,303,23,1,0.0,6,3.34,25.29,999.0,0,0.29553306425988174
4,7,41,591,2,0.0,0,1.24,90.33,999.0,0,0.31652371829474835
4,5,374,251,2,14.0,9,0.44,432.55,17.92,0,0.4350239461195823
7,0,186,238,0,0.0,7,3.53,531.97,999.0,0,0.4288775321859865
6,7,111,57,0,20.5,7,0.76,443.49,2.78,0,0.2629482286806201
4,6,321,541,2,18.71,10,2.28,403.28,28.92,0,0.5011601423241963
2,5,397,547,2,0.0,5,4.3,542.62,999.0,0,0.48121638694161933
1,3,79,251,2,0.0,13,5.39,318.26,999.0,0,0.6012512694613735
4,6,249,419,2,0.0,12,1.67,484.99,999.0,0,0.5762573058721095
4,4,295,333,2,20.77,10,0.88,154.01,16.03,0,0.5111671725290721
1,7,166,352,2,17.09,5,5.54,426.01,20.59,0,0.32862536544311466
7,4,45,65,0,17.64,12,4.1,590.0,3.68,0,0.30877883502412645
7,5,390,123,0,0.0,15,2.55,214.09,999.0,0,0.4221864988921241
6,5,163,73,0,19.19,9,5.32,374.6,3.8,0,0.3108719656432168
6,3,370,8,1,0.0,6,2.11,312.5,999.0,0,0.2840422560522189
1,6,99,38,0,2.15,15,3.91,110.04,17.7,0,0.4006357711083727
2,2,269,287,2,0.0,9,4.63,368.12,999.0,0,0.5755516826345657
6,0,291,532,2,19.16,1,5.73,486.59,27.77,0,0.2469093632455028
0,4,5,208,0,4.91,0,0.43,515.51,42.33,1,0.37717856783464215
7,3,192,539,2,9.98,3,5.57,209.25,54.02,0,0.23870787544563013
0,5,126,599,2,3.86,1,3.69,273.7,155.34,0,0.2446950474983366
6,2,254,139,0,1.2,6,2.37,424.12,115.65,0,0.25719700017474223
1,1,307,156,0,17.76,13,2.67,383.39,8.78,0,0.3719360442342435
5,0,88,87,0,21.99,10,4.34,512.88,3.96,0,0.3678809560880937
3,3,11,509,2,11.35,4,0.54,112.05,44.85,1,0.5584453652397514
4,3,311,379,2,9.94,9,4.49,21.47,38.12,0,0.46534143997089006
0,7,176,84,0,0.0,2,2.74,237.29,999.0,0,0.14222260155067748
4,4,50,314,2,0.0,10,1.24,78.18,999.0,0,0.6601183434804612
2,3,265,344,2,16.57,8,2.64,271.94,20.76,0,0.4115082417548883
5,0,247,19,1,9.04,8,3.89,430.85,2.1,0,0.30263764491857087
4,3,393,442,2,13.43,3,2.02,258.11,32.92,0,0.27364127568130614
2,0,299,272,2,0.0,15,2.43,570.69,999.0,0,0.5789189171479269
1,5,108,368,2,14.84,3,5.96,405.11,24.79,0,0.21917478012120964
5,4,237,465,2,21.47,8,1.44,61.62,21.66,0,0.4733317262464135
4,7,69,177,0,8.81,14,5.77,215.32,20.09,0,0.32054748455035303
3,5,139,499,2,7.73,10,5.25,236.97,64.59,0,0.455679601090766
5,2,122,148,0,13.41,11,3.32,503.71,11.04,0,0.37089812822628915
5,7,383,308,2,20.82,3,3.92,253.42,14.79,0,0.22464607404537335
4,1,398,198,0,0.0,6,4.45,400.02,999.0,0,0.3974796138150248
4,7,1,307,2,0.0,8,2.4,363.88,999.0,1,0.8830964081089989
1,4,374,504,2,16.74,7,5.85,92.2,30.11,0,0.37591593681005636
5,5,22,530,2,17.82,9,2.24,464.62,29.74,1,0.6824495533013296
7,0,98,397,2,0.0,14,2.09,413.13,999.0,0,0.6290864186105584
0,1,225,36,0,23.5,8,3.45,303.55,1.53,0,0.27789713928168636
2,5,161,100,0,0.0,3,4.5,231.8,999.0,0,0.26325067506485594
3,6,228,411,2,16.92,6,4.74,302.35,24.29,0,0.33081833079577777
5,6,24,500,2,0.0,4,3.2,144.35,999.0,1,0.7314908486175908
3,3,177,109,0,0.0,2,1.63,47.33,999.0,0,0.1901714639462014
4,2,253,317,2,0.0,13,2.43,409.98,999.0,0,0.5770019137683345
7,6,227,64,0,23.77,0,1.18,465.23,2.69,0,0.08680705895242498
0,0,234,233,0,20.11,11,3.36,108.95,11.58,0,0.388923448346725
2,5,93,425,2,5.93,8,4.25,483.95,71.64,0,0.382978855031451
6,6,299,106,0,0.0,4,5.74,482.12,999.0,0,0.2179496395071377
4,2,166,162,0,0.0,3,3.51,478.04,999.0,0,0.2515865072318394
2,5,317,313,2,9.86,14,5.78,384.92,31.75,0,0.46274180624861333
5,3,93,383,2,17.16,8,1.72,64.32,22.32,0,0.4284926287808023
5,1,110,391,2,0.0,0,4.12,103.74,999.0,0,0.25472930421169127
1,3,228,439,2,0.0,8,5.17,564.68,999.0,0,0.51722049395621
2,2,15,76,0,0.0,6,1.46,174.84,999.0,1,0.5491598028237226
1,1,95,453,2,0.0,12,0.07,20.94,999.0,0,0.6450616977994974
6,4,240,494,2,0.0,13,3.97,300.24,999.0,0,0.5630088853579678
3,7,194,147,0,18.51,0,2.9,399.44,7.94,0,0.052685145591203256
1,6,95,96,0,0.0,9,3.27,510.42,999.0,0,0.40537022390447336
0,4,53,513,2,0.0,1,1.36,499.72,999.0,0,0.28142023341696504
4,5,206,262,2,15.37,9,0.66,375.47,17.05,0,0.4599481827551369
5,3,312,20,1,9.67,1,5.79,437.2,2.07,0,0.09208265985835437
0,3,153,133,0,0.0,14,4.1,91.56,999.0,0,0.39829815900688725
5,1,97,406,2,0.0,12,2.79,26.25,999.0,0,0.5832726411597295
1,5,127,68,0,14.96,4,4.69,217.74,4.55,0,0.11862467581170419
0,2,90,115,0,0.0,14,2.2,180.28,999.0,0,0.39125574422618553
3,3,396,376,2,13.63,6,4.09,380.5,27.58,0,0.3119219471254304
6,5,230,245,0,22.13,2,2.88,216.08,11.07,0,0.0644465380704836
3,5,63,26,0,0.0,9,0.28,488.53,999.0,0,0.39731087821947
3,3,45,585,2,8.26,0,5.59,216.55,70.82,0,0.20100402760117309
7,1,253,504,2,2.04,0,1.15,220.33,247.53,0,0.1700380430685591
0,4,38,132,0,6.34,0,1.98,578.64,20.82,0,0.0004044033952390752
3,5,107,244,0,11.21,3,4.54,283.06,21.78,0,0.16592740041349396
7,7,342,446,2,0.0,12,1.68,199.9,999.0,0,0.6630090796537716
7,3,41,483,2,0.0,7,1.35,173.23,999.0,0,0.548949413615643
7,5,387,511,2,22.4,10,0.7,20.19,22.81,0,0.5072269231575217
0,4,359,449,2,0.0,3,3.25,594.68,999.0,0,0.3724420056517724
5,4,84,495,2,1.29,9,4.82,259.86,384.73,0,0.4320840409146425
1,0,248,589,2,11.82,14,2.17,410.69,49.85,0,0.47213119544237336
5,7,77,524,2,14.13,4,1.0,416.21,37.08,0,0.26326994245163293
5,4,349,25,0,0.0,8,5.74,240.53,999.0,0,0.4289925787587835
6,0,223,388,2,0.0,13,0.41,321.25,999.0,0,0.6855355205888742
7,0,320,453,2,22.08,14,3.58,291.66,20.52,0,0.5208242604025494
3,6,74,385,2,5.57,5,5.28,488.58,69.11,0,0.3807357827818745
1,1,29,448,2,18.98,3,0.78,366.3,23.6,1,0.5154830057736941
0,6,277,171,0,0.0,7,1.16,566.15,999.0,0,0.34302276580204283
2,3,316,235,0,6.31,0,4.72,492.35,37.27,0,0.07675163897353107
6,4,363,232,0,0.0,12,3.67,399.53,999.0,0,0.432887502617559
7,6,166,143,0,0.0,4,3.04,160.62,999.0,0,0.28384829434869674
0,0,196,271,2,6.35,9,3.19,472.33,42.71,0,0.4388771248865804
1,1,297,532,2,19.58,5,2.17,578.59,27.17,0,0.37854171229288514
0,5,127,454,2,10.25,4,2.19,484.41,44.27,0,0.2955605528567411
6,7,279,406,2,0.0,1,1.37,362.25,999.0,0,0.2776073658187245
1,3,39,492,2,0.0,10,3.36,579.39,999.0,0,0.6607004373152681
2,7,290,537,2,0.0,15,1.22,482.6,999.0,0,0.5591546397670493
2,4,291,370,2,0.0,3,2.84,406.59,999.0,0,0.3730762204912688
4,1,219,8,1,0.0,0,2.83,31.24,999.0,0,0.07942970696233256
0,2,270,499,2,0.0,4,5.63,105.34,999.0,0,0.37710530751701227
0,1,371,500,2,9.02,8,0.4,179.75,55.42,0,0.4497571285571006
2,1,29,275,2,0.0,14,1.92,449.04,999.0,1,0.9235902727523523
5,2,208,584,2,11.18,5,4.95,153.29,52.22,0,0.3565572706445244
0,7,274,349,2,0.0,6,0.08,581.21,999.0,0,0.519707395082668
7,2,122,568,2,0.0,13,0.29,71.0,999.0,0,0.6094000402787306
7,2,118,137,0,0.0,8,4.45,328.28,999.0,0,0.3860201136204852
1,7,4,97,0,0.0,13,2.98,589.11,999.0,1,0.7870517484695202
2,0,317,132,0,0.0,1,0.71,346.16,999.0,0,0.17936710729633365
5,2,122,232,0,17.63,0,4.99,353.7,13.16,0,0.07211959737334026
7,5,259,165,0,0.0,10,3.21,563.99,999.0,0,0.5190265137302464
5,1,40,439,2,21.06,2,1.69,115.63,20.85,0,0.17632767185929815
7,5,236,309,2,0.0,9,5.49,193.44,999.0,0,0.615284322203169
3,6,82,394,2,0.0,7,4.16,123.13,999.0,0,0.5323762355820281
7,7,121,444,2,17.71,15,1.03,455.87,25.07,0,0.465648037664237
4,3,323,350,2,21.5,15,0.99,585.2,16.28,0,0.4756171895456618
7,1,173,415,2,18.82,7,5.37,522.6,22.05,0,0.41171073345215076
2,0,391,231,0,0.0,9,0.75,293.12,999.0,0,0.4916106254155088
0,0,370,51,0,0.0,2,2.51,225.52,999.0,0,0.16136654234935247
6,2,148,171,0,0.0,4,2.2,364.46,999.0,0,0.32874112895106045
3,6,307,236,0,0.0,8,5.54,385.13,999.0,0,0.3530376890114285
1,5,76,477,2,0.0,14,1.11,125.72,999.0,0,0.5872886946005607
1,4,252,336,2,0.0,0,3.8,322.59,999.0,0,0.2451048465833721
3,3,169,540,2,24.63,14,4.81,114.88,21.93,0,0.49902502763751505
3,5,316,427,2,17.11,15,4.78,67.8,24.96,0,0.4723494028292861
0,2,86,441,2,0.0,9,2.79,472.04,999.0,0,0.5663220851341909
0,0,369,207,0,0.0,1,4.22,388.97,999.0,0,0.17387887486870346
7,6,35,319,2,7.53,15,1.5,447.78,42.38,0,0.4689863258464028
4,0,366,290,2,0.0,3,2.4,305.77,999.0,0,0.34323299061428164
0,6,227,372,2,20.29,7,3.73,197.35,18.34,0,0.3617437201296478
6,0,142,327,2,0.0,11,1.05,291.91,999.0,0,0.6332695858679105
5,7,102,254,2,0.0,7,1.48,561.87,999.0,0,0.48189321447363576
5,3,323,213,0,0.0,13,1.86,510.18,999.0,0,0.428303244375992
7,4,12,583,2,0.0,14,0.94,160.2,999.0,1,0.8738730820431347
5,1,205,49,0,0.0,10,0.58,36.44,999.0,0,0.49204319279080677
5,5,167,547,2,0.0,8,3.8,424.99,999.0,0,0.5188059403466154
2,4,175,402,2,0.0,5,2.23,235.91,999.0,0,0.4005121664389336
5,3,262,36,0,0.0,2,5.07,496.93,999.0,0,0.22193120501075758
5,0,179,228,0,18.23,8,5.59,584.98,12.51,0,0.29997644732560275
7,1,171,509,2,21.46,11,2.98,90.34,23.72,0,0.5418184367349731
6,3,89,527,2,0.0,8,2.46,30.12,999.0,0,0.5800600780522078
1,6,69,76,0,16.78,13,1.42,96.23,4.53,0,0.39488009611884095
0,7,224,74,0,7.82,4,0.33,372.13,9.47,0,0.20400726642307138
5,6,305,456,2,0.0,9,1.14,145.15,999.0,0,0.6337222739658877
0,0,382,38,0,0.0,9,4.59,262.21,999.0,0,0.3695256379689984
0,3,308,152,0,0.0,6,0.23,483.56,999.0,0,0.42031616922793746
1,6,125,568,2,13.08,15,4.25,445.64,43.44,0,0.44063139813611707
5,6,306,46,0,0.0,12,2.0,252.15,999.0,0,0.4568165208723868
2,6,246,180,0,0.0,15,5.7,434.43,999.0,0,0.428791159234156
0,1,345,297,2,0.0,14,1.26,263.59,999.0,0,0.5521291137928754
3,0,274,227,0,1.24,14,5.71,321.85,182.63,0,0.38180980436562445
5,1,329,261,2,8.67,6,2.47,537.19,30.11,0,0.3332254766114308
7,4,289,36,0,23.6,13,2.7,59.66,1.53,0,0.35734240800526107
7,1,44,435,2,7.61,1,2.11,372.42,57.18,0,0.18585315521451248
6,3,156,254,2,0.0,1,5.5,400.38,999.0,0,0.28714108859470905
2,0,369,33,0,3.37,13,1.99,478.78,9.8,0,0.3188271708224985
7,7,247,247,0,0.0,3,2.27,418.76,999.0,0,0.24372376308584098
2,6,56,380,2,7.08,4,0.08,80.03,53.68,0,0.3064868844990956
0,2,192,297,2,0.0,1,5.98,191.56,999.0,0,0.3811062799376405
0,3,291,507,2,10.04,7,3.12,297.42,50.52,0,0.37118276385442006
1,6,110,13,1,5.05,7,3.16,468.02,2.57,0,0.20113267686441277
0,1,150,228,0,7.82,7,5.92,305.2,29.15,0,0.31083898959803835
4,1,225,581,2,14.16,10,5.94,259.72,41.03,0,0.4764983124905263
7,3,184,102,0,13.05,5,0.87,110.02,7.82,0,0.22849338053493995
6,0,3,169,0,0.0,4,1.35,573.28,999.0,1,0.5026743557205323
6,7,232,104,0,0.0,11,3.11,447.22,999.0,0,0.4891278918943356
1,2,396,519,2,0.0,10,0.42,253.48,999.0,0,0.5785454063570521
1,2,112,593,2,3.18,8,2.92,376.24,186.64,0,0.4360443859906857
6,3,214,84,0,8.16,12,3.67,500.89,10.29,0,0.38723762972237297
4,4,156,159,0,0.0,8,4.16,106.52,999.0,0,0.4104029333092748
6,3,371,72,0,6.11,7,2.77,194.12,11.79,0,0.19898628487559894
1,1,273,32,0,17.39,12,3.79,491.06,1.84,0,0.4004104020567866
1,3,343,587,2,10.22,2,0.15,283.44,57.44,0,0.3020196207111188
1,1,53,594,2,0.0,10,5.08,239.45,999.0,0,0.6289333018748833
2,4,372,497,2,0.0,9,0.38,46.25,999.0,0,0.5742063066430514
4,1,102,71,0,0.0,3,1.87,570.29,999.0,0,0.20701672284748837
1,3,81,322,2,15.9,0,1.86,281.25,20.25,0,0.17027936669691665
6,0,294,281,2,19.81,14,0.6,403.14,14.19,0,0.506378428817046
3,1,12,202,0,2.61,12,1.63,294.8,77.27,1,0.6835639123003815
2,7,168,483,2,0.0,14,4.35,35.85,999.0,0,0.5757753472249372
7,4,133,594,2,15.34,0,3.63,153.21,38.73,0,0.18301503131378527
3,6,383,295,2,2.22,9,0.42,503.4,132.64,0,0.42303655601936596
2,6,389,461,2,0.0,1,2.09,556.77,999.0,0,0.3095892930401289
1,0,42,27,0,24.91,10,1.77,476.35,1.08,0,0.30988923369835536
3,6,20,397,2,0.0,1,1.69,188.54,999.0,1,0.6045264382958464
7,4,288,387,2,19.37,8,3.1,291.03,19.98,0,0.4737819716778083
3,6,55,25,0,24.71,14,0.02,61.65,1.01,0,0.3874114979291234
3,7,161,587,2,0.0,6,4.9,561.85,999.0,0,0.47529814540845616
1,1,38,452,2,2.67,1,5.96,181.26,169.58,0,0.1448351263733696
1,4,147,300,2,2.15,10,5.1,265.27,139.32,0,0.4635179274327602
3,3,341,531,2,7.58,10,2.24,113.82,70.09,0,0.4981056293716774
1,7,398,27,0,0.0,11,1.46,20.73,999.0,0,0.5024160564754586
0,4,317,599,2,14.59,12,5.88,144.38,41.06,0,0.4763100192406473
1,7,332,467,2,5.88,6,5.77,524.05,79.37,0,0.39360185226282945
2,4,260,507,2,0.0,6,4.76,490.84,999.0,0,0.520721987023052
6,5,339,249,0,0.0,15,3.95,245.05,999.0,0,0.4643882033203078
1,4,360,80,0,0.0,8,3.46,478.8,999.0,0,0.4333455486581679
7,6,226,34,0,10.76,11,3.36,78.74,3.16,0,0.39472563346832584
5,7,312,128,0,0.0,12,0.82,34.21,999.0,0,0.4809989188314657
3,5,385,269,2,9.83,6,4.92,330.37,27.37,0,0.3735164143871013
0,1,152,335,2,0.0,7,3.6,157.66,999.0,0,0.5333694393029692
7,1,371,553,2,24.64,4,2.17,93.16,22.44,0,0.33805011902950227
0,5,13,177,0,0.0,0,0.29,66.52,999.0,1,0.5135118938648587
1,0,43,334,2,10.6,2,5.08,286.61,31.5,0,0.24142177271061216
4,1,72,89,0,0.0,1,4.04,342.5,999.0,0,0.1187917984621065
3,4,341,384,2,0.0,12,2.87,134.05,999.0,0,0.6618601297301512
1,0,136,268,2,13.23,14,5.69,162.11,20.26,0,0.5490227151626574
5,5,372,429,2,0.0,4,5.93,467.82,999.0,0,0.421636754942194
2,2,11,420,2,0.0,12,4.93,90.51,999.0,1,0.8761287782160615
3,0,80,194,0,0.0,13,3.65,265.67,999.0,0,0.43271290151792535
1,6,237,444,2,0.0,4,1.35,354.9,999.0,0,0.3661263769087348
3,2,176,143,0,0.0,12,4.83,548.68,999.0,0,0.4109765851919659
3,7,299,266,2,15.13,5,5.62,201.55,17.59,0,0.3788396945132918
6,4,133,308,2,17.09,7,4.81,453.26,18.02,0,0.3855045515597557
6,1,60,76,0,0.0,7,0.28,169.35,999.0,0,0.39548025380554297
0,5,288,511,2,11.97,10,4.21,364.42,42.68,0,0.5091911284164207
0,6,358,170,0,19.5,1,1.03,226.67,8.72,0,0.013756273825253934
2,0,366,272,2,0.0,14,1.01,259.22,999.0,0,0.6563589364807112
6,6,372,23,1,0.0,10,3.05,62.03,999.0,0,0.4855564847648562
2,5,177,581,2,23.78,7,4.33,582.7,24.43,0,0.42959865674786285
3,5,251,592,2,7.9,2,3.39,393.23,74.97,0,0.191525853444507
7,4,350,87,0,1.84,6,5.93,578.64,47.35,0,0.21672595275507817
3,6,76,363,2,9.82,13,0.62,112.98,36.95,0,0.5587914514679826
4,2,106,212,0,0.0,1,2.17,574.62,999.0,0,0.12584880519787853
2,2,322,258,2,0.0,14,1.34,547.29,999.0,0,0.6537393628102096
1,0,242,534,2,0.0,5,3.82,153.13,999.0,0,0.44121110109829004
5,4,279,357,2,0.0,15,0.8,57.15,999.0,0,0.6118064565942766
0,4,71,557,2,0.0,13,4.09,112.9,999.0,0,0.6235686397834305
6,3,323,405,2,0.0,10,2.12,73.0,999.0,0,0.6351249456579842
0,5,42,33,0,12.83,8,4.26,94.72,2.57,0,0.33125361553393445
3,0,7,214,0,10.46,4,0.77,206.9,20.46,1,0.40546442639640096
3,0,362,194,0,0.0,8,1.18,285.0,999.0,0,0.4428254299801988
1,6,393,586,2,0.0,3,5.23,431.49,999.0,0,0.35253362404462807
6,6,314,394,2,20.9,9,0.06,139.68,18.85,0,0.43595226015756794
5,4,130,65,0,23.57,3,2.62,173.06,2.76,0,0.12171693241979259
0,4,149,339,2,0.0,10,4.37,75.09,999.0,0,0.598866014748207
2,6,355,174,0,0.0,9,0.58,228.03,999.0,0,0.433127902549582
0,6,316,586,2,24.46,3,4.38,468.25,23.96,0,0.22066028511216898
2,5,191,163,0,0.0,4,3.96,588.18,999.0,0,0.3302538090181299
5,3,234,455,2,0.0,11,5.53,449.3,999.0,0,0.6645576384956569
4,7,208,178,0,0.0,11,0.28,81.77,999.0,0,0.45268389198612463
5,2,167,327,2,12.66,5,2.78,428.39,25.82,0,0.3362595941468801
2,6,21,226,0,2.06,8,3.19,30.83,109.63,1,0.5345551807462026
4,5,274,519,2,0.17,3,5.02,270.42,2968.65,0,0.3219127213557186
4,2,92,225,0,9.2,9,3.96,231.39,24.46,0,0.36351379428599484
0,5,378,361,2,14.09,10,2.67,367.76,25.62,0,0.5479065312617328
1,1,349,192,0,0.0,0,4.25,459.99,999.0,0,0.14612830675692304
2,7,129,332,2,0.0,2,5.98,20.33,999.0,0,0.36239845059416237
5,7,20,111,0,0.0,5,0.7,138.96,999.0,1,0.5675613103712899
6,0,4,526,2,4.89,13,4.08,60.8,107.48,1,0.7905942820080405
3,0,352,507,2,0.0,3,4.49,443.7,999.0,0,0.39466939539101537
7,2,239,107,0,15.84,12,5.61,549.17,6.76,0,0.39275609241333576
3,3,267,497,2,18.7,4,3.08,445.65,26.57,0,0.353588269481109
6,1,280,264,2,19.4,12,4.18,49.67,13.61,0,0.5391241242556677
0,0,241,242,0,12.41,9,4.69,201.33,19.5,0,0.34007892438827914
4,4,142,112,0,0.0,14,2.42,545.26,999.0,0,0.41044276691420434
6,2,198,351,2,0.0,9,4.61,501.6,999.0,0,0.6372217316341804
1,6,16,265,2,0.0,10,5.73,389.36,999.0,1,0.9334661900112258
0,7,311,586,2,24.15,10,2.7,458.67,24.26,0,0.540631938581405
7,5,214,565,2,1.8,9,5.98,146.49,313.7,0,0.4547899644468939
0,7,356,215,0,1.42,3,4.84,507.31,151.44,0,0.14188300760743158
6,1,352,197,0,0.0,0,2.95,330.07,999.0,0,0.1365485041593327
2,2,98,202,0,17.89,9,0.08,544.43,11.29,0,0.3437790575406405
5,2,284,341,2,0.0,5,1.35,463.69,999.0,0,0.5054406355067295
6,5,101,162,0,11.47,10,4.85,185.15,14.13,0,0.3440588374339418
4,0,97,143,0,0.0,8,2.89,63.41,999.0,0,0.376865710191915
5,0,300,248,0,17.76,11,2.07,281.86,13.96,0,0.40863566223552966
2,0,21,420,2,2.84,2,1.17,585.14,147.96,1,0.4858562745484869
5,4,241,401,2,0.0,3,3.31,164.58,999.0,0,0.40552063494658364
1,2,245,14,1,21.07,0,2.63,255.03,0.66,0,0.0787352077548099
2,2,278,242,0,0.0,11,2.32,184.3,999.0,0,0.4768948692336452
5,3,344,4,1,23.42,11,1.94,564.96,0.17,0,0.359675877988011
0,2,209,217,0,17.64,0,3.0,302.63,12.3,0,0.03467202866588395
4,3,119,140,0,0.0,1,1.58,497.62,999.0,0,0.10624387785425642
2,3,205,579,2,0.0,13,5.34,346.43,999.0,0,0.5720490043881052
2,2,32,577,2,11.1,0,2.4,285.59,51.97,0,0.18265906009417138
6,7,13,68,0,0.0,5,0.23,140.18,999.0,1,0.6425197226677697
4,4,314,33,0,11.43,5,5.47,241.79,2.89,0,0.2173739010756186
3,3,387,236,0,0.0,5,3.47,239.2,999.0,0,0.327855777093232
2,1,2,345,2,5.61,2,0.96,553.39,61.52,1,0.46074714790512866
0,2,75,523,2,5.83,14,4.49,125.46,89.72,0,0.5235284567363331
5,4,318,573,2,8.1,5,5.34,561.45,70.71,0,0.2774567407967711
3,2,82,530,2,0.0,2,5.89,117.1,999.0,0,0.41112482354961766
0,4,133,425,2,17.59,10,0.82,531.0,24.16,0,0.4959633415285187
0,6,355,19,1,16.17,14,0.93,384.02,1.18,0,0.40266634532244855
5,2,186,472,2,5.44,8,2.82,337.52,86.8,0,0.43036112993437464
0,7,2,279,2,10.41,14,2.75,523.17,26.79,1,0.8292808921044853
1,2,315,526,2,12.5,4,3.27,109.94,42.07,0,0.30069432103153776
2,2,206,72,0,17.69,8,0.72,35.57,4.07,0,0.27830568825076357
7,1,331,528,2,0.0,10,2.32,436.0,999.0,0,0.6151298494773904
0,3,39,411,2,9.45,11,3.82,103.72,43.49,0,0.4999159966621072
3,1,90,268,2,3.34,7,5.9,409.91,80.28,0,0.36640683473635244
6,0,44,590,2,15.1,0,3.13,21.6,39.08,0,0.19429415385588994
7,0,355,526,2,19.49,15,5.23,79.61,26.99,0,0.4504660040492501
7,7,333,105,0,0.0,15,4.96,53.76,999.0,0,0.4171306632980126
6,5,375,453,2,14.93,4,3.89,190.33,30.35,0,0.24798849958451774
0,5,35,93,0,0.0,1,4.06,49.58,999.0,0,0.11473623034032776
5,0,372,180,0,0.0,4,2.09,187.65,999.0,0,0.2748266428978494
3,2,17,83,0,0.0,15,2.19,382.13,999.0,1,0.7423655302584508
4,7,346,341,2,16.0,10,3.57,454.11,21.31,0,0.48415659911766595
4,4,390,171,0,8.66,8,4.01,116.14,19.74,0,0.2597536782771772
6,4,58,357,2,0.0,14,1.75,565.87,999.0,0,0.6444285583614716
5,1,97,244,0,0.0,14,4.74,481.81,999.0,0,0.4574563605262863
7,6,274,117,0,18.59,0,5.02,205.73,6.29,0,0.02956854054345647
1,7,155,47,0,20.0,12,3.1,65.73,2.35,0,0.3227444189085639
0,0,109,345,2,0.0,9,4.41,410.83,999.0,0,0.5713050464887844
4,5,14,578,2,15.43,6,1.1,236.85,37.46,1,0.6112183822250408
2,7,378,111,0,0.0,2,4.15,52.92,999.0,0,0.21813614528007347
5,1,274,256,2,10.26,10,3.58,494.73,24.95,0,0.43916489920863166
5,6,61,512,2,0.0,14,4.34,135.16,999.0,0,0.5829997921227037
0,0,80,151,0,16.42,8,0.93,377.4,9.2,0,0.3426253299740041
2,0,172,339,2,0.0,15,5.53,337.88,999.0,0,0.5622369552119926
2,1,389,288,2,11.76,8,2.68,244.23,24.49,0,0.4013624896775231
3,7,54,493,2,18.03,15,5.92,530.16,27.35,0,0.4396724876125906
6,1,235,187,0,0.0,8,2.06,103.55,999.0,0,0.44586157050465564
2,6,229,438,2,15.49,14,5.64,211.77,28.27,0,0.4634536814654375
4,7,389,301,2,0.0,8,0.03,552.48,999.0,0,0.636119389978667
2,3,213,3,1,17.28,5,4.17,213.07,0.17,0,0.24892556166410668
3,4,193,255,2,0.0,3,0.92,181.7,999.0,0,0.4465285860723794
4,4,246,248,0,10.55,13,0.71,534.51,23.51,0,0.41922377900889296
6,6,70,135,0,0.0,1,5.8,490.61,999.0,0,0.10538674455037494
6,5,315,258,2,12.96,7,0.61,40.37,19.91,0,0.4342732164022341
7,4,124,254,2,1.32,5,4.85,549.88,192.21,0,0.37585679329972493
7,1,275,423,2,0.0,9,1.79,525.88,999.0,0,0.5602572699949472
3,1,54,133,0,0.0,0,2.95,511.51,999.0,0,0.13691207936770813
7,0,203,426,2,1.94,11,3.74,316.18,219.66,0,0.5116319323194085
6,3,182,443,2,8.15,2,3.14,36.66,54.34,0,0.24941745172844626
2,5,72,77,0,23.45,13,3.5,548.57,3.28,0,0.3279318578548858
4,6,302,538,2,0.0,5,5.96,507.61,999.0,0,0.5088178166328894
7,0,169,157,0,0.0,7,5.04,117.19,999.0,0,0.38802725536262456
7,1,376,171,0,0.0,0,1.25,270.9,999.0,0,0.1357962338831612
6,4,65,453,2,23.24,12,0.82,567.95,19.5,0,0.5216066463069177
5,2,242,147,0,13.23,0,4.33,106.74,11.11,0,0.03069827645475389
7,7,288,231,0,20.78,2,5.74,24.21,11.12,0,0.055839604973052216
3,3,137,355,2,20.33,15,1.46,536.61,17.46,0,0.4508181111748914
2,7,256,37,0,1.4,6,2.04,226.74,26.46,0,0.23208135032935404
3,0,65,473,2,0.0,5,3.3,493.17,999.0,0,0.4872127867771646
0,4,364,167,0,0.0,4,1.99,215.9,999.0,0,0.32698901648272094
3,7,235,39,0,0.0,13,2.86,343.59,999.0,0,0.4924570726940098
1,5,299,431,2,15.94,12,5.22,286.94,27.04,0,0.49331721161989045
5,6,312,10,1,7.43,8,4.48,270.12,1.35,0,0.3155333003058411
3,2,365,182,0,0.0,5,1.7,369.33,999.0,0,0.29226991313814443
7,7,15,10,1,16.48,5,1.43,376.68,0.61,1,0.5228020125443809
4,2,216,281,2,0.79,0,3.82,364.89,353.75,0,0.15475947772785148
1,2,368,48,0,0.0,0,4.16,159.97,999.0,0,0.18343869403411855
7,1,389,384,2,0.0,7,2.14,338.84,999.0,0,0.4604009249095337
1,0,277,17,1,23.67,6,1.24,182.52,0.72,0,0.25897397160326885
5,6,235,21,1,3.23,15,0.99,464.83,6.5,0,0.29873714534193
5,6,188,441,2,16.5,14,4.18,357.19,26.73,0,0.5377568730376497
5,7,175,581,2,8.58,11,0.15,218.71,67.7,0,0.5714857794640722
3,6,69,576,2,0.0,14,0.69,318.09,999.0,0,0.6675039013827144
4,1,287,229,0,0.0,10,0.79,514.88,999.0,0,0.5261906002958143
2,0,233,542,2,0.0,2,2.37,201.73,999.0,0,0.39883994549551705
2,1,154,383,2,12.29,10,0.89,486.22,31.17,0,0.43909815788514095
2,7,323,394,2,19.13,14,1.21,317.48,20.6,0,0.5229532234790253
2,4,30,193,0,20.56,7,1.03,563.57,9.39,0,0.28829286852645697
4,4,5,177,0,14.57,7,1.74,504.59,12.15,1,0.5683184325296152
4,1,91,90,0,0.0,11,4.31,402.82,999.0,0,0.4324298290713386
5,0,363,27,0,7.06,8,0.53,484.28,3.83,0,0.3233991834796154
2,5,155,416,2,0.0,3,1.22,195.51,999.0,0,0.44158791613268333
3,4,258,375,2,0.0,6,3.6,417.66,999.0,0,0.4738886411415677
2,7,219,559,2,0.0,15,1.44,495.24,999.0,0,0.5639169443559676
1,2,14,169,0,0.0,2,5.96,42.87,999.0,1,0.46879989849811465
4,0,84,538,2,0.0,2,3.47,412.91,999.0,0,0.3302422288741793
5,2,97,119,0,0.0,1,3.08,60.66,999.0,0,0.12803497999208563
5,6,288,211,0,0.0,7,4.56,530.98,999.0,0,0.3891242367017499
7,0,154,70,0,0.0,0,5.15,146.24,999.0,0,0.1357426988201556
1,1,260,490,2,7.26,0,0.67,438.86,67.46,0,0.2169231039409632
0,3,140,269,2,14.81,0,5.75,64.44,18.16,0,0.21732390479973432
7,6,177,59,0,20.66,14,2.08,427.95,2.86,0,0.33297271553351243
7,2,116,77,0,0.0,3,2.37,504.44,999.0,0,0.24545644244324843
1,1,334,56,0,7.89,0,5.72,460.62,7.1,0,0.038799733768747596
6,3,31,434,2,9.97,0,0.08,364.41,43.52,0,0.1804328242348317
6,6,352,251,2,0.0,7,1.31,287.5,999.0,0,0.4575133813260367
1,5,268,9,1,19.53,2,1.65,48.16,0.46,0,0.08450274330189889
3,2,111,305,2,0.0,12,2.03,330.02,999.0,0,0.608910414540606
4,3,320,175,0,6.09,0,5.04,305.87,28.76,0,0.0
5,2,352,382,2,13.76,8,2.14,599.38,27.76,0,0.37950836295924156
1,6,13,219,0,0.0,7,2.57,334.74,999.0,1,0.7030650783832596
7,3,203,576,2,0.0,4,5.72,328.5,999.0,0,0.36190498720833447
3,6,131,449,2,9.1,13,2.53,483.75,49.33,0,0.49207127907639225
7,4,51,402,2,0.0,4,0.23,152.23,999.0,0,0.44362234181070354
5,2,295,452,2,0.0,3,1.56,317.76,999.0,0,0.32658450655299814
1,1,384,275,2,0.0,11,2.64,335.55,999.0,0,0.6348080339833551
3,6,36,74,0,10.35,3,0.61,244.29,7.15,0,0.08525112954907077
3,6,39,91,0,0.0,12,4.49,32.84,999.0,0,0.42994170547279276
5,4,195,359,2,0.0,12,3.0,163.14,999.0,0,0.6107868615565236
4,3,256,462,2,2.24,0,1.19,528.83,206.47,0,0.19119902515950007
5,4,174,580,2,8.85,13,0.17,153.9,65.5,0,0.4639545036853791
1,1,308,423,2,0.0,4,2.98,106.9,999.0,0,0.38446557894528577
6,7,137,128,0,17.26,6,2.34,327.62,7.42,0,0.22620951637713654
0,5,348,461,2,0.0,8,0.18,435.36,999.0,0,0.5877800091414889
6,5,17,556,2,0.0,13,4.82,478.62,999.0,1,0.9327359043582585
0,3,141,540,2,15.71,6,5.23,577.5,34.37,0,0.399554240939079
0,0,354,430,2,4.32,10,4.28,354.31,99.58,0,0.535152747967682
1,4,93,363,2,6.38,13,3.46,190.34,56.92,0,0.5302368224423023
7,5,223,133,0,0.0,0,5.8,85.1,999.0,0,0.1860212280722425
1,7,105,277,2,7.65,10,3.51,155.86,36.21,0,0.5108989475228277
6,3,283,233,0,20.58,8,5.46,318.34,11.32,0,0.2843696020112323
1,0,28,92,0,11.12,3,0.75,433.02,8.27,1,0.3899563944370286
5,7,208,76,0,0.0,1,5.14,526.89,999.0,0,0.19538231916411486
4,4,47,295,2,0.0,10,4.28,468.84,999.0,0,0.6444610571829581
3,3,248,173,0,16.86,11,5.16,401.89,10.26,0,0.3588533961715219
1,3,25,141,0,10.36,12,1.64,284.68,13.6,1,0.6553170387199698
1,1,175,530,2,0.0,14,5.76,411.58,999.0,0,0.6126088700804675
4,1,370,2,1,0.0,3,5.93,89.17,999.0,0,0.2020836120841128
6,4,131,390,2,0.0,3,6.0,516.63,999.0,0,0.35493409287364835
7,5,156,176,0,18.29,15,1.28,444.37,9.62,0,0.38235413700686116
5,2,124,508,2,25.0,9,3.36,506.49,20.32,0,0.4853610813876185
7,0,29,480,2,0.0,4,2.04,120.1,999.0,1,0.7497705769194426
2,1,385,568,2,0.0,5,2.44,351.62,999.0,0,0.4602667120639112
6,6,211,19,1,3.71,11,5.46,509.28,5.12,0,0.3559176567132033
3,5,236,64,0,10.25,4,5.85,465.75,6.25,0,0.09813966157654694
0,3,350,483,2,0.0,14,0.28,162.66,999.0,0,0.641228098412061
0,6,366,445,2,0.0,5,0.22,484.32,999.0,0,0.5165567541912555
0,3,140,516,2,0.0,13,2.95,196.59,999.0,0,0.6028309692727613
6,2,316,419,2,8.69,9,4.04,176.03,48.21,0,0.4388376572087118
5,7,69,437,2,11.77,8,0.54,366.89,37.12,0,0.4036642214852425
1,7,301,277,2,12.46,0,5.15,487.75,22.23,0,0.13325971809685047
5,2,387,152,0,1.53,5,2.38,595.18,99.66,0,0.17709217076749884
3,2,381,398,2,16.58,11,1.03,557.31,24.0,0,0.5442936132341338
3,3,6,33,0,24.98,8,4.65,42.75,1.32,1,0.5517316746357981
5,1,222,527,2,0.0,8,2.79,451.89,999.0,0,0.5301715176005707
2,5,363,571,2,0.0,1,4.32,227.73,999.0,0,0.3625939941523143
3,6,371,417,2,0.0,6,0.82,272.0,999.0,0,0.4554112027357002
4,2,77,545,2,23.59,5,4.64,467.05,23.1,0,0.297705339311379
2,3,255,180,0,0.0,3,0.21,489.75,999.0,0,0.3036124778438031
0,0,279,598,2,0.0,8,5.61,39.74,999.0,0,0.5751676313690284
0,4,102,195,0,0.0,3,3.79,331.7,999.0,0,0.2832837357353912
3,4,188,408,2,0.0,4,2.16,302.38,999.0,0,0.4236910222404631
0,4,238,224,0,11.0,3,2.87,264.16,20.37,0,0.14504701207784626
0,6,152,378,2,21.1,9,1.81,502.56,17.91,0,0.41528953459488677
5,7,341,552,2,19.79,5,2.61,37.47,27.89,0,0.2947510347187118
2,7,102,438,2,13.06,6,1.58,577.7,33.54,0,0.36514076393131445
3,0,114,467,2,15.34,6,4.07,66.58,30.44,0,0.3466753338183676
3,2,49,522,2,9.35,11,4.79,472.04,55.81,0,0.5117122402950657
0,2,170,11,1,9.9,12,3.83,465.1,1.11,0,0.33839269099792746
7,3,153,506,2,0.0,9,4.97,354.66,999.0,0,0.5818270745532771
3,2,287,597,2,0.0,0,1.39,214.27,999.0,0,0.267250345480415
7,6,87,156,0,2.58,12,1.45,412.66,60.49,0,0.3253947665148063
6,3,306,263,2,15.38,0,1.21,346.47,17.1,0,0.14844621073115638
4,6,186,445,2,19.47,6,0.45,53.76,22.86,0,0.38299529678583755
0,0,77,93,0,0.0,14,5.64,240.5,999.0,0,0.435125174422366
2,5,377,399,2,16.42,6,4.32,499.56,24.3,0,0.32240142263210436
3,4,259,462,2,0.0,2,2.56,247.03,999.0,0,0.3896337932610854
1,0,309,10,1,7.56,12,4.32,441.81,1.32,0,0.37973478625032164
3,2,212,316,2,7.61,6,3.99,318.18,41.55,0,0.37568452521836815
4,1,248,441,2,0.0,6,2.97,552.71,999.0,0,0.4571162859040125
5,1,8,292,2,8.75,7,4.29,262.71,33.36,1,0.729363930083497
4,4,253,218,0,0.0,14,4.61,531.67,999.0,0,0.4993040353992517
5,2,257,586,2,0.75,12,2.62,552.67,781.48,0,0.46054508735518973
3,7,278,310,2,18.5,2,3.56,554.97,16.75,0,0.2387695054135831
3,7,141,251,2,20.38,1,3.64,253.9,12.31,0,0.1802693644931641
3,0,203,161,0,0.0,4,1.44,316.67,999.0,0,0.2864778114958922
6,4,202,169,0,0.0,9,4.65,154.67,999.0,0,0.4081362379149107
6,5,91,114,0,0.0,11,2.33,497.08,999.0,0,0.4505284679995835
1,0,267,559,2,1.13,9,2.52,188.63,496.81,0,0.46925998884501324
4,0,109,488,2,10.06,8,2.76,446.1,48.51,0,0.4359406699441603
1,6,42,190,0,4.44,1,5.91,157.89,42.84,0,0.07094634796632637
6,5,180,564,2,0.0,1,0.25,500.56,999.0,0,0.30653754729467475
3,3,111,381,2,3.28,12,0.01,492.66,116.32,0,0.5315703199323664
5,0,393,26,0,4.18,15,1.16,320.82,6.21,0,0.3027113622351153
0,1,95,301,2,20.27,3,5.78,73.73,14.85,0,0.25097389545345594
0,6,383,92,0,0.0,6,5.48,382.77,999.0,0,0.34888280407221073
0,5,173,123,0,0.0,13,3.19,67.26,999.0,0,0.4419719390227973
7,1,248,7,1,13.41,4,3.58,138.32,0.52,0,0.11755234147716781
5,0,252,103,0,0.0,4,5.78,147.6,999.0,0,0.29553365022584543
1,3,144,590,2,0.0,1,3.38,566.37,999.0,0,0.3546002789810616
4,0,341,53,0,0.0,15,5.24,62.36,999.0,0,0.5014699463288647
7,5,268,569,2,0.0,14,1.53,24.0,999.0,0,0.5979311833735258
1,2,213,134,0,0.0,1,5.97,363.31,999.0,0,0.201620055887638
1,6,163,502,2,0.0,3,0.71,270.34,999.0,0,0.43748436743124025
1,1,63,134,0,0.0,7,1.17,125.62,999.0,0,0.33686126785014553
7,2,31,439,2,0.0,3,4.74,493.28,999.0,0,0.3669012364745434
6,1,11,596,2,0.0,12,5.16,48.07,999.0,1,0.8645848709577115
0,5,84,91,0,0.0,6,4.76,23.41,999.0,0,0.27669389772857567
4,1,353,570,2,19.22,8,4.48,488.22,29.66,0,0.46678017715439307
1,7,53,262,2,0.0,8,2.55,208.9,999.0,0,0.5196587338739984
5,0,207,11,1,14.77,1,2.48,96.39,0.74,0,0.11535974585121887
4,5,204,442,2,0.0,11,3.43,43.56,999.0,0,0.5809469897821482
4,1,157,146,0,0.0,9,3.72,283.49,999.0,0,0.4611273639173623
7,6,92,323,2,21.2,14,2.44,246.51,15.24,0,0.4402690364820992
5,3,23,98,0,9.77,15,0.83,588.64,10.03,1,0.6247463596534043
7,4,345,384,2,22.25,0,0.81,473.74,17.26,0,0.20002561967543947
2,7,199,86,0,3.02,12,0.82,437.11,28.44,0,0.3449767684023948
0,3,158,534,2,3.19,13,2.9,46.66,167.56,0,0.47750008377693093
6,2,255,502,2,20.54,1,0.95,540.17,24.44,0,0.24267028028572718
7,2,106,88,0,0.0,10,0.89,124.0,999.0,0,0.418859300726506
2,5,381,399,2,0.0,10,4.47,323.04,999.0,0,0.6243161406894622
6,1,232,184,0,0.0,10,4.64,24.79,999.0,0,0.45319766364234026
3,5,102,89,0,0.0,8,2.23,259.95,999.0,0,0.36552645595009886
3,4,340,152,0,0.0,3,0.04,69.41,999.0,0,0.2420351777484659
4,4,382,231,0,18.14,2,1.69,37.96,12.74,0,0.1424016530557708
7,3,136,201,0,17.02,15,3.55,335.52,11.81,0,0.37270096439767253
4,0,388,152,0,0.0,13,5.58,105.42,999.0,0,0.4211275439414478
7,1,258,111,0,0.0,12,0.9,200.22,999.0,0,0.5106659758258185
5,7,266,445,2,20.27,11,3.02,281.96,21.95,0,0.4638688922908621
5,2,214,218,0,19.18,4,1.17,459.17,11.37,0,0.15727884860989302
2,5,160,302,2,0.0,10,1.22,87.72,999.0,0,0.6578843585842321
2,0,170,47,0,24.62,10,2.19,341.33,1.91,0,0.35327208327056875
7,2,4,268,2,11.03,13,2.28,239.74,24.29,1,0.7153112946739288
2,7,154,328,2,17.67,2,4.34,95.04,18.56,0,0.24909225231942955
5,3,37,220,0,17.92,11,3.63,79.58,12.28,0,0.38325627036398535
2,6,66,97,0,0.0,15,5.05,432.89,999.0,0,0.5028681314726468
4,4,113,3,1,0.0,0,4.83,67.34,999.0,0,0.18063705589129558
5,2,303,391,2,23.28,14,1.87,560.31,16.79,0,0.4556240252278395
7,1,63,371,2,0.0,8,4.71,561.05,999.0,0,0.5057553193171811
6,7,15,94,0,0.0,6,4.75,195.48,999.0,1,0.5773391375853371
7,5,379,555,2,17.53,2,4.4,323.63,31.67,0,0.18507843503761548
7,6,28,133,0,0.0,15,3.64,146.06,999.0,1,0.7224525928297316
3,2,252,295,2,0.0,6,1.29,112.9,999.0,0,0.44434600653866985
5,4,286,41,0,23.23,0,1.74,139.91,1.76,0,0.0
4,3,203,568,2,11.58,15,4.34,307.89,49.04,0,0.43076532226119274
0,3,207,394,2,10.28,12,0.08,409.88,38.33,0,0.5209084812135949
2,2,282,158,0,0.0,4,0.73,500.82,999.0,0,0.25448185971080706
6,2,247,568,2,19.75,4,2.56,430.82,28.75,0,0.2638592473852904
3,3,6,306,2,18.05,13,3.42,404.11,16.95,1,0.7144020797909504
6,6,338,406,2,0.81,11,5.93,74.81,500.28,0,0.4742861484757434
4,3,175,533,2,20.28,2,0.67,322.1,26.28,0,0.22412279365802432
6,5,51,157,0,0.0,3,0.17,245.5,999.0,0,0.2472232485906895
1,7,388,19,1,0.0,12,1.51,570.82,999.0,0,0.4013816965369851
6,5,297,358,2,23.14,8,1.0,381.15,15.47,0,0.42595687774462254
3,1,107,419,2,4.84,10,3.46,122.81,86.65,0,0.47796989154328345
6,7,244,499,2,0.0,11,4.73,266.58,999.0,0,0.5750342376531206
4,1,249,263,2,0.0,11,1.32,492.13,999.0,0,0.6166477424116314
4,2,222,503,2,0.0,6,3.65,27.53,999.0,0,0.5193693464607076
6,1,187,28,0,0.0,2,1.34,81.63,999.0,0,0.17095379006179257
0,4,145,187,0,18.73,8,3.0,110.64,9.98,0,0.2349502912117975
0,1,2,537,2,0.0,12,4.66,546.31,999.0,1,0.8600107143749463
7,0,160,584,2,23.89,15,1.35,403.66,24.44,0,0.4332113466096702
7,6,237,236,0,0.0,1,3.5,248.75,999.0,0,0.12740654194441153
2,3,235,185,0,0.0,5,0.34,315.17,999.0,0,0.3227221067308906
7,2,137,371,2,15.51,3,3.99,456.69,23.92,0,0.24968432852200736
7,3,81,500,2,0.0,3,4.09,198.79,999.0,0,0.40022917791832235
7,7,106,187,0,18.25,0,4.9,360.02,10.24,0,0.03095717251926515
6,6,387,64,0,0.87,15,1.2,221.13,73.28,0,0.3354202681657464
7,4,109,199,0,24.82,8,1.63,307.79,8.02,0,0.24618594686628475
3,2,251,405,2,20.99,11,3.57,488.92,19.29,0,0.5258195408557395
5,7,336,396,2,9.63,8,5.83,451.86,41.14,0,0.40786445685051376
3,4,227,258,2,0.0,4,1.52,469.3,999.0,0,0.3869605040335806
7,2,308,5,1,13.98,12,1.89,151.65,0.36,0,0.36484921627524336
5,0,122,451,2,20.12,8,3.32,566.27,22.42,0,0.45874226990446815
7,0,192,235,0,0.0,11,5.55,356.6,999.0,0,0.4323835623755594
1,3,209,388,2,0.0,8,4.87,36.92,999.0,0,0.5125693156051022
3,0,141,89,0,8.79,6,1.06,593.87,10.12,0,0.19290813950159938
0,5,53,46,0,0.0,13,2.17,153.67,999.0,0,0.4539555631148418
6,3,104,298,2,23.11,8,3.89,174.56,12.89,0,0.4840139636973778
6,6,382,38,0,0.0,15,1.18,474.6,999.0,0,0.4643197367857727
4,1,172,150,0,19.56,2,0.32,71.5,7.67,0,0.08267535639467874
7,6,23,494,2,0.0,10,0.69,193.44,999.0,1,0.9045334709992026
7,7,290,480,2,0.0,7,5.18,32.6,999.0,0,0.4644634066792599
4,3,165,457,2,21.56,8,4.23,294.37,21.2,0,0.4368050530049564
5,0,177,187,0,0.0,14,0.17,254.02,999.0,0,0.506384485082006
5,6,388,481,2,0.0,3,5.65,367.83,999.0,0,0.3546986484077986
6,1,112,583,2,0.0,15,2.77,231.07,999.0,0,0.6273529388799516
4,1,359,212,0,0.0,15,2.47,310.32,999.0,0,0.41107778698307224
0,7,297,67,0,18.96,11,0.71,37.38,3.53,0,0.3526925642738635
0,7,19,465,2,13.19,14,3.19,175.96,35.25,1,0.8262782277431586
0,3,131,529,2,21.04,14,1.28,559.22,25.15,0,0.46942758976811244
4,0,150,268,2,15.5,5,3.08,376.32,17.28,0,0.2926970655778206
7,3,340,399,2,20.09,7,4.44,67.97,19.86,0,0.39309374661225605
5,4,134,273,2,22.22,6,0.14,597.59,12.29,0,0.45285693528575655
0,7,321,380,2,10.89,4,2.54,382.5,34.89,0,0.24449020831960258
5,2,106,38,0,22.47,12,1.18,32.37,1.69,0,0.36204766466246924
2,3,184,409,2,0.0,7,0.18,366.4,999.0,0,0.5581358458134583
5,4,31,184,0,0.0,5,0.15,104.66,999.0,0,0.40078062301248807
5,3,48,571,2,24.41,0,0.13,94.25,23.39,0,0.1541283336996038
2,0,389,393,2,0.0,1,1.81,527.2,999.0,0,0.35581145896892397
0,3,29,354,2,7.43,14,1.31,319.4,47.63,1,0.7632158017961567
7,7,105,600,2,0.0,8,4.99,211.11,999.0,0,0.5675890935010469
3,1,192,86,0,13.39,4,5.16,128.92,6.42,0,0.15982638305754046
2,6,141,134,0,0.0,10,1.11,230.16,999.0,0,0.46758255374464797
6,1,173,346,2,0.0,1,5.62,91.88,999.0,0,0.31278662967198867
5,4,135,513,2,0.0,10,0.09,430.99,999.0,0,0.6217262311548452
4,1,366,333,2,0.0,8,1.73,432.87,999.0,0,0.4909285279846136
5,0,228,422,2,14.89,11,4.7,368.77,28.34,0,0.5259908021452337
3,5,171,520,2,0.0,4,3.98,279.05,999.0,0,0.45111570077812857
4,7,394,462,2,15.69,8,2.23,526.85,29.45,0,0.4103924763356494
1,2,112,526,2,11.18,7,2.9,292.56,47.03,0,0.3386244976076724
7,0,364,291,2,21.85,9,3.28,200.11,13.32,0,0.4805586757694587
6,7,136,108,0,0.0,6,4.07,217.73,999.0,0,0.3126128224661866
7,1,79,337,2,0.0,10,5.41,559.47,999.0,0,0.6431827882978944
6,7,135,21,1,0.0,4,5.47,591.72,999.0,0,0.2568982881434488
7,6,185,202,0,20.13,11,5.69,422.19,10.03,0,0.3142349916186675
1,7,327,50,0,1.4,11,2.02,159.58,35.79,0,0.3247748062192132
5,5,187,445,2,0.0,13,5.95,574.66,999.0,0,0.6296274276507106
3,5,337,495,2,17.48,13,3.05,345.08,28.31,0,0.5238783058042181
5,0,155,594,2,2.29,1,1.76,66.09,259.23,0,0.15265533134689047
5,7,287,328,2,0.0,14,3.5,149.38,999.0,0,0.6167185610983212
0,3,36,430,2,0.9,0,5.88,39.38,477.16,0,0.17461666565244371
3,1,48,110,0,0.0,5,0.26,255.42,999.0,0,0.26532799843798716
3,3,363,222,0,23.51,7,3.0,44.69,9.44,0,0.30315764659861233
3,7,266,173,0,0.0,6,3.17,184.33,999.0,0,0.3946954002229524
1,6,396,463,2,0.0,8,5.28,486.54,999.0,0,0.5746977884244044
3,4,263,94,0,0.0,12,2.61,298.83,999.0,0,0.4078679159831381
6,4,141,30,0,0.0,5,4.57,367.58,999.0,0,0.28209127373081305
3,7,305,335,2,12.96,14,4.95,195.36,25.85,0,0.503126070707868
2,4,199,539,2,0.0,9,5.59,169.2,999.0,0,0.6158536954014242
3,5,128,94,0,20.26,13,2.42,399.08,4.64,0,0.31351810450707374
4,0,79,387,2,0.0,12,1.61,573.99,999.0,0,0.5966321146999056
6,1,63,550,2,0.0,4,1.46,467.82,999.0,0,0.4336173479331494
2,4,197,573,2,0.0,1,1.36,140.52,999.0,0,0.32031644598275655
4,0,199,65,0,5.09,15,5.52,429.97,12.76,0,0.4087230427749394
5,7,257,250,0,1.29,10,1.97,243.32,194.33,0,0.40600995324256733
5,7,340,408,2,16.29,14,3.01,345.74,25.04,0,0.4302554759866998
5,5,35,134,0,22.91,13,1.57,168.16,5.85,0,0.36219852411505665
3,6,115,169,0,11.67,13,0.64,578.03,14.48,0,0.34684678198292507
4,4,91,43,0,0.0,2,5.88,315.86,999.0,0,0.18716921763127448
7,1,189,140,0,1.27,2,3.79,73.76,110.43,0,0.15052136134595986
5,0,175,418,2,0.0,7,1.34,529.89,999.0,0,0.5196796172137599
0,1,321,269,2,0.0,5,4.26,310.41,999.0,0,0.5014954085431635
6,6,364,209,0,4.65,1,4.68,94.74,44.91,0,0.026534628583163578
1,0,206,41,0,0.0,15,0.26,230.91,999.0,0,0.43485689448727805
1,4,179,470,2,22.5,13,2.17,367.19,20.88,0,0.4700502817457122
2,7,10,184,0,8.78,3,5.74,485.03,20.95,1,0.37186825488495534
3,0,160,6,1,15.69,11,0.74,43.29,0.38,0,0.30957663467751945
2,2,56,411,2,13.74,9,2.03,562.8,29.9,0,0.4967727300464227
1,4,229,244,0,0.0,1,1.7,67.96,999.0,0,0.13715107492518697
4,3,45,183,0,10.34,11,2.39,45.08,17.69,0,0.31659965115897026
6,1,212,364,2,0.0,13,4.58,165.32,999.0,0,0.5891035893545361
5,2,216,467,2,0.0,7,2.43,537.16,999.0,0,0.5436867681063202
2,7,371,321,2,0.0,11,5.42,510.37,999.0,0,0.6601005974577528
6,7,22,436,2,14.48,14,5.74,468.11,30.12,1,0.8265765501658595
1,1,197,464,2,0.0,5,5.83,231.69,999.0,0,0.485488895941636
3,3,9,379,2,6.82,10,5.81,525.11,55.6,1,0.7602324107267086
7,0,227,595,2,0.0,3,4.24,151.78,999.0,0,0.3437486788672891
2,6,350,271,2,10.31,10,4.44,352.65,26.29,0,0.4471221393830277
0,4,36,66,0,8.07,1,4.67,77.15,8.17,0,0.07481500657322189
3,4,201,373,2,0.0,13,1.22,158.11,999.0,0,0.587885104848737
5,4,100,476,2,0.0,0,3.47,333.35,999.0,0,0.26381700258211915
6,4,120,461,2,0.0,4,0.58,288.2,999.0,0,0.4744004129714467
4,7,32,113,0,20.47,5,3.31,414.38,5.52,0,0.2265991794085277
3,7,48,459,2,16.05,12,3.18,283.33,28.6,0,0.5026156149307934
5,0,182,96,0,0.0,7,0.18,426.84,999.0,0,0.44439742129766163
5,5,302,85,0,0.0,7,4.3,62.71,999.0,0,0.3646629611956021
6,4,330,511,2,0.7,9,0.26,223.22,731.83,0,0.5337265666395599
4,5,77,342,2,14.27,14,0.13,308.53,23.96,0,0.5777106159888885
6,5,4,590,2,0.0,0,2.81,530.83,999.0,1,0.5484405500519681
2,2,231,113,0,0.0,13,0.16,94.63,999.0,0,0.5356219973951765
6,1,63,574,2,0.0,3,0.16,371.69,999.0,0,0.47238141525527433
3,6,2,69,0,0.0,2,3.92,48.4,999.0,1,0.5186828772392612
2,7,354,415,2,0.0,11,5.57,485.31,999.0,0,0.6300374108764364
7,7,252,507,2,0.0,8,4.03,289.2,999.0,0,0.5697192780247604
2,1,54,576,2,8.4,9,2.6,579.2,68.6,0,0.4519517771026019
5,5,200,576,2,0.0,4,0.22,521.89,999.0,0,0.497328930499642
1,3,189,410,2,6.0,9,4.38,473.81,68.29,0,0.471177372969426
5,0,25,507,2,8.92,14,4.48,529.98,56.82,1,0.7966975315138172
6,7,97,371,2,0.0,3,2.94,308.05,999.0,0,0.38715104268426415
4,7,231,244,0,9.35,9,1.3,156.41,26.11,0,0.304395430509219
7,1,91,359,2,0.0,2,3.67,55.72,999.0,0,0.33959593757277023
4,6,328,591,2,3.08,15,0.67,71.65,192.06,0,0.49356282157376685
3,3,190,244,0,0.0,2,1.47,341.97,999.0,0,0.22081736548252362
0,5,329,402,2,13.26,11,1.39,211.07,30.32,0,0.46977793858462813
6,2,28,139,0,14.96,15,1.52,312.42,9.29,1,0.5836483653065233
2,6,303,201,0,7.26,3,2.71,350.94,27.69,0,0.08582427996454556
2,2,297,226,0,2.07,13,2.01,560.97,109.31,0,0.38518589488651905
4,7,192,56,0,7.91,15,4.35,472.97,7.08,0,0.3575052697171666
7,4,105,75,0,22.87,6,1.81,205.17,3.28,0,0.20396906022516048
1,1,354,338,2,0.0,4,5.4,286.47,999.0,0,0.36401965989372215
4,0,376,192,0,9.51,14,3.86,595.25,20.18,0,0.3123743965167347
4,3,103,590,2,2.51,14,5.86,487.82,235.01,0,0.49445285437889996
5,0,205,586,2,0.0,8,1.6,81.57,999.0,0,0.5803019259424692
1,0,154,149,0,21.45,8,3.73,222.31,6.95,0,0.32697922437000543
2,1,1,109,0,0.0,13,3.67,564.08,999.0,1,0.7469801462712505
3,2,391,600,2,6.14,10,1.26,197.88,97.79,0,0.4903356586883118
1,1,46,332,2,0.0,6,1.8,234.27,999.0,0,0.4283852754023901
1,6,147,165,0,9.61,10,5.45,184.62,17.17,0,0.4086971269512174
0,2,64,236,0,8.54,12,3.74,423.54,27.63,0,0.30729032277787743
3,4,3,501,2,0.0,14,1.48,191.16,999.0,1,0.8631433803304325
6,0,320,348,2,20.83,15,4.11,438.03,16.71,0,0.43607636340003064
0,3,293,538,2,0.0,1,2.65,597.22,999.0,0,0.30489644549044
6,3,173,136,0,0.0,5,0.0,118.87,999.0,0,0.3048186062048499
1,7,174,408,2,0.0,10,2.62,405.39,999.0,0,0.5603072826821639
5,4,63,196,0,0.0,13,2.35,443.88,999.0,0,0.4114799643818841
5,1,169,441,2,17.42,3,2.64,375.32,25.32,0,0.2860379282592628
7,2,290,60,0,0.0,9,3.56,118.71,999.0,0,0.45573279123148
1,1,334,289,2,4.0,3,1.74,184.86,72.24,0,0.2961295579231597
3,5,356,406,2,0.0,3,1.71,117.68,999.0,0,0.3645736919824805
0,1,84,31,0,2.7,1,0.91,379.18,11.47,0,0.06621541799007641
4,4,224,515,2,12.84,12,2.18,192.43,40.12,0,0.43889234247001857
2,7,96,127,0,6.18,14,5.32,209.63,20.54,0,0.36280051793305246
1,6,160,279,2,0.0,10,1.15,106.73,999.0,0,0.5636414875624297
0,1,51,195,0,1.54,4,1.31,228.4,126.55,0,0.21745856053634488
2,3,149,187,0,0.0,4,0.89,441.39,999.0,0,0.31076077970116145
4,6,90,402,2,0.0,7,5.99,111.7,999.0,0,0.5733989260251262
5,3,388,259,2,3.97,14,4.8,491.85,65.19,0,0.48689042692023377
0,4,396,137,0,0.0,15,3.84,547.76,999.0,0,0.44119274917989515
6,7,155,53,0,24.28,15,5.18,63.52,2.18,0,0.34385855822290956
5,2,150,53,0,0.0,1,5.29,234.82,999.0,0,0.11076510860205
7,2,146,473,2,0.0,11,1.66,270.71,999.0,0,0.5847207619714999
1,6,382,544,2,0.0,5,2.91,509.52,999.0,0,0.4802946886932118
3,5,359,189,0,0.0,5,4.77,316.55,999.0,0,0.27288692019090266
6,3,344,170,0,19.43,13,3.1,297.3,8.75,0,0.4080558667221013
0,4,93,237,0,8.81,7,0.47,376.23,26.91,0,0.2590883098274629
3,1,42,436,2,0.0,2,3.9,204.87,999.0,0,0.3314953720335146
7,0,178,7,1,0.0,15,2.88,23.56,999.0,0,0.45703077753029336
4,4,338,591,2,15.24,6,4.69,284.52,38.79,0,0.3625482528354066
6,2,394,72,0,0.0,10,5.47,227.87,999.0,0,0.46330649147731867
4,4,379,367,2,0.0,5,5.4,357.97,999.0,0,0.430397631616135
3,3,363,35,0,0.0,11,1.76,357.46,999.0,0,0.41498029380391277
5,1,383,101,0,0.65,15,1.85,82.21,155.93,0,0.3176471018588486
6,3,206,364,2,0.0,10,4.4,166.05,999.0,0,0.6089483570194403
7,2,73,242,0,6.52,15,5.06,476.37,37.11,0,0.34593462306413814
0,3,348,176,0,0.0,4,3.1,275.98,999.0,0,0.324421158426212
3,5,158,453,2,18.54,4,5.73,89.6,24.43,0,0.3463789531837983
7,5,298,433,2,6.1,6,0.42,197.37,70.93,0,0.4260722660231105
3,3,54,16,1,24.91,5,5.84,51.23,0.64,0,0.18183817094445523
5,4,345,26,0,0.0,0,1.46,262.14,999.0,0,0.13565699781641516
5,1,347,38,0,0.0,2,3.0,196.64,999.0,0,0.21877063052609005
0,1,230,46,0,3.37,13,0.38,387.96,13.66,0,0.37142637194729006
7,3,95,65,0,7.04,0,1.26,94.45,9.23,0,0.0
3,4,341,507,2,0.0,9,1.83,80.59,999.0,0,0.5673630156170338
1,0,11,301,2,0.0,2,0.07,189.53,999.0,1,0.6350364605760095
3,5,188,341,2,24.0,9,0.8,438.04,14.21,0,0.4972227904925835
2,2,348,237,0,14.92,13,4.53,597.41,15.88,0,0.3457103459213467
1,7,194,78,0,17.77,14,2.95,296.15,4.39,0,0.34255452744766296
5,1,112,512,2,0.0,4,4.74,371.75,999.0,0,0.3680829489824454
3,7,330,164,0,1.04,7,0.23,229.52,157.24,0,0.3151110771028023
5,5,379,513,2,0.0,14,4.97,149.54,999.0,0,0.563616306071178
0,7,297,412,2,0.0,7,3.76,481.31,999.0,0,0.4957403166380877
7,5,262,339,2,0.0,10,1.43,246.95,999.0,0,0.5668250939544751
5,4,157,195,0,0.0,14,0.49,346.85,999.0,0,0.4607234579466753
6,3,265,321,2,21.19,0,0.84,51.63,15.15,0,0.17252589137192814
1,5,101,469,2,13.97,5,0.33,539.29,33.56,0,0.33984420774180485
5,5,387,224,0,16.84,9,5.62,512.66,13.3,0,0.31202107068196966
6,7,240,515,2,0.0,4,5.85,483.45,999.0,0,0.4494743208214547
0,0,234,143,0,0.0,8,0.13,458.54,999.0,0,0.39804328711906045
1,1,89,302,2,10.06,11,4.01,331.7,30.01,0,0.4318748961918098
4,1,12,318,2,13.8,15,0.49,262.69,23.05,1,0.8444878428248657
2,6,65,299,2,7.52,1,4.17,346.51,39.78,0,0.1917313697368076
1,1,9,120,0,12.55,0,1.39,111.08,9.56,1,0.30558927426626514
0,4,338,300,2,0.0,14,1.47,198.62,999.0,0,0.5951449525291386
6,7,337,262,2,0.0,6,3.83,53.09,999.0,0,0.517771383309817
3,1,238,452,2,0.0,8,2.42,352.69,999.0,0,0.5200355761055196
0,4,271,124,0,0.0,1,0.56,267.08,999.0,0,0.23693292057373866
3,2,127,85,0,20.35,12,4.89,76.2,4.18,0,0.3844569901746795
2,7,189,82,0,22.44,1,0.13,177.31,3.65,0,0.14524566388201848
7,4,102,158,0,8.85,15,1.78,584.05,17.85,0,0.385273717314752
5,3,195,141,0,0.0,6,0.74,496.54,999.0,0,0.30330681511444607
1,1,304,27,0,0.0,12,0.07,79.43,999.0,0,0.5156613708356715
3,0,17,369,2,0.0,2,5.87,199.39,999.0,1,0.5936740215838513
6,7,335,250,0,18.71,6,3.36,408.47,13.36,0,0.19991555086519255
6,1,64,419,2,2.72,9,1.62,102.17,154.23,0,0.4930527441815524
1,4,169,322,2,5.24,4,2.41,93.81,61.43,0,0.3149386779888267
5,0,274,109,0,6.74,1,1.1,131.07,16.17,0,0.025382434559468113
5,3,179,523,2,0.0,10,5.26,119.41,999.0,0,0.6121445879610715
5,0,254,323,2,1.14,2,3.52,531.86,283.51,0,0.2696542540978902
7,3,185,265,2,19.71,4,2.15,182.69,13.45,0,0.32214782715442275
7,7,248,259,2,7.13,12,1.59,360.63,36.32,0,0.43407086489151636
6,4,28,49,0,10.87,4,2.34,336.88,4.51,1,0.39310871257807206
7,5,187,212,0,0.0,11,5.42,521.9,999.0,0,0.48838696104687057
6,0,299,103,0,0.0,8,0.15,111.15,999.0,0,0.4034096178868749
5,3,309,445,2,1.09,1,3.44,595.15,408.98,0,0.26453212540110554
3,2,324,258,2,11.72,4,2.38,98.92,22.02,0,0.31821145874685874
1,7,152,206,0,3.11,1,1.31,235.61,66.25,0,0.07989017751088612
3,4,127,520,2,23.36,8,5.63,286.76,22.26,0,0.43478487142099825
2,3,219,92,0,19.66,8,3.42,441.03,4.68,0,0.2663347944555784
4,5,365,362,2,0.0,5,2.69,131.97,999.0,0,0.40310335411996684
4,2,225,109,0,0.0,4,5.59,182.32,999.0,0,0.20084021541005498
3,3,202,132,0,0.0,14,2.45,493.11,999.0,0,0.47525905075406955
4,0,143,398,2,8.41,3,0.48,340.41,47.33,0,0.2543842198651134
1,1,9,358,2,0.0,4,3.19,369.8,999.0,1,0.6425433263273489
4,5,301,365,2,0.0,14,4.68,541.95,999.0,0,0.6088441775573962
4,2,106,215,0,7.96,6,5.46,152.96,27.01,0,0.2386501361084994
7,3,375,136,0,0.0,13,4.62,355.51,999.0,0,0.3995774091704533
5,1,22,12,1,0.0,15,2.65,115.78,999.0,1,0.7008951615038902
4,6,292,391,2,24.28,6,5.25,59.6,16.1,0,0.41031247033757595
7,3,58,26,0,0.0,6,0.39,282.84,999.0,0,0.2899201420125706
5,0,244,214,0,21.03,14,5.1,544.64,10.17,0,0.30265404073811064
2,7,99,281,2,23.53,10,0.31,587.65,11.94,0,0.47678797444425547
7,5,311,27,0,13.14,0,0.0,54.1,2.06,0,0.028027110658136394
0,7,44,160,0,0.0,8,2.08,162.28,999.0,0,0.4655159315852945
5,6,396,38,0,0.0,2,4.88,490.2,999.0,0,0.24283195827582343
7,5,59,471,2,0.0,6,1.0,27.98,999.0,0,0.5343135994828925
0,6,2,289,2,23.47,10,0.07,573.75,12.31,1,0.8352804806301676
1,3,13,48,0,11.09,15,3.9,319.09,4.33,1,0.66376440657788
5,5,350,554,2,0.0,10,3.45,76.24,999.0,0,0.5902309573081977
4,7,91,254,2,9.77,12,0.77,123.23,26.0,0,0.4908051711900314
5,1,277,127,0,0.0,1,1.85,581.23,999.0,0,0.12911584358033626
4,5,24,265,2,0.0,3,2.92,243.92,999.0,1,0.6854878848135878
4,3,294,293,2,2.67,14,1.54,39.44,109.92,0,0.4967095323453009
6,5,273,322,2,0.0,2,0.33,394.47,999.0,0,0.43336449257687126
7,2,220,296,2,23.74,7,3.92,281.01,12.47,0,0.4073380191559502
5,3,233,484,2,0.0,8,3.45,529.71,999.0,0,0.49914175972148195
4,5,347,534,2,24.96,7,5.92,274.35,21.4,0,0.33575079518891027
7,0,150,40,0,0.0,12,2.07,485.04,999.0,0,0.4905603365126756
5,6,297,182,0,0.0,1,5.0,468.6,999.0,0,0.23485688664902948
3,2,241,213,0,24.1,3,0.85,245.85,8.84,0,0.13021606862111074
2,1,80,255,2,0.12,14,3.96,520.26,2098.91,0,0.49187116901964395
1,5,120,145,0,0.0,10,4.65,240.78,999.0,0,0.3908288656893376
0,5,252,550,2,0.0,6,0.18,543.09,999.0,0,0.4868418551702549
3,6,174,193,0,3.13,13,4.39,330.94,61.76,0,0.3639838941902147
7,7,15,510,2,20.03,1,0.15,177.97,25.46,1,0.5013047092275684
4,3,127,455,2,0.0,8,4.4,66.02,999.0,0,0.5901221457664456
7,4,146,201,0,9.69,2,3.96,389.42,20.75,0,0.1357119782297826
6,3,258,469,2,0.0,11,5.35,430.57,999.0,0,0.6459988876888609
0,5,131,383,2,20.83,13,0.73,106.56,18.38,0,0.5319721688260148
7,4,35,280,2,4.26,7,3.77,165.4,65.75,0,0.4210951593524335
7,2,215,212,0,0.0,2,3.8,99.08,999.0,0,0.23965085281622656
2,1,161,576,2,0.0,14,4.19,91.3,999.0,0,0.6533398833601229
2,0,149,279,2,23.7,11,2.52,555.72,11.77,0,0.48795731014407084
5,4,57,475,2,16.25,12,0.04,203.08,29.24,0,0.5340708333215368
3,1,51,411,2,17.14,11,2.64,252.39,23.98,0,0.5404750187279973
7,6,191,485,2,17.99,12,5.17,298.78,26.96,0,0.4772858679713627
5,2,5,512,2,16.78,4,3.52,200.29,30.51,1,0.6236556555515427
2,1,252,372,2,1.55,4,3.56,310.74,239.91,0,0.37752817452871024
7,5,154,282,2,0.0,13,0.46,425.9,999.0,0,0.6149366476998898
0,6,311,174,0,14.87,7,3.87,270.44,11.7,0,0.27626853276100394
0,0,195,490,2,3.49,13,1.21,41.71,140.31,0,0.4494672520161572
1,4,127,56,0,0.0,7,1.45,31.49,999.0,0,0.303477594591821
1,4,343,21,1,10.01,10,2.06,308.93,2.1,0,0.3345836810470489
4,5,79,583,2,9.82,2,1.66,259.0,59.38,0,0.22889508921182392
4,5,233,535,2,0.0,14,5.75,530.22,999.0,0,0.573966264113933
7,1,337,247,0,8.2,13,5.48,270.58,30.11,0,0.3952121575898911
3,5,364,550,2,10.93,2,2.78,329.65,50.3,0,0.19090397530229758
6,0,355,125,0,0.0,13,0.77,519.21,999.0,0,0.5111744023042469
4,7,216,172,0,14.8,9,0.82,324.62,11.62,0,0.308453348135902
1,7,303,468,2,4.78,1,0.54,529.08,97.89,0,0.17602453544408658
7,1,311,59,0,16.99,4,5.02,128.97,3.47,0,0.212612900013097
7,2,52,131,0,3.11,2,3.43,387.67,42.19,0,0.14188442821965475
6,2,157,277,2,0.0,4,0.21,246.6,999.0,0,0.4404464361849428
3,3,309,217,0,24.64,1,3.13,187.01,8.81,0,0.08981518441272665
6,2,166,246,0,0.0,8,0.09,51.12,999.0,0,0.44186348013029425
5,4,34,280,2,0.0,4,5.3,326.95,999.0,0,0.3807551744160267
5,0,250,286,2,0.0,7,5.65,318.99,999.0,0,0.556596240566007
7,0,72,271,2,6.75,6,0.52,546.23,40.17,0,0.3227935983717086
7,1,343,570,2,4.35,7,5.63,94.95,131.12,0,0.4383816582759886
7,3,251,446,2,8.86,14,2.39,273.79,50.31,0,0.4832575741621564
7,3,173,328,2,0.0,9,2.81,76.45,999.0,0,0.6270964881089037
6,6,55,347,2,0.0,6,4.79,354.72,999.0,0,0.5263954105325372
4,2,237,52,0,0.0,11,0.35,392.17,999.0,0,0.44079469950547273
4,3,326,255,2,14.23,5,2.84,515.71,17.91,0,0.3347512891642149
5,2,148,457,2,0.0,2,4.99,369.75,999.0,0,0.3664407612066419
0,3,231,114,0,0.0,4,5.92,221.05,999.0,0,0.22709044823112423
5,5,237,89,0,0.0,2,4.74,71.95,999.0,0,0.24684949958921118
2,2,18,400,2,21.41,2,0.28,435.94,18.68,1,0.5830932714137896
3,6,129,220,0,9.81,8,1.26,113.01,22.43,0,0.3193764689237718
6,1,130,150,0,0.0,1,2.78,107.14,999.0,0,0.2123818066917576
7,6,368,512,2,0.0,14,3.05,511.36,999.0,0,0.6108725117765001
7,5,343,493,2,0.0,6,3.24,235.84,999.0,0,0.4267390744217617
0,0,31,433,2,0.0,10,3.09,519.07,999.0,0,0.6274466475462974
7,7,170,290,2,10.06,3,2.88,340.59,28.82,0,0.24308794292562635
7,0,124,296,2,6.86,6,1.32,432.81,43.18,0,0.40040544704664444
5,6,271,291,2,0.0,10,1.78,258.27,999.0,0,0.5740835219617756
1,7,161,506,2,0.0,11,0.65,442.87,999.0,0,0.6831132104317678
6,6,184,579,2,9.02,10,4.73,27.31,64.17,0,0.5242769270497053
3,3,230,322,2,3.84,8,3.1,389.71,83.94,0,0.3765930841046912
2,2,66,333,2,2.31,10,2.12,552.33,143.87,0,0.5060677090599532
3,7,329,133,0,5.75,13,0.27,60.65,23.15,0,0.33645289366514874
6,4,110,58,0,4.62,1,3.27,147.99,12.55,0,0.060402774174739916
2,2,63,16,1,0.0,11,3.83,106.19,999.0,0,0.49709903685355794
3,2,86,378,2,0.82,12,5.39,343.06,459.05,0,0.4530692629166233
6,5,102,55,0,23.03,6,3.96,400.64,2.39,0,0.25218291994824465
6,7,352,24,1,1.26,4,1.86,251.56,19.09,0,0.21566504978430148
6,4,353,575,2,0.0,9,1.26,256.92,999.0,0,0.5370522937883108
5,0,272,334,2,0.0,10,4.72,267.76,999.0,0,0.6185036910862244
2,6,195,579,2,0.0,6,4.84,471.28,999.0,0,0.46128733061068583
2,7,126,311,2,17.95,5,2.84,51.81,17.33,0,0.3518428608213203
7,2,99,246,0,6.33,13,2.5,81.11,38.84,0,0.33241256514203255
4,6,45,559,2,1.2,12,1.01,491.98,463.93,0,0.4963336048344535
7,2,140,256,2,15.1,0,4.52,414.5,16.95,0,0.20555768885544226
5,1,267,437,2,15.54,13,4.8,153.14,28.12,0,0.4659634816107804
0,3,357,240,0,0.0,0,0.73,356.0,999.0,0,0.12376045001545947
7,6,300,69,0,0.0,15,5.79,369.43,999.0,0,0.48420590959283905
0,1,398,161,0,0.0,2,2.31,75.56,999.0,0,0.24572586146032532
2,0,4,156,0,0.0,11,0.91,62.45,999.0,1,0.7169250856130133
6,3,348,68,0,0.0,5,0.48,301.32,999.0,0,0.2729390411750823
1,6,248,191,0,0.0,5,3.73,370.55,999.0,0,0.357707891924533
3,1,340,467,2,12.15,12,5.42,424.54,38.44,0,0.43164894790154923
0,1,336,595,2,0.0,14,2.26,218.8,999.0,0,0.6651381554158701
3,2,151,316,2,13.24,6,4.7,315.98,23.87,0,0.39537407989587736
1,5,38,320,2,7.12,9,2.61,86.86,44.96,0,0.45382353321585245
0,7,6,136,0,0.0,1,5.06,50.87,999.0,1,0.4567893484569331
0,3,145,581,2,0.0,6,1.01,240.65,999.0,0,0.5037515885942747
0,5,308,219,0,0.0,7,0.83,446.9,999.0,0,0.36271661855615983
7,6,83,369,2,0.0,5,0.53,84.79,999.0,0,0.46121647658363346
5,4,85,541,2,0.0,5,5.34,306.58,999.0,0,0.39318867811695996
1,6,229,517,2,2.77,14,4.77,450.34,186.61,0,0.47937214082794327
2,0,92,327,2,0.0,12,5.25,457.33,999.0,0,0.6018772290132256
3,0,88,175,0,1.02,2,2.9,488.01,171.59,0,0.1671384804886657
3,0,145,12,1,0.0,2,3.65,182.99,999.0,0,0.14291118710695083
5,0,230,330,2,0.0,8,3.01,115.01,999.0,0,0.5209456084485594
7,7,32,238,0,19.54,13,2.71,305.44,12.18,0,0.3780603864851033
3,0,334,460,2,9.82,1,2.04,315.76,46.85,0,0.18063168328494408
0,1,255,167,0,11.05,14,1.45,440.55,15.12,0,0.35581974821156104
0,1,354,560,2,0.0,0,2.17,72.19,999.0,0,0.24891801631141688
3,4,15,437,2,22.38,0,0.44,378.41,19.52,1,0.41722579144741917
0,2,156,42,0,0.0,2,4.05,390.06,999.0,0,0.23383055377587536
7,1,369,90,0,11.52,8,3.24,564.71,7.81,0,0.32893687919372316
6,6,100,91,0,4.09,1,2.69,402.94,22.26,0,0.005028781093274565
4,1,127,555,2,0.0,1,5.48,77.88,999.0,0,0.3523676342506685
4,5,358,416,2,12.5,14,2.63,543.23,33.29,0,0.5001365728919313
5,2,138,578,2,0.0,3,2.9,349.58,999.0,0,0.42081776514162783
7,6,157,339,2,1.88,14,4.55,43.27,180.56,0,0.5561172054581973
3,0,129,358,2,23.93,14,3.03,114.05,14.96,0,0.4852538585577475
2,5,98,152,0,1.48,5,3.19,324.0,102.5,0,0.21667545450416326
3,5,363,514,2,12.47,5,3.72,528.32,41.21,0,0.2928209265008214
5,7,351,16,1,4.09,0,5.37,375.2,3.92,0,0.03903914496573434
6,6,101,541,2,7.71,9,3.2,174.61,70.18,0,0.4792794933810049
3,3,164,402,2,19.9,4,4.26,369.63,20.2,0,0.3043688406941677
6,7,208,170,0,0.0,15,1.49,584.52,999.0,0,0.5139825024238953
3,4,2,399,2,0.0,3,2.47,132.77,999.0,1,0.6384203644211988
0,1,135,136,0,2.3,6,1.53,419.64,59.22,0,0.2032042282614583
6,3,206,175,0,19.99,5,5.32,133.08,8.75,0,0.18512441012157904
4,4,137,372,2,0.0,9,1.22,525.33,999.0,0,0.6300818392759248
1,1,54,478,2,8.49,9,5.95,212.82,56.31,0,0.4749854017694166
2,1,324,567,2,13.29,5,5.14,465.6,42.67,0,0.31542784920719596
1,5,39,165,0,0.0,13,1.64,304.85,999.0,0,0.4832540930869914
4,6,148,182,0,14.67,5,1.52,442.5,12.41,0,0.16878503759003372
7,5,392,583,2,20.3,7,5.12,55.47,28.72,0,0.3719301278080234
1,4,189,77,0,0.0,8,2.88,349.92,999.0,0,0.436088160950569
3,0,174,476,2,0.0,8,1.95,134.01,999.0,0,0.4951463613740007
1,2,129,414,2,0.0,15,3.21,414.72,999.0,0,0.667417478308613
2,4,106,48,0,0.0,8,3.79,27.68,999.0,0,0.37648620349441286
6,1,372,27,0,9.44,7,4.5,549.62,2.86,0,0.2668563106975912
2,1,266,502,2,0.0,12,2.03,266.35,999.0,0,0.651940514838168
4,7,43,358,2,0.0,3,5.4,204.68,999.0,0,0.3426551775280957
3,1,213,45,0,0.04,1,1.12,590.05,1092.42,0,0.021806898139049256
6,3,328,136,0,0.0,1,3.33,535.37,999.0,0,0.13371281911212163
4,2,191,37,0,21.26,12,3.71,492.36,1.74,0,0.3802942463441771
7,4,84,33,0,0.0,9,0.51,506.13,999.0,0,0.3940232386298709
6,0,329,487,2,5.57,5,1.48,509.49,87.42,0,0.38008275695723714
1,5,297,377,2,4.24,8,2.74,207.73,88.89,0,0.422464558569368
6,3,386,501,2,0.0,7,0.17,202.35,999.0,0,0.5444517104280768
7,3,200,454,2,10.86,9,4.32,77.83,41.79,0,0.44227661769386845
3,4,374,548,2,0.0,8,4.9,153.33,999.0,0,0.4926809776203997
3,5,223,26,0,21.86,13,3.71,579.02,1.19,0,0.34106418822707585
0,6,109,365,2,7.68,12,0.1,301.98,47.52,0,0.5673293929711392
2,1,30,90,0,0.0,12,0.99,99.33,999.0,0,0.42764947519769286
4,1,270,23,1,0.0,8,2.07,190.17,999.0,0,0.3862051141998528
3,5,208,382,2,0.0,8,3.85,292.97,999.0,0,0.5403788156781658
5,0,229,427,2,23.03,10,2.75,149.64,18.54,0,0.5350580151614971
4,5,373,158,0,0.0,5,5.66,564.16,999.0,0,0.33933643718136197
4,6,235,52,0,2.06,10,4.64,514.22,25.28,0,0.3922301520231021
2,4,289,438,2,0.0,6,4.72,250.5,999.0,0,0.4525754309999736
0,2,31,229,0,16.62,8,0.23,20.53,13.78,0,0.3241010929229095
1,5,293,84,0,23.53,4,2.49,449.08,3.57,0,0.15437426753843644
5,3,356,556,2,0.0,15,2.25,163.64,999.0,0,0.569322993709171
4,6,37,319,2,3.27,5,0.13,54.54,97.52,0,0.34727631860837177
0,6,126,209,0,6.59,2,0.41,367.31,31.73,0,0.12052176598454072
3,7,74,533,2,4.49,11,5.98,538.0,118.74,0,0.4526312607458338
3,0,147,104,0,0.0,15,0.51,532.9,999.0,0,0.4557441026920435
3,3,378,236,0,1.53,9,1.69,326.9,154.36,0,0.3141634206025014
6,6,28,185,0,0.0,2,1.34,548.14,999.0,1,0.4988344770505541
2,1,17,594,2,6.01,15,4.35,439.46,98.88,1,0.7595834638166464
7,7,233,245,0,21.33,14,2.26,227.11,11.48,0,0.32585542350783125
0,3,129,516,2,2.77,8,1.21,467.48,186.24,0,0.4526300163665765
1,0,72,390,2,15.61,11,1.23,497.1,24.99,0,0.4944827469750662
2,3,354,255,2,0.0,6,2.19,452.22,999.0,0,0.43037996331869904
5,5,383,29,0,0.0,12,1.5,270.66,999.0,0,0.48603368353454046
6,0,198,450,2,0.0,10,3.79,91.51,999.0,0,0.6489878627332631
4,7,224,160,0,2.68,9,3.37,161.92,59.61,0,0.3766494874253651
2,7,357,592,2,0.0,5,3.5,51.13,999.0,0,0.4580142673795148
7,2,177,171,0,0.0,7,4.44,469.49,999.0,0,0.357346933579964
3,7,237,114,0,0.0,8,3.18,464.58,999.0,0,0.3983103191501006
1,4,309,366,2,23.79,10,3.75,58.99,15.38,0,0.514824300140492
4,5,202,300,2,24.96,8,4.6,103.74,12.02,0,0.46495996980444687
0,0,133,74,0,0.0,9,5.24,587.41,999.0,0,0.463462857056094
6,7,276,374,2,8.26,0,4.72,311.22,45.3,0,0.16639112779089132
7,5,392,46,0,3.12,12,2.71,45.22,14.73,0,0.4019982200408567
3,6,251,146,0,18.97,1,4.46,546.4,7.7,0,0.08572145476447839
0,4,342,78,0,0.0,15,1.45,426.61,999.0,0,0.44080291990300374
3,1,212,100,0,5.54,0,4.48,360.7,18.05,0,0.0
1,6,138,358,2,0.0,15,2.07,395.61,999.0,0,0.63610692516223
3,2,390,575,2,18.86,10,5.52,576.49,30.49,0,0.5116066188087129
6,6,267,520,2,1.76,14,0.66,208.56,296.14,0,0.5639473036206448
6,1,216,424,2,13.99,1,3.39,263.94,30.3,0,0.2315522688975781
6,4,209,14,1,8.54,10,0.72,259.73,1.64,0,0.40497378276167
1,3,107,342,2,0.0,5,0.79,545.65,999.0,0,0.5101250313696637
2,5,203,413,2,0.0,2,5.69,391.92,999.0,0,0.3455587948890395
7,4,286,397,2,14.49,15,3.43,499.82,27.39,0,0.5052967637239547
6,3,44,585,2,0.0,1,2.09,306.9,999.0,0,0.26811402952063457
3,6,293,187,0,4.51,2,2.53,97.23,41.46,0,0.034518926925621723
1,2,248,288,2,0.0,3,2.93,138.2,999.0,0,0.3389503003535978
1,6,125,477,2,0.0,11,4.0,151.21,999.0,0,0.5965967860857525
6,2,89,197,0,0.0,11,2.5,139.53,999.0,0,0.4984288945968022
7,7,192,400,2,15.51,5,4.6,322.09,25.79,0,0.3660465208276071
0,4,5,36,0,0.0,15,1.22,146.44,999.0,1,0.6852953186409515
2,7,156,390,2,5.18,4,4.1,152.98,75.36,0,0.2789848778000946
6,1,60,570,2,0.0,0,5.79,504.19,999.0,0,0.29480513364372185
6,5,259,422,2,0.0,10,1.2,396.67,999.0,0,0.629755099601705
1,1,49,167,0,0.0,14,2.91,369.68,999.0,0,0.5071447127514391
3,6,218,394,2,9.83,9,2.88,314.13,40.08,0,0.47600528220498267
2,6,168,595,2,12.89,0,1.15,586.76,46.18,0,0.1689602735141908
0,2,342,284,2,0.0,7,2.94,146.85,999.0,0,0.5299530189828532
3,1,338,205,0,3.88,10,0.76,419.78,52.8,0,0.41406784057421797
5,6,232,100,0,14.55,1,4.88,500.43,6.87,0,0.08978978936331704
0,5,207,513,2,0.0,14,4.74,92.96,999.0,0,0.6529748238082544
6,5,78,290,2,21.23,2,3.0,112.78,13.66,0,0.26078734713738555
3,2,3,75,0,8.2,14,2.65,259.92,9.15,1,0.6389213044249299
3,6,372,86,0,10.21,14,2.48,220.9,8.43,0,0.3509772717078561
2,2,361,396,2,2.71,8,4.25,346.86,145.96,0,0.46375258990260776
2,4,288,269,2,14.51,6,4.03,451.91,18.54,0,0.33272302407653964
5,7,246,419,2,0.0,7,5.51,330.91,999.0,0,0.5064315252988887
5,0,398,34,0,0.0,11,3.57,437.75,999.0,0,0.47937771538817875
3,2,107,577,2,17.42,6,2.3,28.85,33.11,0,0.31604267809913167
4,1,79,470,2,0.77,3,3.37,209.76,612.56,0,0.2535688756195569
0,7,274,42,0,24.88,4,0.0,101.12,1.69,0,0.24611365889313852
3,3,282,562,2,0.0,5,0.07,549.51,999.0,0,0.5013990806730568
6,7,220,225,0,0.0,6,3.88,149.66,999.0,0,0.37492137466390807
3,6,186,430,2,12.08,3,3.48,423.98,35.61,0,0.2477008224776076
5,7,147,198,0,14.72,15,0.2,171.17,13.45,0,0.4200919361251275
3,3,39,401,2,0.0,10,1.62,266.91,999.0,0,0.6159701651219747
7,3,368,51,0,18.88,3,0.35,113.28,2.7,0,0.11752942652823091
1,2,302,180,0,10.56,4,1.9,590.97,17.04,0,0.1912826103345076
0,0,289,335,2,12.89,0,5.1,472.16,25.99,0,0.15633264671756344
5,7,394,13,1,0.0,1,5.8,556.63,999.0,0,0.1560893628087356
5,4,201,451,2,0.0,9,4.37,184.17,999.0,0,0.6193459215181037
3,0,284,282,2,0.0,10,5.68,239.22,999.0,0,0.558122027090498
3,2,56,205,0,23.98,9,0.76,402.97,8.55,0,0.3442834918988555
2,5,323,69,0,0.0,6,4.53,368.67,999.0,0,0.3651782657635115
0,4,86,591,2,0.0,10,3.39,380.44,999.0,0,0.6385996837798671
0,3,390,142,0,6.17,13,5.92,245.73,23.01,0,0.34162471387053167
6,2,373,536,2,14.43,2,5.37,473.04,37.14,0,0.27377377770222044
0,3,289,481,2,13.75,9,1.74,425.84,34.97,0,0.4213309269142275
1,3,209,244,0,0.0,14,4.23,124.61,999.0,0,0.5002532661395185
3,2,3,483,2,3.06,2,3.31,87.99,157.83,1,0.4807915548308818
1,1,241,521,2,10.37,14,4.98,255.48,50.22,0,0.4842783506154653
1,2,361,572,2,0.0,1,5.25,54.26,999.0,0,0.28073025852203326
7,5,225,276,2,0.0,7,4.08,27.5,999.0,0,0.5041174840446945
6,7,251,542,2,0.0,8,4.56,293.85,999.0,0,0.5974578582420654
6,5,175,476,2,1.6,9,3.46,260.24,296.83,0,0.5317630524564657
5,1,356,316,2,7.91,11,4.59,226.16,39.96,0,0.5163011258546546
4,2,166,142,0,0.0,3,4.9,231.87,999.0,0,0.17850741311481377
1,1,162,443,2,0.0,7,3.26,219.7,999.0,0,0.49237203752393754
6,4,377,430,2,0.0,11,0.36,259.95,999.0,0,0.679410793356046
0,3,259,214,0,0.0,8,2.6,427.48,999.0,0,0.3672972954744716
7,5,261,438,2,1.29,11,2.26,419.13,339.4,0,0.5524932317792494
2,3,154,368,2,3.46,14,0.32,64.74,106.35,0,0.5607658817195544
5,7,272,136,0,0.0,6,4.82,577.68,999.0,0,0.3814444274996815
2,7,46,386,2,2.75,5,4.29,419.05,140.23,0,0.37911293831342807
6,7,377,256,2,0.0,6,3.8,34.26,999.0,0,0.504143580517032
5,4,241,573,2,0.0,13,3.16,351.06,999.0,0,0.6541377119921536
1,2,92,585,2,0.0,5,5.6,426.98,999.0,0,0.4067397509608526
0,6,95,356,2,6.02,3,5.47,229.11,59.17,0,0.24700711825614302
4,1,277,168,0,0.0,2,1.57,22.09,999.0,0,0.26086483195326543
5,6,116,28,0,0.0,4,2.59,130.65,999.0,0,0.27812855109819584
0,4,229,593,2,20.33,11,2.66,267.45,29.16,0,0.5251846934888472
6,2,48,199,0,3.69,1,3.15,120.12,53.87,0,0.06678736437062889
5,6,150,215,0,7.45,1,4.11,323.83,28.85,0,0.10678720600291118
2,3,11,590,2,4.25,14,1.06,366.83,138.82,1,0.7881280222295557
4,6,240,218,0,0.0,12,1.21,29.54,999.0,0,0.4764930998923004
6,0,53,480,2,3.94,4,3.08,28.28,121.75,0,0.3513618520565195
6,4,312,50,0,12.89,15,1.69,66.83,3.88,0,0.30083658614734454
3,4,334,227,0,0.0,7,5.66,55.42,999.0,0,0.4280899381247225
1,6,211,240,0,19.22,5,5.91,583.23,12.49,0,0.19289938146542449
5,5,157,74,0,0.0,10,2.72,550.0,999.0,0,0.49242438639818514
6,2,84,588,2,0.0,0,3.07,325.69,999.0,0,0.23957585814868074
6,6,383,44,0,0.0,5,5.2,536.79,999.0,0,0.2655433092285744
0,1,227,268,2,15.31,6,3.07,387.84,17.5,0,0.31471427593441087
6,2,160,284,2,0.0,13,2.33,305.13,999.0,0,0.6153216987441988
5,7,114,151,0,22.73,11,0.34,123.07,6.64,0,0.3985605727351622
2,3,397,537,2,14.31,8,4.46,511.34,37.54,0,0.3676782988258437
1,1,329,15,1,0.0,11,0.14,161.45,999.0,0,0.5032987871953901
5,0,218,444,2,11.11,10,1.4,148.98,39.95,0,0.4539040584351449
1,7,392,82,0,6.37,11,1.53,490.02,12.88,0,0.3104845510985613
2,4,386,592,2,0.0,5,3.05,409.45,999.0,0,0.45586490756770226
5,2,25,521,2,14.66,4,0.66,275.48,35.53,1,0.5785380837840354
0,1,81,427,2,0.0,10,5.79,513.6,999.0,0,0.6411092258009724
7,3,365,139,0,0.0,7,5.32,191.3,999.0,0,0.30050123409664464
2,5,24,172,0,12.16,4,4.73,159.03,14.15,1,0.4056424567453519
4,4,25,237,0,12.05,11,1.54,365.75,19.67,1,0.641024520337001
2,5,378,537,2,0.0,0,3.14,391.53,999.0,0,0.3285357252621909
4,6,336,251,2,0.0,10,4.87,212.97,999.0,0,0.5568671352451582
4,7,339,108,0,0.0,10,0.71,92.65,999.0,0,0.42706801416197737
7,2,54,60,0,15.36,8,1.73,292.9,3.91,0,0.3089046963734965
1,1,242,127,0,12.11,0,0.18,431.81,10.49,0,0.04569033055931271
4,6,169,498,2,18.86,9,4.68,367.35,26.41,0,0.44658335737321125
0,7,70,224,0,0.0,9,5.11,481.06,999.0,0,0.4095979833336505
2,0,286,108,0,0.0,13,3.1,142.21,999.0,0,0.46672892971681096
5,2,274,599,2,0.0,9,1.3,163.3,999.0,0,0.5618018761130871
6,0,71,405,2,15.19,15,5.85,236.61,26.66,0,0.5127929069859067
6,6,288,296,2,0.0,6,4.0,77.22,999.0,0,0.4455558286908711
7,1,236,322,2,0.0,7,2.03,302.74,999.0,0,0.5603687261351632
2,3,388,225,0,0.29,7,3.6,98.68,787.81,0,0.29778242124540094
6,0,268,550,2,0.0,5,3.6,344.14,999.0,0,0.4461586393830157
3,4,361,30,0,2.32,15,5.01,196.66,12.9,0,0.40739292978856845
4,7,104,460,2,0.0,8,4.57,572.6,999.0,0,0.4907821413659366
6,7,274,69,0,15.08,12,5.86,215.11,4.58,0,0.34751297618073934
7,3,313,394,2,0.0,6,4.64,165.47,999.0,0,0.4631747689278203
3,6,278,594,2,0.0,0,1.76,83.51,999.0,0,0.3109314008029516
5,6,320,284,2,0.0,15,5.13,548.91,999.0,0,0.6466140199638079
7,7,35,434,2,0.0,12,1.92,288.3,999.0,0,0.5777919075580061
3,4,391,71,0,2.97,10,2.64,342.44,23.92,0,0.37566516079268986
7,1,75,394,2,8.19,5,3.3,58.67,48.09,0,0.3862558840008712
1,2,252,575,2,15.59,5,1.55,574.06,36.87,0,0.33989999598024606
6,0,327,542,2,7.31,10,5.25,132.11,74.19,0,0.5155914624573973
0,4,110,466,2,0.0,3,3.18,233.68,999.0,0,0.3744271424748982
7,0,253,126,0,10.88,8,3.28,554.74,11.58,0,0.23745737165598577
4,0,3,60,0,18.66,1,4.71,234.36,3.22,1,0.287416286720929
3,1,27,432,2,0.0,14,4.61,372.21,999.0,1,0.8490688293435982
6,2,91,575,2,12.58,9,0.92,555.88,45.7,0,0.49018837055010234
4,7,295,152,0,22.4,3,4.78,392.4,6.78,0,0.1375869404200678
3,6,209,329,2,24.79,11,3.05,504.77,13.27,0,0.5303578360917797
3,7,35,61,0,20.99,6,5.84,452.02,2.91,0,0.17914502366298996
0,6,355,507,2,11.49,6,4.29,21.17,44.13,0,0.3782214780808851
7,4,115,20,1,0.0,11,2.26,480.1,999.0,0,0.39560896512286403
1,3,51,418,2,17.05,14,2.11,298.57,24.51,0,0.5499593269830326
7,1,80,458,2,14.39,3,2.63,143.53,31.82,0,0.320898201816495
0,6,390,302,2,4.46,5,3.42,372.34,67.69,0,0.2728217381425686
4,3,263,560,2,15.73,13,2.77,98.59,35.61,0,0.5337530966114551
7,0,74,356,2,0.0,12,3.84,594.96,999.0,0,0.6189464545846689
5,4,216,279,2,0.0,10,2.51,499.17,999.0,0,0.5960740135373761
7,2,335,45,0,17.05,0,2.34,546.67,2.64,0,0.008432695904400218
5,0,340,189,0,0.0,7,1.54,426.91,999.0,0,0.41850172602298646
7,3,48,138,0,0.0,13,2.3,272.55,999.0,0,0.5064169284608706
4,0,167,239,0,0.0,8,0.94,583.55,999.0,0,0.36204498336063595
6,4,114,342,2,0.0,13,5.48,290.49,999.0,0,0.6298635342824697
5,1,123,531,2,0.8,14,1.35,87.13,663.29,0,0.49537967632034413
7,6,152,365,2,8.31,4,2.45,202.88,43.94,0,0.24162068483871296
0,5,341,374,2,0.0,11,5.78,110.73,999.0,0,0.6635519475103749
0,6,273,504,2,22.24,9,0.56,468.02,22.66,0,0.4570143707468852
6,2,163,574,2,0.0,12,1.48,269.91,999.0,0,0.5541990191187343
2,5,341,354,2,0.0,15,4.8,571.86,999.0,0,0.6547066823440398
7,5,39,599,2,5.02,10,1.31,504.36,119.35,0,0.45071899126858334
3,4,392,257,2,20.18,0,4.01,382.16,12.73,0,0.1691015640703831
2,1,102,275,2,0.0,12,1.66,238.49,999.0,0,0.5883812345403704
6,5,128,154,0,0.0,8,5.42,468.79,999.0,0,0.3506951342297751
1,0,55,276,2,0.0,5,3.5,276.78,999.0,0,0.4638508259281845
4,0,397,568,2,15.03,7,2.68,478.74,37.8,0,0.3702448920790583
1,2,206,527,2,0.0,0,4.37,322.29,999.0,0,0.23217408000555387
0,5,336,520,2,0.0,8,0.1,145.65,999.0,0,0.6076288671977875
0,5,18,566,2,0.0,1,2.03,588.94,999.0,1,0.627224451322576
5,6,303,38,0,0.0,7,6.0,76.38,999.0,0,0.3781986406578193
4,6,12,140,0,0.0,5,5.48,530.46,999.0,1,0.61868611642435
7,6,398,264,2,0.0,4,4.23,439.97,999.0,0,0.3996059662991602
3,6,398,162,0,1.29,8,3.51,420.34,125.64,0,0.2845237997163698
1,2,200,4,1,0.0,0,1.47,65.84,999.0,0,0.17121145957086972
6,5,214,362,2,0.0,13,2.34,304.76,999.0,0,0.6532745187750613
1,3,12,292,2,24.5,1,1.82,557.73,11.92,1,0.49037715447730923
6,4,333,102,0,9.95,1,3.17,103.62,10.25,0,0.08889320061186773
5,3,67,130,0,0.0,15,5.98,596.07,999.0,0,0.49720146750879396
7,6,131,96,0,22.92,3,5.36,408.31,4.19,0,0.13422125079996094
5,7,129,328,2,0.0,0,4.13,516.04,999.0,0,0.2540093126087863
3,4,19,530,2,5.48,8,5.04,411.69,96.69,1,0.7028591328098996
5,1,302,176,0,0.38,11,2.29,133.76,463.84,0,0.35445470928934575
6,2,235,446,2,0.0,7,2.49,156.85,999.0,0,0.5507440579897319
7,5,119,260,2,0.0,11,5.79,388.17,999.0,0,0.6064359386280426
0,2,69,526,2,0.44,15,0.48,584.43,1185.49,0,0.5210996017820146
4,5,10,136,0,18.72,8,2.73,470.63,7.26,1,0.5860335194589619
4,1,329,288,2,0.0,0,4.46,128.04,999.0,0,0.25860000467534905
1,6,340,437,2,0.0,13,2.53,302.08,999.0,0,0.6393627520713278
7,7,331,139,0,0.0,2,3.97,55.68,999.0,0,0.13418441666779302
3,4,127,479,2,0.0,12,0.11,69.26,999.0,0,0.6512683816512715
7,7,318,354,2,0.0,9,0.85,208.21,999.0,0,0.5947846548194968
2,2,136,131,0,9.0,15,2.71,125.25,14.55,0,0.34474253170393776
5,7,346,347,2,0.0,11,1.12,77.89,999.0,0,0.6610685383814341
4,6,18,232,0,0.0,7,3.49,249.82,999.0,1,0.6859034640797051
7,4,91,16,1,18.95,14,1.99,419.08,0.84,0,0.3730333321253194
3,5,340,515,2,19.79,14,4.52,52.47,26.02,0,0.47599825165530585
3,2,270,348,2,0.0,4,5.94,561.55,999.0,0,0.3952583887642345
1,6,365,485,2,14.8,13,4.48,278.16,32.77,0,0.48427070813656375
1,6,111,424,2,0.0,7,5.22,208.83,999.0,0,0.5402376057719377
5,2,361,66,0,2.87,14,1.04,572.66,23.0,0,0.32986261751762014
0,1,317,287,2,11.52,15,3.43,99.83,24.92,0,0.5109620474547464
6,5,150,576,2,23.59,14,3.42,430.64,24.42,0,0.4964746313932933
2,2,11,45,0,0.0,0,4.73,76.5,999.0,1,0.3806627060573451
6,6,306,59,0,9.88,2,1.93,207.55,5.97,0,0.0748233750829221
4,0,290,407,2,0.0,0,0.01,173.8,999.0,0,0.3824329402387373
7,2,140,160,0,16.47,9,5.26,438.0,9.71,0,0.3286937715041083
6,6,179,131,0,0.0,1,5.7,220.29,999.0,0,0.15679658614781278
7,2,381,339,2,0.0,8,1.23,566.94,999.0,0,0.5253055971551065
6,7,192,458,2,17.0,14,1.28,543.86,26.95,0,0.524441940922243
2,6,394,342,2,13.3,10,0.29,406.06,25.71,0,0.459547848897507
7,1,132,1,1,11.76,2,3.78,417.72,0.09,0,0.05587935817311828
0,6,44,590,2,14.91,8,5.98,247.96,39.58,0,0.45095784757674995
6,7,343,279,2,0.0,14,0.72,562.72,999.0,0,0.5960500400662265
3,5,200,433,2,0.0,1,1.31,221.99,999.0,0,0.2856670741917408
5,2,186,333,2,13.3,15,1.24,442.99,25.04,0,0.4869458517160284
1,0,339,511,2,0.0,9,4.87,507.86,999.0,0,0.5501635367995089
6,1,94,387,2,0.0,12,4.02,157.19,999.0,0,0.6425122710225974
6,2,226,341,2,9.86,8,1.34,523.14,34.58,0,0.3705899825540798
5,1,323,344,2,9.83,6,5.99,55.77,34.99,0,0.3492638713129027
6,2,365,120,0,0.0,11,4.07,245.53,999.0,0,0.3967783690500257
7,0,154,513,2,0.0,11,4.59,537.36,999.0,0,0.573449362403433
7,3,310,425,2,0.0,15,5.53,534.37,999.0,0,0.6418506006614684
5,6,226,471,2,0.0,10,2.16,319.76,999.0,0,0.6201724508829957
0,7,46,186,0,17.33,3,1.95,428.21,10.73,0,0.08796968791540313
7,0,26,130,0,0.0,3,1.27,94.64,999.0,1,0.5071177395927267
3,7,135,430,2,0.0,7,2.61,336.11,999.0,0,0.5182893182818241
1,5,256,493,2,0.0,2,3.16,120.21,999.0,0,0.3690484779293664
5,1,370,361,2,0.0,15,2.61,592.87,999.0,0,0.5937504932308166
2,2,113,377,2,0.0,10,3.34,407.54,999.0,0,0.6543551683321471
6,3,3,154,0,0.0,7,4.78,226.95,999.0,1,0.6112463505356025
7,7,54,383,2,0.0,11,4.82,367.2,999.0,0,0.5991928875151163
7,2,211,538,2,16.6,8,2.47,412.02,32.4,0,0.40451505968018936
7,2,267,251,2,0.0,3,5.99,570.53,999.0,0,0.41311692632820696
0,0,277,491,2,7.9,11,4.5,453.36,62.13,0,0.4706102086987525
1,0,164,542,2,0.0,13,2.92,305.26,999.0,0,0.6659439136922313
4,7,223,81,0,14.71,13,2.26,501.44,5.51,0,0.3842967152303456
4,6,391,338,2,0.0,7,1.8,277.64,999.0,0,0.4871802610252081
6,3,102,491,2,0.0,4,4.76,560.19,999.0,0,0.40964850853670604
2,1,316,76,0,0.0,6,2.91,139.91,999.0,0,0.36832820812358
7,3,148,320,2,0.0,3,3.6,25.03,999.0,0,0.4349940538704947
0,4,243,133,0,0.0,15,5.19,392.13,999.0,0,0.44124809071169385
1,4,182,498,2,11.27,12,0.1,328.93,44.18,0,0.5551200253887679
5,1,311,570,2,2.33,15,5.86,154.47,244.81,0,0.48230045381024955
3,7,331,541,2,13.18,9,3.04,365.45,41.05,0,0.4795965026733476
5,7,60,250,0,2.83,8,1.58,479.73,88.31,0,0.2981112232798689
6,1,223,248,0,21.11,5,2.03,165.57,11.75,0,0.18720768852535416
4,3,225,161,0,0.0,8,3.09,277.74,999.0,0,0.3920185768328292
1,1,281,576,2,20.82,10,2.24,363.72,27.67,0,0.5102576388757227
3,2,375,191,0,0.0,0,5.51,207.74,999.0,0,0.09147543339701514
4,5,379,116,0,10.95,10,3.3,184.94,10.59,0,0.32870236521603785
1,3,142,310,2,23.14,13,0.75,401.47,13.4,0,0.5442031172661994
1,2,97,239,0,0.0,13,2.02,137.26,999.0,0,0.515273829214067
3,5,314,483,2,0.0,12,5.99,110.73,999.0,0,0.5723085392089808
1,6,1,537,2,12.25,10,3.8,312.46,43.83,1,0.8131476901936804
2,7,98,476,2,21.3,7,0.28,560.54,22.35,0,0.417302267232698
3,6,198,421,2,0.68,15,3.02,209.02,618.54,0,0.4901972025419016
0,0,352,299,2,6.94,1,2.66,101.49,43.11,0,0.1899675818894011
0,1,9,452,2,0.0,4,2.43,105.68,999.0,1,0.7000152439102578
5,4,198,243,0,0.39,2,4.43,266.71,619.12,0,0.06852803945632674
7,7,164,208,0,14.6,5,1.67,389.76,14.25,0,0.19643389352312152
7,0,260,512,2,7.6,10,4.27,463.59,67.33,0,0.5128819103991571
0,5,101,401,2,8.47,4,2.62,145.82,47.35,0,0.31230563951631474
5,0,394,464,2,0.0,11,0.49,130.13,999.0,0,0.5757559312704839
6,7,94,66,0,0.0,10,2.33,160.55,999.0,0,0.44398828069691726
0,2,248,533,2,0.0,14,3.41,492.25,999.0,0,0.6425088499387432
1,4,372,587,2,0.0,7,2.84,298.08,999.0,0,0.45430268359553466
6,3,290,36,0,20.72,6,0.2,344.38,1.74,0,0.27601479790091593
3,6,399,528,2,23.22,14,0.97,330.72,22.74,0,0.4822160466951752
6,0,205,486,2,12.02,11,2.69,161.24,40.44,0,0.5396816337884104
5,4,52,3,1,7.96,15,5.4,95.89,0.38,0,0.40726647497290813
4,0,92,336,2,0.0,0,3.77,548.93,999.0,0,0.3267109194326402
7,2,109,350,2,12.11,11,4.71,384.98,28.9,0,0.4355758042869522
0,2,148,116,0,0.41,2,2.22,477.74,282.65,0,0.12221708466110923
4,3,60,415,2,0.0,13,4.6,496.84,999.0,0,0.560318863400766
5,6,224,91,0,5.77,0,4.23,275.46,15.76,0,0.04852857859995416
0,0,22,319,2,8.39,1,5.69,341.16,38.01,1,0.43853347891282124
7,0,208,584,2,0.0,12,1.86,477.99,999.0,0,0.6248577966469492
5,6,333,356,2,0.0,7,4.73,248.37,999.0,0,0.5214907063402544
6,4,250,143,0,21.77,11,1.95,315.79,6.57,0,0.3792560366665828
7,0,269,226,0,0.0,9,5.23,407.37,999.0,0,0.40927616757644447
6,6,360,253,2,0.0,1,4.38,170.71,999.0,0,0.28740626250955265
0,4,360,563,2,21.69,15,3.79,508.46,25.95,0,0.4425387739851395
0,6,57,448,2,1.27,6,0.44,498.29,351.86,0,0.45864511525126106
1,6,209,546,2,0.0,7,5.36,153.3,999.0,0,0.52920480860374
4,6,309,111,0,0.0,11,0.33,240.99,999.0,0,0.4559460109998106
6,6,79,378,2,0.0,4,5.2,147.04,999.0,0,0.37096059947660337
7,6,304,512,2,0.0,5,4.72,567.57,999.0,0,0.4600804105591673
7,4,251,286,2,0.0,14,0.72,544.17,999.0,0,0.6395075651597764
1,5,397,507,2,2.35,1,5.36,120.04,215.64,0,0.25453873373008307
1,4,395,258,2,11.19,10,0.22,173.65,23.05,0,0.5530733037666622
5,2,221,267,2,7.1,4,3.6,479.1,37.62,0,0.3266248498523855
4,5,132,88,0,0.0,7,5.59,494.32,999.0,0,0.3609245902102023
4,7,220,138,0,0.0,6,2.67,364.65,999.0,0,0.37370890956395514
2,4,89,486,2,0.0,15,1.69,412.01,999.0,0,0.587319153341554
4,4,2,174,0,0.0,6,2.11,183.8,999.0,1,0.6010660008965925
5,6,45,570,2,4.94,4,4.99,140.54,115.47,0,0.2686997399975545
1,5,177,74,0,21.06,8,5.58,525.03,3.51,0,0.3014115316528331
2,7,174,6,1,0.0,8,3.88,324.84,999.0,0,0.34663076469045023
0,7,81,482,2,1.8,6,1.23,38.92,268.45,0,0.4016750869014837
3,7,272,107,0,0.0,4,2.44,111.85,999.0,0,0.22769498477325686
2,6,65,459,2,11.18,14,1.75,531.61,41.06,0,0.47028917364316064
1,4,391,394,2,13.44,14,4.52,358.47,29.32,0,0.448125830270914
4,4,311,198,0,0.0,13,2.93,389.58,999.0,0,0.4693885610911099
6,6,259,266,2,0.0,10,1.38,396.5,999.0,0,0.6577077342025696
3,2,17,195,0,0.0,6,5.25,300.52,999.0,1,0.6336247573627357
5,3,155,42,0,0.0,6,1.2,399.43,999.0,0,0.357458659207346
1,0,54,407,2,0.0,5,1.5,98.4,999.0,0,0.3969985331911282
1,3,257,541,2,20.91,6,0.43,225.09,25.87,0,0.4177161682825671
3,7,279,96,0,0.0,8,4.85,518.95,999.0,0,0.39557624417853426
1,0,345,386,2,0.0,13,5.08,156.69,999.0,0,0.5956067133127596
0,4,204,38,0,23.76,5,4.86,200.34,1.6,0,0.2442288844237836
2,2,173,107,0,0.0,13,5.77,77.59,999.0,0,0.4850489390877032
3,5,23,425,2,0.0,9,0.2,207.39,999.0,1,0.8876483063902667
7,0,203,139,0,0.0,1,3.39,374.84,999.0,0,0.17910806997461737
2,6,272,405,2,10.46,1,5.88,144.37,38.72,0,0.20828138580287361
6,2,59,297,2,0.0,15,5.91,51.27,999.0,0,0.632308434820469
7,1,144,202,0,0.0,0,3.62,573.35,999.0,0,0.09313993416435493
0,5,379,400,2,0.0,15,0.04,122.82,999.0,0,0.6664913347400112
4,7,147,525,2,20.63,5,0.38,117.58,25.44,0,0.32226281649250665
1,5,90,156,0,0.0,5,0.81,283.04,999.0,0,0.3390360245330872
5,4,20,114,0,0.0,9,2.94,532.33,999.0,1,0.6729969278884451
1,6,160,369,2,15.0,1,0.34,492.11,24.59,0,0.26795532346880113
2,4,386,438,2,5.42,7,2.87,223.22,80.85,0,0.4513683798061536
5,0,144,344,2,13.6,11,0.23,527.21,25.29,0,0.5206899869922892
7,0,316,595,2,0.0,3,2.66,103.99,999.0,0,0.4016179155815962
1,3,393,371,2,0.0,9,1.16,157.16,999.0,0,0.6147421872234605
5,6,298,430,2,0.0,1,0.5,255.31,999.0,0,0.2928611490683774
3,3,168,190,0,0.18,5,5.92,489.48,1065.24,0,0.1959860283624159
3,1,199,282,2,3.26,12,5.03,151.5,86.47,0,0.44403656606001274
1,4,27,562,2,0.0,3,0.05,295.71,999.0,1,0.7270593473803385
1,4,163,476,2,23.03,1,2.01,83.88,20.67,0,0.22190532008126942
5,0,284,75,0,0.0,0,5.05,459.11,999.0,0,0.10992575443959479
7,3,327,366,2,3.93,7,2.19,234.07,93.07,0,0.3906211111543549
6,3,186,186,0,0.0,0,0.9,127.72,999.0,0,0.20539723834120255
6,7,51,55,0,9.92,13,0.13,191.01,5.54,0,0.34490464445632585
3,5,229,450,2,0.0,9,3.48,232.98,999.0,0,0.5282540113017342
5,3,78,131,0,17.83,11,0.98,591.32,7.35,0,0.32873749739473446
7,1,206,567,2,0.0,15,5.82,204.0,999.0,0,0.6648520703136853
1,1,133,166,0,0.0,5,1.76,487.46,999.0,0,0.2874104723280675
5,4,214,450,2,0.0,14,0.45,449.82,999.0,0,0.6796390032726919
4,1,294,0,1,17.06,10,1.86,567.48,0.0,0,0.36855848764196464
5,7,380,5,1,0.0,3,3.9,481.13,999.0,0,0.27797674437724396
6,1,237,29,0,0.0,1,0.68,409.82,999.0,0,0.169026928668761
3,1,341,534,2,0.0,14,0.97,563.76,999.0,0,0.6668172781992026
7,6,184,432,2,0.0,2,3.42,406.11,999.0,0,0.39625033043321356
5,4,67,408,2,18.07,4,5.11,63.57,22.58,0,0.28853749281472235
4,3,139,176,0,0.0,3,1.52,599.17,999.0,0,0.22405243660001467
4,6,224,147,0,0.0,4,1.37,508.92,999.0,0,0.2753064944971461
4,2,381,75,0,19.91,8,2.4,150.1,3.77,0,0.3228032711290787
5,1,322,346,2,0.0,8,5.52,265.09,999.0,0,0.524232256603416
1,7,147,434,2,0.0,7,0.59,271.23,999.0,0,0.5742915060912486
5,0,221,34,0,19.48,3,0.58,531.36,1.75,0,0.14002577721924106
1,3,329,297,2,0.0,3,4.54,26.89,999.0,0,0.3855639618128436
0,7,275,438,2,14.42,14,4.49,51.04,30.38,0,0.4968913761979892
3,0,141,109,0,17.39,8,3.83,303.3,6.27,0,0.32653764596430296
3,3,137,228,0,9.28,7,2.59,369.73,24.57,0,0.1981313967947178
6,5,80,371,2,0.0,15,4.78,205.47,999.0,0,0.5804935702533923
0,3,243,18,1,0.0,10,3.73,343.07,999.0,0,0.4735837558934288
4,0,378,367,2,0.0,10,4.35,401.18,999.0,0,0.5925170147709632
5,7,293,156,0,12.55,14,4.38,246.53,12.43,0,0.35063917671110684
6,3,380,176,0,7.2,3,0.54,220.87,24.44,0,0.11663652948282324
6,2,379,499,2,0.0,1,2.36,483.45,999.0,0,0.27268358966303324
1,2,342,120,0,11.51,4,5.27,106.14,10.43,0,0.1971198073751512
2,3,124,83,0,4.63,15,2.99,220.81,17.91,0,0.3889476809115391
3,5,388,439,2,0.0,14,4.2,575.62,999.0,0,0.5813446790801844
3,4,90,508,2,16.32,6,0.86,203.02,31.13,0,0.3664739769364204
7,4,93,103,0,16.91,4,0.07,166.53,6.09,0,0.13931463309009434
3,7,134,114,0,9.24,2,3.71,377.54,12.34,0,0.051216879137497666
0,5,291,139,0,16.58,7,5.71,544.21,8.39,0,0.29080821350840935
0,5,184,560,2,0.0,12,1.77,474.55,999.0,0,0.6086276148654719
7,5,233,152,0,0.0,13,5.77,475.23,999.0,0,0.4185731099197206
2,1,123,328,2,0.0,7,3.93,49.42,999.0,0,0.4575257266242123
5,3,191,45,0,4.45,12,5.85,181.77,10.11,0,0.3530325134089161
4,1,88,216,0,0.0,5,1.37,118.67,999.0,0,0.2540056051829898
7,3,269,329,2,22.16,1,5.65,459.0,14.85,0,0.22834468696312998
4,3,300,107,0,0.0,11,3.37,274.97,999.0,0,0.4523015340016202
7,2,64,230,0,0.0,13,4.89,449.55,999.0,0,0.4322964481775988
6,0,265,6,1,0.0,14,0.41,81.89,999.0,0,0.4416007107464315
7,4,139,557,2,0.0,0,1.18,390.01,999.0,0,0.34815280704202334
7,3,279,126,0,0.0,14,0.37,165.12,999.0,0,0.4473018986464159
2,4,188,320,2,7.71,15,5.29,28.85,41.48,0,0.4685047634665119
3,5,165,519,2,0.0,8,3.31,78.65,999.0,0,0.5009182630590093
0,2,290,237,0,12.94,1,4.84,99.04,18.32,0,0.11128367602969018
4,7,247,566,2,19.09,15,4.42,147.13,29.64,0,0.4384181103039717
5,6,395,301,2,0.0,6,4.46,278.82,999.0,0,0.4239364318680694
6,6,349,505,2,1.52,6,4.59,155.1,331.94,0,0.33398430529809364
1,6,357,95,0,24.97,10,4.46,34.83,3.8,0,0.31938834860033494
3,1,98,261,2,0.0,15,2.96,64.76,999.0,0,0.6059814813808393
3,7,293,216,0,0.0,4,5.27,539.77,999.0,0,0.25241548644152173
5,2,24,488,2,0.0,12,1.1,176.77,999.0,1,0.9468529084558243
4,2,153,441,2,13.97,7,0.88,529.87,31.56,0,0.44913439261993476
0,6,169,137,0,0.0,10,4.3,146.93,999.0,0,0.48684819005298063
7,1,67,24,1,0.0,1,3.73,296.48,999.0,0,0.199524481113046
0,3,161,328,2,0.0,13,3.24,484.42,999.0,0,0.662090863657706
4,4,165,445,2,8.17,2,4.95,279.41,54.49,0,0.20933085286264413
2,0,162,266,2,1.39,2,5.84,554.31,191.6,0,0.30478889074072935
5,6,248,287,2,0.0,1,0.7,248.26,999.0,0,0.3337193561853784
5,3,19,24,1,1.79,2,1.82,39.3,13.42,1,0.4025272183678864
0,6,323,490,2,0.0,8,4.7,177.63,999.0,0,0.5380071989530479
4,4,3,50,0,0.34,1,0.13,433.66,147.59,1,0.3471847430439091
5,4,320,473,2,0.0,9,4.39,330.58,999.0,0,0.5708863796749772
2,5,209,19,1,0.0,9,2.38,98.04,999.0,0,0.4112179758745896
0,1,99,543,2,0.99,10,4.43,71.72,549.56,0,0.5108571312833774
2,1,197,361,2,4.42,1,3.34,88.15,81.64,0,0.20993729781797626
0,4,124,111,0,0.0,14,5.21,559.21,999.0,0,0.39847658226717936
7,4,37,443,2,17.09,15,5.14,582.97,25.92,0,0.5093564773088209
3,1,321,40,0,0.0,5,4.2,90.55,999.0,0,0.2850279912966495
7,0,84,370,2,7.68,3,2.48,167.31,48.16,0,0.2411029002172324
6,6,145,374,2,0.0,8,4.1,68.72,999.0,0,0.565713223763325
3,2,261,68,0,0.0,14,3.8,177.68,999.0,0,0.4795056203152378
4,7,365,160,0,19.53,10,5.87,73.54,8.19,0,0.39310350948526385
4,4,11,5,1,14.36,12,2.04,461.23,0.35,1,0.6353297489181775
6,3,297,158,0,16.11,15,3.36,393.53,9.81,0,0.3471909008192515
3,7,204,488,2,10.45,15,5.55,282.6,46.69,0,0.43543439446833343
3,4,76,359,2,0.0,14,0.74,93.54,999.0,0,0.6251588237804838
7,4,227,445,2,20.17,13,4.17,252.16,22.06,0,0.43688461335784695
1,1,308,194,0,0.0,12,5.03,93.18,999.0,0,0.4792238983432838
3,1,230,445,2,21.62,0,3.19,225.92,20.59,0,0.20024297492863408
7,5,295,119,0,0.65,13,4.4,143.28,181.97,0,0.396925409198122
6,7,24,310,2,21.39,15,5.8,551.69,14.49,1,0.8293229345479457
4,0,182,461,2,21.15,1,0.81,231.81,21.8,0,0.263851842234738
0,1,185,377,2,24.07,9,0.21,501.82,15.66,0,0.5039217742790335
5,7,166,135,0,0.0,15,1.55,545.74,999.0,0,0.5020551259037698
4,5,173,344,2,17.74,12,5.65,564.93,19.39,0,0.5107733372539286
3,3,174,278,2,0.0,10,0.16,347.87,999.0,0,0.624643035190678
3,0,352,460,2,4.01,4,3.17,429.93,114.61,0,0.3309569156255517
7,6,293,334,2,16.81,1,5.68,342.09,19.87,0,0.26091731763425685
2,6,207,23,1,5.87,0,4.73,128.69,3.92,0,0.02576206365392701
4,4,277,176,0,16.04,6,4.15,46.79,10.98,0,0.2772606694238895
6,1,222,363,2,5.6,14,4.08,168.51,64.84,0,0.4633832199790828
1,6,148,577,2,0.0,12,1.16,414.61,999.0,0,0.6198330304029639
0,7,89,351,2,15.18,1,0.59,371.73,23.12,0,0.20005593787196055
7,0,246,521,2,0.0,15,4.02,32.26,999.0,0,0.5575974636048167
3,4,378,593,2,0.0,15,1.8,123.15,999.0,0,0.6684671107818448
2,4,320,288,2,0.0,2,4.18,410.19,999.0,0,0.37064501698534924
1,1,331,178,0,14.31,13,5.41,42.87,12.44,0,0.2981805577792991
1,2,284,473,2,0.0,8,2.61,227.19,999.0,0,0.5278654123805955
1,2,15,193,0,0.0,11,3.62,243.17,999.0,1,0.7418665790676857
6,4,79,222,0,14.35,6,3.35,140.53,15.47,0,0.21980054064742932
4,2,272,512,2,0.0,15,4.32,159.97,999.0,0,0.6253369959144827
5,0,377,249,0,0.0,14,2.85,99.25,999.0,0,0.5051467970722805
7,3,39,410,2,0.0,10,2.12,111.61,999.0,0,0.6032217141545319
2,4,336,312,2,0.0,14,0.86,573.42,999.0,0,0.6417836281706842
7,3,376,522,2,21.99,2,4.81,515.92,23.74,0,0.2901027587379813
7,2,260,499,2,12.0,12,5.52,68.41,41.57,0,0.4653476873201239
7,6,361,169,0,14.92,10,1.1,454.62,11.33,0,0.30203983254163475
5,7,113,76,0,0.0,4,0.11,31.71,999.0,0,0.2429192635414391
0,7,53,580,2,1.73,7,4.72,164.13,335.93,0,0.36074749194536676
2,6,187,448,2,0.0,9,3.72,148.77,999.0,0,0.5609125434021803
0,1,299,214,0,0.0,2,0.18,86.01,999.0,0,0.22551183314320924
4,5,203,453,2,0.0,7,2.86,422.76,999.0,0,0.5408679324066816
1,7,141,580,2,4.76,11,2.49,36.11,121.75,0,0.4899602451910906
3,0,95,106,0,17.64,6,2.72,156.91,6.01,0,0.23346776003933623
0,1,3,100,0,16.51,5,2.48,64.51,6.06,1,0.5058678820545905
2,2,372,267,2,0.0,13,0.46,324.05,999.0,0,0.6115938075058087
6,6,28,175,0,22.89,2,5.86,177.09,7.65,1,0.3549669791541863
0,4,242,85,0,0.0,1,5.74,216.6,999.0,0,0.11194866451101157
5,3,36,115,0,14.3,13,0.35,579.19,8.04,0,0.3738819370375672
3,4,388,506,2,24.92,13,0.3,209.85,20.31,0,0.5676076315114489
5,6,77,324,2,0.0,8,1.01,199.58,999.0,0,0.5897897016950897
0,6,303,269,2,16.57,3,4.68,460.85,16.23,0,0.24650115214532645
4,1,379,530,2,3.98,3,4.76,194.06,133.03,0,0.272969014549855
1,6,29,377,2,0.0,2,3.41,409.28,999.0,1,0.6775371100875606
5,7,22,570,2,4.26,12,5.1,209.14,133.8,1,0.7155966010057806
4,4,47,306,2,22.65,4,3.74,556.13,13.51,0,0.3298904040559685
6,7,323,19,1,0.0,11,5.09,57.58,999.0,0,0.4882967297350099
3,7,343,524,2,0.0,13,3.06,529.1,999.0,0,0.6636839154308605
7,0,151,146,0,6.37,3,1.77,526.98,22.92,0,0.17722902185223516
7,6,338,551,2,0.0,1,2.58,65.13,999.0,0,0.2937614739119678
6,5,296,483,2,0.0,14,2.35,447.58,999.0,0,0.63198045257989
5,4,63,470,2,19.59,1,0.18,306.7,24.0,0,0.17663722749405533
7,5,388,113,0,0.0,0,5.39,549.3,999.0,0,0.13643163882233617
2,4,189,371,2,0.0,13,5.53,299.69,999.0,0,0.5554888907970207
6,7,68,94,0,0.0,5,3.32,154.88,999.0,0,0.30034335958731306
1,4,106,10,1,0.0,3,2.17,282.44,999.0,0,0.18720467967866836
5,7,274,227,0,4.91,8,4.71,51.54,46.26,0,0.2888652927379641
1,2,352,46,0,8.63,9,4.13,384.27,5.33,0,0.3507903363624933
0,1,91,169,0,8.56,4,0.36,145.38,19.75,0,0.13492563385852052
0,0,77,366,2,0.0,2,5.1,527.5,999.0,0,0.3142083033779414
0,6,368,246,0,0.0,11,5.56,379.05,999.0,0,0.5161997975851992
1,5,64,400,2,10.95,2,2.61,259.74,36.52,0,0.2919076199882096
6,5,278,406,2,0.0,12,5.14,51.52,999.0,0,0.6436658030984507
3,6,263,499,2,0.0,1,3.71,123.12,999.0,0,0.3667710120164524
5,0,282,20,1,9.68,0,3.68,344.31,2.07,0,0.08177381199278229
3,7,50,548,2,22.87,3,4.53,589.7,23.96,0,0.2827666271368854
6,6,166,552,2,7.32,7,5.11,458.04,75.39,0,0.42880810960849997
3,0,388,5,1,0.0,7,4.21,201.64,999.0,0,0.3720128294657784
6,0,363,546,2,15.23,1,2.3,347.83,35.85,0,0.24389440132669357
3,7,191,5,1,7.12,1,3.81,569.38,0.7,0,0.09170918824176556
3,0,135,481,2,0.37,0,0.96,284.16,1303.86,0,0.16319284201038226
1,3,3,48,0,0.0,3,5.37,336.34,999.0,1,0.5601078406522622
7,5,153,493,2,0.0,9,1.08,198.32,999.0,0,0.5639370709895315
2,5,2,455,2,4.09,7,1.1,234.86,111.11,1,0.6308042415041234
5,1,164,378,2,0.0,6,1.98,166.68,999.0,0,0.43167448391783625
7,7,345,353,2,0.34,3,1.25,521.96,1049.13,0,0.3155408717020995
1,4,45,525,2,0.0,9,0.61,32.8,999.0,0,0.6191433449524377
0,7,133,42,0,24.44,2,1.99,356.68,1.72,0,0.1437039453725743
3,3,396,157,0,0.0,12,3.37,538.11,999.0,0,0.48006988012662083
7,3,262,476,2,0.0,1,3.4,107.5,999.0,0,0.30635590700343324
3,0,193,52,0,0.0,13,4.87,274.58,999.0,0,0.40784543332606804
1,3,245,210,0,15.24,2,0.82,201.5,13.78,0,0.15975894164181403
1,3,221,398,2,0.0,13,1.78,581.39,999.0,0,0.5919933292370937
3,1,337,313,2,22.53,8,2.24,264.01,13.89,0,0.4572755567884512
5,0,387,556,2,0.0,9,2.29,154.97,999.0,0,0.5963704915008725
1,7,317,563,2,14.47,7,1.44,410.8,38.9,0,0.3395642069536994
3,0,144,159,0,0.0,7,4.88,421.07,999.0,0,0.3770184468311264
3,1,339,583,2,0.0,10,0.16,441.24,999.0,0,0.6625728162518697
7,0,133,5,1,0.61,7,4.65,336.84,8.25,0,0.24626198786098702
6,6,264,310,2,11.68,4,2.33,448.17,26.54,0,0.29369305656654676
7,6,219,207,0,0.0,11,1.23,597.43,999.0,0,0.4332238428562126
0,2,104,194,0,0.0,14,0.18,373.05,999.0,0,0.5620902392811062
2,4,238,511,2,1.26,11,0.6,421.59,405.75,0,0.5137146822434656
1,0,289,519,2,16.51,6,2.42,325.89,31.44,0,0.4202235002686937
2,1,217,557,2,23.69,0,0.08,469.52,23.52,0,0.2545415314812759
1,2,250,48,0,0.0,11,1.03,409.75,999.0,0,0.435291926553123
0,6,280,76,0,0.0,5,3.79,78.5,999.0,0,0.30333756292728553
7,7,5,222,0,0.0,6,1.59,440.43,999.0,1,0.6361361825580016
5,4,132,543,2,0.0,8,5.38,329.71,999.0,0,0.5090877035155694
6,5,277,386,2,22.95,4,2.32,126.02,16.82,0,0.26398616546712306
0,6,361,432,2,18.69,9,0.34,554.7,23.11,0,0.4972338683400657
7,4,114,24,1,0.0,6,2.67,120.33,999.0,0,0.3790754691741602
5,3,225,109,0,3.17,0,1.72,539.29,34.41,0,0.010036051678525858
5,7,277,100,0,5.87,6,4.29,184.55,17.03,0,0.18205061832643057
1,7,343,346,2,0.0,8,2.88,369.33,999.0,0,0.601857346703953
4,3,101,113,0,0.0,14,1.36,488.18,999.0,0,0.4322228324257851
7,6,223,138,0,0.8,0,5.53,275.51,172.36,0,0.002909010095878857
6,4,7,117,0,8.3,9,2.44,243.99,14.09,1,0.5520213035940219
7,5,219,351,2,15.78,10,3.98,194.41,22.25,0,0.46156741172143845
6,6,233,178,0,0.0,14,0.97,589.95,999.0,0,0.4615186913624144
4,0,222,24,1,2.47,3,1.37,114.91,9.71,0,0.15207236438169086
3,6,344,550,2,0.0,4,4.82,503.9,999.0,0,0.43796907003279717
6,2,80,366,2,16.17,13,3.9,448.99,22.63,0,0.45240591665774266
6,6,45,61,0,5.67,11,2.98,392.03,10.77,0,0.2962166886564138
4,3,252,81,0,0.0,13,0.87,154.45,999.0,0,0.43891785059152877
6,0,27,79,0,3.72,13,5.17,516.1,21.26,1,0.6464036275398339
0,6,39,291,2,0.0,2,0.04,366.43,999.0,0,0.3840375803991983
5,5,159,347,2,0.0,1,0.33,295.25,999.0,0,0.35114838106374374
4,6,67,502,2,0.0,0,5.47,202.58,999.0,0,0.3285613310761005
2,5,341,563,2,14.27,6,0.34,468.76,39.47,0,0.3522356888291503
1,6,204,382,2,20.52,3,0.28,279.51,18.61,0,0.3102600256501853
6,1,61,506,2,2.33,0,3.84,227.41,217.15,0,0.22405675592045216
6,4,91,151,0,24.47,8,1.47,502.59,6.17,0,0.30356316570038105
6,5,72,441,2,16.84,1,5.08,584.43,26.18,0,0.17613375213660667
7,4,41,83,0,0.0,5,3.05,426.65,999.0,0,0.3352659923008295
3,7,176,367,2,14.99,10,3.38,448.49,24.49,0,0.4371201270166004
1,5,166,167,0,0.0,7,0.3,520.09,999.0,0,0.38998782448051983
4,3,11,252,2,0.0,15,2.75,181.97,999.0,1,0.9072041202555936
4,3,117,148,0,14.83,11,4.07,324.67,9.98,0,0.40384398780965775
7,4,363,55,0,7.37,14,0.78,389.05,7.46,0,0.39066725480826636
4,7,77,522,2,5.28,3,3.38,25.9,98.92,0,0.26008187177284275
1,0,17,586,2,11.06,9,5.91,375.89,53.0,1,0.6978052155187192
3,1,195,265,2,0.0,4,2.54,313.43,999.0,0,0.47324878645340573
7,0,393,184,0,0.0,0,2.05,230.96,999.0,0,0.15765044203964734
1,5,393,541,2,0.0,8,4.07,223.43,999.0,0,0.531468619779001
1,2,395,228,0,7.17,8,0.34,524.12,31.8,0,0.3356034898698773
0,6,334,221,0,0.0,10,3.66,189.63,999.0,0,0.4487213733192893
7,4,167,21,1,0.0,3,0.94,114.85,999.0,0,0.24500976811766034
1,2,202,315,2,0.0,2,1.92,172.29,999.0,0,0.3534943231117821
3,7,326,466,2,0.0,11,5.13,277.49,999.0,0,0.6246059239247681
0,6,67,394,2,0.0,14,2.43,560.37,999.0,0,0.635655333390926
3,2,219,342,2,0.0,15,3.64,50.49,999.0,0,0.6386453105429607
0,7,263,247,0,11.02,15,3.98,114.59,22.41,0,0.40646279631713117
3,6,100,398,2,0.0,9,2.17,175.27,999.0,0,0.6219638847221699
3,5,232,582,2,0.0,12,4.85,450.57,999.0,0,0.5521425718968589
6,5,54,323,2,15.08,5,2.89,184.75,21.42,0,0.3722715298541994
7,1,185,339,2,0.0,6,0.42,395.61,999.0,0,0.5139333556193796
3,1,341,218,0,16.03,10,5.38,530.32,13.6,0,0.3639512927816923
6,1,238,388,2,0.0,4,0.68,31.83,999.0,0,0.37343384091315246
0,2,256,541,2,10.6,14,0.34,22.9,51.02,0,0.470938679366946
2,5,117,525,2,0.0,13,1.16,376.16,999.0,0,0.550335571465706
3,7,197,213,0,4.27,5,4.25,556.8,49.94,0,0.1897527300897102
6,2,92,404,2,22.77,10,1.17,64.49,17.74,0,0.5358125639092147
2,4,389,211,0,0.0,0,2.67,278.72,999.0,0,0.11313782638272901
1,4,334,306,2,6.28,3,3.56,347.4,48.75,0,0.28517114550188116
5,6,91,269,2,16.73,0,5.8,569.76,16.08,0,0.19598906471909172
2,7,229,76,0,21.09,7,3.99,260.14,3.6,0,0.2337695896078997
7,0,165,112,0,0.0,11,0.53,546.57,999.0,0,0.5035553271215182
3,1,335,544,2,0.0,0,2.86,355.85,999.0,0,0.26286665494247347
5,6,220,79,0,15.48,14,4.12,481.8,5.1,0,0.4062355644335549
5,0,367,276,2,0.0,2,0.01,127.51,999.0,0,0.4122434714414678
5,7,194,311,2,11.54,12,2.18,285.63,26.96,0,0.45310964529971853
2,7,246,308,2,0.0,10,0.02,321.4,999.0,0,0.6630653835724927
2,3,125,55,0,15.3,13,4.56,127.78,3.6,0,0.3272742453542116
7,0,215,100,0,20.94,7,5.1,540.47,4.78,0,0.2203673536506538
0,5,105,303,2,0.0,15,4.26,60.78,999.0,0,0.6569156210113807
6,2,297,207,0,1.56,3,2.11,52.58,132.67,0,0.09938637845988585
0,6,204,124,0,0.0,7,2.6,524.64,999.0,0,0.3009215381130522
0,4,61,122,0,11.5,14,3.65,411.35,10.61,0,0.3024690922448834
4,6,227,33,0,14.19,1,3.3,177.26,2.33,0,0.05242293115919583
1,2,77,523,2,5.47,9,4.27,282.34,95.53,0,0.46558222628160595
2,4,399,221,0,11.38,12,3.23,269.87,19.42,0,0.3112360147657915
4,2,357,239,0,0.0,14,0.39,208.18,999.0,0,0.4930226156255096
5,5,9,118,0,0.0,6,2.31,517.58,999.0,1,0.629218789450408
1,1,168,391,2,0.0,8,0.11,112.44,999.0,0,0.5859019868175158
4,6,158,121,0,16.02,2,2.52,209.11,7.55,0,0.1021478538619473
2,3,339,108,0,9.34,7,2.82,332.44,11.56,0,0.289556807717125
1,1,187,108,0,0.0,7,2.29,356.52,999.0,0,0.29681197699278583
4,7,305,49,0,7.6,9,3.59,54.79,6.45,0,0.2996540029785222
1,5,51,228,0,0.0,15,3.36,534.25,999.0,0,0.5299589620817065
1,2,223,547,2,0.0,13,5.74,48.99,999.0,0,0.600729532683073
1,4,158,82,0,10.72,12,0.58,296.61,7.65,0,0.3629474387876836
2,4,84,2,1,10.23,1,3.34,37.28,0.2,0,0.09084552495379318
5,2,144,11,1,6.37,15,4.27,361.86,1.73,0,0.37426768242326236
7,2,146,6,1,0.0,6,0.5,57.41,999.0,0,0.37632214569055267
6,1,230,355,2,14.74,5,4.64,418.03,24.09,0,0.34329274294115536
7,6,136,102,0,15.25,6,1.09,230.48,6.69,0,0.23389004532032204
0,1,6,139,0,21.52,7,1.27,560.71,6.46,1,0.5742072761659858
2,7,385,497,2,17.43,1,3.19,354.81,28.51,0,0.24404007120042437
2,6,260,176,0,5.87,11,1.58,422.59,29.98,0,0.32072815764386214
2,1,124,535,2,0.0,3,1.88,517.46,999.0,0,0.3832745630789398
4,1,345,379,2,0.0,6,3.74,462.43,999.0,0,0.4655003223860301
5,3,81,209,0,0.0,6,3.66,160.48,999.0,0,0.337541460799828
2,5,77,225,0,0.0,8,4.19,75.68,999.0,0,0.37054196086729013
5,7,295,442,2,8.15,5,3.31,304.68,54.25,0,0.37637757202031397
5,0,7,430,2,17.74,10,4.32,45.69,24.24,1,0.8171903484804807
2,4,22,487,2,0.0,12,1.12,446.11,999.0,1,0.8925880701309611
2,3,376,462,2,0.58,5,3.78,229.5,793.2,0,0.3507967823312396
7,3,195,19,1,13.09,11,3.23,499.32,1.45,0,0.3063059518498764
2,3,362,84,0,24.3,11,5.1,56.84,3.46,0,0.33441108274278014
2,7,383,25,0,0.0,9,4.6,501.07,999.0,0,0.46292939289116664
7,7,173,388,2,21.28,6,4.42,72.05,18.23,0,0.4204695426579542
7,0,269,31,0,21.54,7,3.04,332.98,1.44,0,0.2639989198602051
1,2,361,153,0,0.0,12,4.81,211.46,999.0,0,0.4925519318113509
5,3,389,498,2,19.8,8,4.84,212.66,25.15,0,0.3850238871809217
5,6,80,173,0,0.0,8,4.63,502.05,999.0,0,0.42719286591007793
2,6,63,214,0,12.95,2,3.35,531.78,16.53,0,0.07912985471877274
6,3,310,269,2,0.0,12,3.95,326.98,999.0,0,0.6122439438585416
2,2,37,390,2,3.64,0,1.84,127.61,107.07,0,0.17082174334519248
7,1,385,58,0,0.0,0,2.16,367.13,999.0,0,0.148160960930703
6,2,162,35,0,17.16,9,0.44,144.27,2.04,0,0.30057698977003144
0,6,391,31,0,0.0,0,2.76,183.76,999.0,0,0.1593462501535593
3,6,14,250,0,19.5,0,3.05,213.54,12.82,1,0.31700212627262925
4,4,395,278,2,5.24,4,4.68,507.44,53.1,0,0.25885431584554935
7,7,214,217,0,0.0,2,4.29,64.04,999.0,0,0.2646681947448573
0,4,120,524,2,0.0,1,4.63,590.36,999.0,0,0.3303993616419113
7,5,395,384,2,12.82,5,0.7,90.49,29.96,0,0.37297030495117506
0,1,270,483,2,0.0,2,4.28,421.65,999.0,0,0.32140773091149055
1,2,198,365,2,15.48,9,2.33,145.98,23.58,0,0.4137374310666667
3,1,69,73,0,0.0,14,4.72,29.84,999.0,0,0.41132805231504194
3,2,253,322,2,0.0,2,3.2,374.4,999.0,0,0.3140108778692865
6,3,13,267,2,2.91,4,5.19,117.13,91.79,1,0.5655491652692237
1,0,295,352,2,0.0,0,5.84,498.84,999.0,0,0.28516203844723076
2,5,33,230,0,0.0,4,1.17,398.36,999.0,0,0.22701939113318542
7,0,91,30,0,0.0,9,0.03,522.04,999.0,0,0.4874956357429179
6,6,43,241,0,0.0,14,2.97,538.8,999.0,0,0.42880633625655773
4,5,25,585,2,0.0,13,4.41,539.71,999.0,1,0.9127872902320597
5,3,124,211,0,0.0,12,4.26,264.3,999.0,0,0.4490550321109299
1,0,160,590,2,0.0,15,1.47,529.52,999.0,0,0.5935823297490559
1,5,52,211,0,0.0,0,3.55,277.02,999.0,0,0.09661322313393604
2,4,1,489,2,0.0,10,3.4,414.56,999.0,1,0.8797847822345203
3,3,289,51,0,5.56,7,3.97,320.14,9.18,0,0.3083221420305105
7,4,103,226,0,15.13,0,4.22,36.05,14.94,0,0.03631447639922297
1,6,73,386,2,0.0,2,4.28,269.7,999.0,0,0.3229401846960654
1,4,201,371,2,0.0,7,3.47,465.75,999.0,0,0.5624826552737285
5,5,262,297,2,9.71,5,0.35,311.16,30.58,0,0.38745619933328973
0,2,110,173,0,0.05,11,0.63,322.94,3158.91,0,0.43651962852827186
0,6,381,16,1,0.0,15,4.59,38.76,999.0,0,0.5062842860909215
1,2,200,472,2,11.83,0,1.68,74.6,39.9,0,0.15697429327443513
2,2,345,527,2,15.68,6,4.4,410.84,33.6,0,0.34349320074168677
7,2,6,145,0,22.21,15,0.48,37.33,6.53,1,0.6180043523942716
5,3,146,499,2,9.41,2,1.52,475.41,53.0,0,0.2607098727498861
7,1,352,596,2,23.39,10,1.31,520.9,25.48,0,0.4735993545476807
5,5,8,573,2,0.0,4,3.77,540.69,999.0,1,0.7556075378893576
5,4,241,200,0,24.35,8,0.81,280.47,8.21,0,0.2502242881392856
4,3,212,95,0,0.0,5,1.57,52.88,999.0,0,0.2925820053664694
4,6,341,304,2,0.0,6,2.51,275.02,999.0,0,0.43548148836968925
0,6,7,171,0,0.0,10,1.94,551.14,999.0,1,0.7692890369818381
1,3,131,95,0,0.0,5,3.28,546.34,999.0,0,0.2715713655643183
1,7,190,272,2,0.0,12,1.48,587.13,999.0,0,0.6236871114696612
5,4,284,168,0,13.84,6,3.68,142.55,12.14,0,0.26373886621980114
6,1,14,556,2,4.09,11,2.6,83.27,135.91,1,0.8074623731323244
6,4,198,284,2,18.02,12,1.56,341.9,15.76,0,0.4726723167739044
2,5,25,568,2,6.54,1,4.47,65.1,86.89,1,0.5260317422140273
4,3,294,594,2,14.12,14,5.3,530.77,42.07,0,0.49947417725695126
2,6,62,8,1,3.61,10,4.59,82.1,2.22,0,0.3186100699264222
2,5,350,341,2,0.0,5,5.63,410.1,999.0,0,0.4770002456380467
6,5,289,120,0,0.0,1,4.67,127.69,999.0,0,0.204749968354545
0,5,100,15,1,24.27,7,5.34,445.69,0.62,0,0.25895210906116384
0,3,288,539,2,0.0,13,3.82,289.07,999.0,0,0.5982217546634114
2,1,298,125,0,18.36,0,5.07,531.07,6.81,0,0.039436741284905444
0,5,249,300,2,24.29,11,5.62,180.86,12.35,0,0.5319594428865553
1,4,127,522,2,11.36,15,1.24,393.24,45.93,0,0.4594819815007862
5,5,212,507,2,10.62,14,3.75,346.65,47.76,0,0.4516067705185967
6,3,85,487,2,5.46,7,2.93,44.88,89.18,0,0.4151667408302928
1,0,168,418,2,10.14,3,5.54,174.02,41.23,0,0.2882273527683975
4,3,11,459,2,0.0,4,5.7,472.5,999.0,1,0.6912749397021386
1,6,18,362,2,0.0,3,2.82,24.31,999.0,1,0.6876849797380205
2,3,220,246,0,0.0,14,1.5,46.25,999.0,0,0.4361425757139816
1,4,99,294,2,1.88,15,4.29,486.78,156.65,0,0.5399533846034448
2,6,64,66,0,2.72,14,2.29,540.15,24.3,0,0.2930206791566916
3,4,237,551,2,0.0,11,1.87,182.73,999.0,0,0.6657005166920629
5,6,157,462,2,0.0,2,3.91,471.5,999.0,0,0.35542269241850855
5,2,208,412,2,0.0,0,3.27,395.33,999.0,0,0.3365612857977317
4,3,281,199,0,1.13,11,2.84,446.76,175.53,0,0.41680903205637554
6,5,222,10,1,0.0,8,5.38,314.79,999.0,0,0.40049851546086124
2,4,146,411,2,0.0,5,2.59,291.03,999.0,0,0.4214763385288253
6,0,280,468,2,5.44,6,0.47,347.11,86.06,0,0.40597950104165675
1,3,232,136,0,0.0,0,1.83,23.92,999.0,0,0.09750506460960379
3,4,291,114,0,16.36,9,2.94,167.94,6.97,0,0.28019058727504736
7,3,288,416,2,0.0,6,5.27,556.99,999.0,0,0.47900764326659623
2,2,326,499,2,0.0,2,2.18,540.88,999.0,0,0.37309946910706715
2,5,353,515,2,0.0,5,0.53,250.56,999.0,0,0.41640572161188183
0,3,126,515,2,7.77,14,2.42,109.63,66.26,0,0.48917403278628385
0,7,82,423,2,22.83,2,0.02,423.0,18.53,0,0.2428695856130006
1,6,247,549,2,0.0,14,3.66,148.41,999.0,0,0.6277743228137911
5,3,388,59,0,0.0,5,4.72,394.82,999.0,0,0.2920271054772191
4,6,293,356,2,6.25,7,4.97,264.61,56.98,0,0.3959899261556159
2,3,398,178,0,0.0,9,4.89,260.31,999.0,0,0.48117753614108394
1,5,222,163,0,0.0,12,2.99,37.03,999.0,0,0.49150068811416947
4,6,252,38,0,24.87,2,5.09,345.59,1.53,0,0.15343943172771518
4,4,225,107,0,0.0,1,5.92,136.9,999.0,0,0.15237941795125043
4,7,158,515,2,0.0,6,4.9,335.83,999.0,0,0.5390192678774824
6,1,246,226,0,0.0,14,2.76,256.19,999.0,0,0.4944196743512286
3,5,328,67,0,17.65,1,2.56,468.11,3.8,0,0.037013299948978125
6,4,330,224,0,23.95,12,5.59,161.34,9.35,0,0.31959080798234996
5,6,400,87,0,22.65,11,1.33,299.47,3.84,0,0.34779918555719447
7,5,289,141,0,17.2,10,3.03,260.12,8.2,0,0.35428676811423215
3,7,150,319,2,0.0,6,4.55,534.28,999.0,0,0.4672795693613871
4,2,138,273,2,0.0,11,5.0,246.16,999.0,0,0.6268518061002241
2,1,246,529,2,4.33,2,5.48,460.23,122.27,0,0.2607941290170262
3,7,370,420,2,0.0,9,0.02,503.74,999.0,0,0.6183384264235949
0,4,110,502,2,0.0,13,3.67,496.75,999.0,0,0.6625377395834986
6,5,164,123,0,0.38,3,3.69,364.28,324.12,0,0.17615300003944015
0,7,372,514,2,0.0,2,1.41,381.04,999.0,0,0.2978734345136297
7,5,302,297,2,0.0,2,5.32,254.05,999.0,0,0.3477971291224134
5,5,244,308,2,0.0,4,3.33,584.08,999.0,0,0.4402583212613352
7,0,175,403,2,1.48,10,2.87,323.56,271.75,0,0.525066253927155
4,1,27,585,2,0.0,13,5.57,500.27,999.0,1,0.8789624290573034
1,5,100,81,0,11.01,0,4.83,115.42,7.36,0,0.005024538064258531
5,6,308,474,2,0.0,2,1.76,153.48,999.0,0,0.37685682937152964
6,7,169,469,2,8.31,8,2.36,29.69,56.44,0,0.4327913247858327
4,2,214,21,1,0.0,5,4.88,199.97,999.0,0,0.3145315717954822
6,6,194,51,0,0.0,14,4.55,320.17,999.0,0,0.39434367861310926
1,4,328,20,1,0.0,9,3.16,170.86,999.0,0,0.3706357678813758
6,1,289,246,0,0.0,5,0.95,450.6,999.0,0,0.3249195583746242
0,4,151,220,0,0.0,5,0.51,134.43,999.0,0,0.38889203453156557
5,5,226,31,0,22.99,5,2.06,244.67,1.35,0,0.2322334282272454
7,2,128,58,0,0.0,13,2.09,520.84,999.0,0,0.5070247660858191
7,1,332,379,2,0.0,9,0.59,251.38,999.0,0,0.5888813443878195
6,7,311,369,2,0.0,4,4.32,96.91,999.0,0,0.46243318182362064
6,7,112,479,2,1.99,15,1.88,472.09,240.81,0,0.5199145227508
1,2,16,313,2,0.0,5,3.23,382.26,999.0,1,0.7525299605230962
4,3,287,541,2,3.46,12,3.43,574.46,156.53,0,0.45826563508071694
6,6,250,276,2,19.16,12,3.62,24.73,14.4,0,0.521921219359871
6,3,290,80,0,24.67,3,3.24,158.82,3.24,0,0.13609026650026804
4,0,352,288,2,19.75,14,1.67,285.66,14.58,0,0.48432776195201926
5,4,140,351,2,18.16,13,0.38,368.91,19.33,0,0.4850068828507442
2,7,142,56,0,0.0,7,3.67,560.32,999.0,0,0.3398195747117819
0,3,230,559,2,0.0,7,1.88,323.45,999.0,0,0.52579960752366
1,0,287,381,2,13.37,14,0.0,437.36,28.49,0,0.5128855594230682
1,3,295,220,0,0.0,10,2.36,570.18,999.0,0,0.5105028551327804
7,4,396,403,2,0.0,15,4.67,58.89,999.0,0,0.5983906279635096
6,6,375,450,2,18.37,2,2.42,154.81,24.5,0,0.20117554160857543
6,3,274,122,0,0.0,4,4.47,257.84,999.0,0,0.23436554868653978
6,4,14,258,2,10.06,8,3.4,282.45,25.65,1,0.7393278509790915
3,6,153,275,2,0.0,8,5.79,396.91,999.0,0,0.5204717020718921
2,1,335,476,2,0.0,1,5.09,426.37,999.0,0,0.3656844225505328
3,4,260,167,0,0.0,5,4.94,226.1,999.0,0,0.3530190620291125
5,0,148,363,2,9.98,13,3.59,42.24,36.36,0,0.4395557349334146
2,3,97,91,0,19.64,4,4.84,28.46,4.63,0,0.13068606414706274
1,5,327,467,2,8.18,4,2.77,320.02,57.12,0,0.3551271930744702
1,2,246,459,2,0.0,7,1.36,500.8,999.0,0,0.506306738738996
4,2,11,95,0,13.79,10,2.69,578.63,6.89,1,0.5800769004948458
2,5,28,424,2,0.0,6,0.47,198.01,999.0,1,0.7996827069354063
7,3,343,184,0,15.96,4,1.27,388.03,11.53,0,0.14936319342504883
5,4,220,65,0,0.0,7,4.57,334.15,999.0,0,0.38249128512634856
6,7,346,177,0,10.89,1,0.46,369.16,16.25,0,0.1223814017846839
2,1,154,215,0,0.0,10,5.26,391.56,999.0,0,0.5090661732973168
5,6,65,545,2,16.71,0,2.98,594.05,32.62,0,0.12015891120048328
3,4,365,465,2,0.0,7,4.43,169.24,999.0,0,0.45920409297633047
4,1,258,324,2,0.0,8,0.31,220.55,999.0,0,0.6256226884116324
4,6,365,359,2,0.0,12,3.7,403.89,999.0,0,0.6273618105924937
1,1,320,357,2,19.28,6,3.84,110.21,18.51,0,0.33060814165235186
0,3,61,323,2,13.38,9,1.37,463.02,24.14,0,0.49190864215814534
4,2,281,16,1,17.2,0,0.37,594.1,0.93,0,0.08887169606277384
3,1,295,363,2,0.0,15,3.36,160.9,999.0,0,0.6556618993150939
5,3,298,27,0,0.0,8,3.8,462.87,999.0,0,0.3511002585401475
2,2,199,145,0,0.63,11,4.61,233.26,231.0,0,0.3315430312806515
6,2,259,308,2,15.17,12,4.78,445.28,20.3,0,0.4831086464640784
3,3,305,248,0,15.06,6,0.43,355.44,16.47,0,0.22693878694219471
5,7,281,450,2,0.0,0,4.07,348.2,999.0,0,0.287875628036359
3,7,266,203,0,0.0,13,4.88,386.07,999.0,0,0.4806215886985127
4,6,388,18,1,20.81,10,5.21,111.27,0.86,0,0.3283258134236169
6,7,2,214,0,22.81,3,5.64,488.2,9.38,1,0.40690892861537825
5,7,169,54,0,0.0,4,0.21,218.01,999.0,0,0.347487810157302
2,0,130,409,2,0.0,14,5.89,140.73,999.0,0,0.5525043621356375
6,4,273,257,2,12.0,6,3.68,44.03,21.42,0,0.3377446574829107
4,4,7,489,2,0.0,15,0.48,334.02,999.0,1,0.9255275478343504
0,1,35,185,0,0.0,12,2.93,124.29,999.0,0,0.49173560259079696
1,6,317,258,2,23.2,2,5.87,470.44,11.12,0,0.2210767775909086
6,4,248,67,0,24.78,7,2.08,276.92,2.7,0,0.24443600293994164
2,0,279,253,2,0.0,0,3.91,63.64,999.0,0,0.276350751590777
3,2,47,338,2,0.0,1,5.03,305.53,999.0,0,0.2703358700341033
6,6,365,274,2,0.0,12,0.15,192.12,999.0,0,0.6509381135567693
3,1,204,502,2,0.0,9,2.29,448.9,999.0,0,0.6362590552694553
7,1,20,389,2,1.21,1,2.58,576.45,322.53,1,0.47042769040892474
7,2,38,261,2,0.0,1,0.36,113.35,999.0,0,0.36057803503319147
4,7,318,545,2,0.0,3,2.74,446.21,999.0,0,0.4180875037229414
4,7,327,438,2,18.5,14,4.54,280.92,23.67,0,0.43255459298467613
3,3,205,472,2,21.77,8,4.61,560.37,21.68,0,0.4832597954420305
0,3,381,494,2,13.23,10,0.97,467.13,37.34,0,0.4956292202204773
4,5,110,198,0,0.0,0,1.58,494.34,999.0,0,0.11089167060796068
7,0,2,24,1,3.85,11,2.03,279.07,6.24,1,0.5942784689180008
6,4,365,91,0,0.0,4,2.05,80.38,999.0,0,0.3004528239535667
2,3,27,197,0,21.07,5,0.54,484.87,9.35,1,0.44949788245479416
6,3,351,254,2,0.0,8,3.32,584.55,999.0,0,0.5836428585981719
0,6,356,80,0,2.68,0,1.82,427.21,29.82,0,0.0
6,5,349,475,2,0.0,2,0.6,278.23,999.0,0,0.39430247193955686
1,0,290,543,2,22.5,13,5.4,585.02,24.13,0,0.539543115229117
2,1,171,155,0,23.3,6,4.97,281.93,6.65,0,0.17072298182174114
7,0,203,546,2,10.26,8,2.52,448.14,53.22,0,0.40285638883785896
4,7,121,358,2,21.87,13,3.3,214.7,16.37,0,0.5062955887317182
4,2,176,176,0,7.94,12,3.23,504.07,22.17,0,0.3668095064414171
7,7,386,226,0,17.01,2,2.33,542.3,13.28,0,0.03808079256822492
2,3,337,491,2,0.0,3,1.59,440.21,999.0,0,0.4318214199081373
5,0,348,450,2,0.0,11,3.86,465.23,999.0,0,0.6245182007043847
6,3,73,228,0,1.45,15,5.47,107.55,157.36,0,0.3961278545180061
6,1,360,93,0,9.03,7,1.38,471.11,10.29,0,0.2868274920206171
1,6,65,593,2,0.0,13,1.11,446.36,999.0,0,0.6110626394335235
5,6,204,54,0,0.0,0,5.82,353.9,999.0,0,0.07695821018638534
1,3,135,204,0,0.0,13,1.5,272.37,999.0,0,0.4173484084240051
7,7,316,254,2,0.0,9,5.41,171.14,999.0,0,0.6024598395446579
7,6,74,96,0,20.02,9,1.45,378.0,4.8,0,0.29232594582418464
4,2,309,205,0,0.0,9,3.13,34.02,999.0,0,0.46430796696234083
2,5,54,430,2,0.0,9,2.09,325.2,999.0,0,0.5365238024988417
2,7,245,210,0,0.0,10,3.13,95.77,999.0,0,0.5022257273951116
7,6,207,228,0,6.65,3,3.74,585.34,34.29,0,0.15507424293664965
4,7,218,349,2,0.0,9,2.41,374.3,999.0,0,0.5799252751454207
5,1,212,182,0,1.66,2,2.77,163.57,109.42,0,0.13652088426683878
2,4,168,266,2,0.0,10,0.04,33.35,999.0,0,0.6849639674723573
7,4,350,340,2,0.0,15,2.5,201.19,999.0,0,0.6051554195740733
4,1,116,558,2,0.0,5,2.74,46.95,999.0,0,0.45429298619004344
3,3,180,293,2,0.0,8,2.17,186.42,999.0,0,0.600416739466912
1,6,8,193,0,0.0,9,0.65,265.87,999.0,1,0.7716745724485286
4,6,55,268,2,0.0,1,3.92,189.88,999.0,0,0.3551050829253877
3,1,323,173,0,0.0,10,3.12,183.4,999.0,0,0.5279895993129867
0,1,69,469,2,0.0,14,5.88,424.44,999.0,0,0.6597433429852337
6,5,100,4,1,0.0,14,1.69,302.72,999.0,0,0.49920644039853834
4,0,270,2,1,0.0,5,1.0,388.42,999.0,0,0.33348780536950184
4,1,310,398,2,8.14,1,0.93,347.73,48.87,0,0.2006572715923594
4,5,65,425,2,16.0,4,3.15,558.7,26.56,0,0.26656033106160437
6,5,215,182,0,0.0,0,3.33,231.73,999.0,0,0.155249982499234
1,0,4,253,2,0.0,6,2.74,109.19,199132.58,1,0.7186490862345336
7,2,371,158,0,0.0,0,2.73,55.62,999.0,0,0.19304448146437997
1,6,293,174,0,0.0,14,2.27,395.57,999.0,0,0.4300801915939287
5,4,36,356,2,0.0,1,2.67,506.27,999.0,0,0.3434757787240462
2,7,376,137,0,0.0,9,5.09,560.66,999.0,0,0.43746449538344695
6,3,171,550,2,0.0,9,3.5,428.02,999.0,0,0.5648531357052027
7,4,316,331,2,0.0,1,3.66,467.32,999.0,0,0.3515769076612899
3,5,186,537,2,12.6,4,5.35,396.69,42.61,0,0.2695053499341032
3,1,223,83,0,0.0,11,1.93,547.96,999.0,0,0.4485899693063007
3,0,358,153,0,0.0,8,4.32,368.84,999.0,0,0.4369596676144889
4,1,220,479,2,0.0,1,1.12,365.56,999.0,0,0.3719728034508437
1,4,169,269,2,0.0,2,3.37,377.27,999.0,0,0.30851876652825416
2,4,173,528,2,7.52,8,3.52,44.9,70.2,0,0.37129337666301465
2,6,95,565,2,22.78,11,4.41,507.37,24.8,0,0.5476061033176823
7,2,11,57,0,0.0,11,2.74,31.98,999.0,1,0.7383814122409604
7,4,108,329,2,0.0,4,1.98,596.79,999.0,0,0.466556894985586
5,6,257,25,0,17.56,13,4.91,442.77,1.42,0,0.2901723364924862
5,1,66,216,0,0.0,8,4.22,190.17,999.0,0,0.42346259419431526
4,7,348,38,0,0.12,3,3.43,43.08,325.57,0,0.17355295841474225
7,2,158,275,2,0.0,11,4.85,294.36,999.0,0,0.6081509180941043
2,4,273,490,2,12.11,12,1.46,540.79,40.46,0,0.4365232458209324
3,5,226,135,0,0.0,3,5.15,411.11,999.0,0,0.17043442706714582
6,3,137,471,2,0.0,0,4.92,535.84,999.0,0,0.246153760295117
2,2,100,15,1,7.9,11,2.74,144.58,1.9,0,0.3832587255473115
6,2,257,491,2,9.45,11,4.37,221.29,51.94,0,0.469823571302524
6,5,197,553,2,9.0,12,1.6,581.29,61.43,0,0.4872343997882097
2,6,159,522,2,0.0,1,0.31,121.94,999.0,0,0.33197682853373184
6,4,175,255,2,5.97,11,0.82,173.99,42.74,0,0.5125056875996407
4,4,234,6,1,0.0,9,2.23,210.79,999.0,0,0.4474227201214167
3,3,247,41,0,10.68,3,5.12,323.09,3.84,0,0.13686457049301404
1,3,274,451,2,21.39,11,1.95,182.06,21.09,0,0.4513797240628598
1,3,127,155,0,7.22,14,4.31,66.97,21.47,0,0.290697042519528
1,6,227,471,2,0.0,12,0.31,173.13,999.0,0,0.6524619543365672
0,5,310,158,0,10.96,7,4.11,352.6,14.41,0,0.22655649072259262
4,3,326,313,2,19.39,6,4.29,262.39,16.14,0,0.3489154804633736
1,7,236,392,2,7.68,1,3.24,129.65,51.05,0,0.23672982670513837
6,5,84,68,0,22.63,1,3.84,36.06,3.0,0,0.0405543121639332
1,2,215,20,1,9.26,9,0.37,545.88,2.16,0,0.40248994981042946
4,5,319,376,2,13.44,13,3.44,237.11,27.97,0,0.5345161704778446
1,2,213,528,2,0.0,15,3.11,281.59,999.0,0,0.575164546766158
3,5,298,314,2,0.0,8,1.97,435.75,999.0,0,0.5102184878973136
5,0,384,185,0,7.22,15,0.47,78.94,25.61,0,0.3573705868360611
2,7,139,212,0,8.32,4,3.09,258.76,25.47,0,0.11405572059376423
0,2,106,102,0,0.0,4,3.15,63.08,999.0,0,0.31347492329508586
0,7,199,237,0,20.76,6,1.25,414.24,11.42,0,0.16224717645179437
6,3,126,375,2,0.0,12,3.83,363.6,999.0,0,0.6156739267682758
7,0,88,338,2,3.77,2,1.61,391.1,89.69,0,0.2613034225950507
5,1,244,133,0,16.24,11,0.26,443.53,8.19,0,0.4148604665392326
4,5,87,397,2,0.0,7,2.0,399.98,999.0,0,0.47245181692592464
2,4,19,327,2,23.19,7,0.27,255.25,14.1,1,0.6523130464853452
1,3,314,17,1,0.11,4,2.84,510.47,159.33,0,0.117815648969699
4,0,260,503,2,0.89,13,3.37,543.5,562.63,0,0.5691167831402675
3,3,172,374,2,23.75,7,3.05,362.24,15.75,0,0.3415967817239307
2,4,108,577,2,19.45,12,3.48,44.56,29.67,0,0.5349076125132168
5,7,365,213,0,0.0,0,2.77,584.68,999.0,0,0.20633431982318184
6,6,1,591,2,0.0,9,1.51,533.0,999.0,1,0.8424324776764748
1,7,162,15,1,8.33,11,4.69,319.18,1.8,0,0.381839479159068
0,6,166,547,2,23.33,4,0.98,118.16,23.44,0,0.26048858926137064
4,3,10,62,0,0.0,3,5.2,499.44,999.0,1,0.5483091860685086
7,1,379,252,2,0.0,10,3.55,461.83,999.0,0,0.6456363804366418
1,4,368,150,0,0.0,12,0.65,493.12,999.0,0,0.4298411648487111
6,1,139,2,1,0.0,9,5.58,192.81,999.0,0,0.37547711503021225
2,2,148,245,0,0.0,4,4.64,52.32,999.0,0,0.2212675234346176
3,2,230,539,2,0.0,5,1.59,156.76,999.0,0,0.3973646276957039
7,1,366,238,0,0.0,10,5.84,87.61,999.0,0,0.5229177276653294
6,2,302,287,2,22.36,13,4.41,483.91,12.84,0,0.46430520479917936
7,7,297,371,2,0.0,8,0.02,129.75,999.0,0,0.6021983728658693
0,0,201,251,2,0.0,12,0.33,301.39,999.0,0,0.59938262789146
1,5,217,481,2,0.0,13,0.41,452.61,999.0,0,0.6831715626725132
3,6,96,149,0,7.29,14,5.19,133.38,20.45,0,0.3771538487743538
2,4,100,514,2,3.9,13,1.0,112.79,131.63,0,0.45244640809618947
2,3,101,534,2,0.0,6,3.0,558.12,999.0,0,0.4431922109620606
2,3,173,28,0,9.62,0,4.63,519.84,2.91,0,0.004952188360128576
0,1,143,306,2,1.86,10,5.55,127.6,164.49,0,0.5684817312552148
4,5,199,453,2,0.0,7,5.43,424.46,999.0,0,0.49581432697290684
4,6,81,193,0,4.92,8,0.68,555.42,39.26,0,0.3419832715724499
3,3,367,534,2,11.17,2,4.39,487.84,47.81,0,0.24712915476110434
5,3,391,33,0,14.48,10,3.37,229.62,2.28,0,0.33146790092515577
2,5,245,132,0,0.0,0,0.03,22.6,999.0,0,0.15920191458749963
1,6,309,310,2,12.57,12,4.09,185.37,24.65,0,0.5162914630443809
5,2,381,100,0,0.0,11,5.72,240.88,999.0,0,0.4335669261586723
6,2,341,142,0,0.0,5,2.0,95.51,999.0,0,0.3119805690964902
4,1,57,63,0,22.3,11,4.43,123.2,2.82,0,0.3263937774107963
1,2,217,417,2,0.0,8,5.7,448.6,999.0,0,0.5542109019776849
4,7,19,254,2,5.01,5,5.05,508.59,50.7,1,0.5889891023275814
3,2,13,440,2,0.0,4,5.87,387.67,999.0,1,0.6733918176787002
3,4,31,212,0,11.96,4,5.34,432.53,17.72,0,0.12080770462293713
1,0,312,66,0,8.38,7,3.9,37.49,7.88,0,0.30364216252558285
5,3,373,79,0,0.0,5,5.95,114.79,999.0,0,0.3331891698580977
6,4,301,454,2,7.04,1,2.61,397.3,64.46,0,0.22215813503980866
4,4,84,518,2,0.0,1,2.8,402.25,999.0,0,0.2655893539728549
1,0,375,70,0,0.0,4,1.77,506.8,999.0,0,0.23279922699068015
0,5,201,304,2,0.0,3,4.43,299.77,999.0,0,0.4119749382016767
0,0,144,262,2,0.0,1,2.64,425.21,999.0,0,0.3445256249946831
4,2,16,290,2,0.0,0,4.28,260.26,999.0,1,0.5167918091012623
4,1,67,75,0,0.0,8,4.11,140.03,999.0,0,0.32950658577744496
5,5,5,222,0,2.2,10,0.23,260.85,100.72,1,0.6931567484050195
7,5,332,118,0,6.68,7,2.07,61.74,17.66,0,0.24237652476521096
5,1,137,134,0,23.28,1,4.11,57.72,5.76,0,0.09541244867175885
6,1,54,342,2,0.0,13,1.04,440.45,999.0,0,0.6515283221866621
4,3,385,378,2,15.41,3,0.21,80.92,24.53,0,0.3402581504309968
5,0,324,260,2,23.84,5,5.68,221.7,10.9,0,0.28457835929038383
0,7,103,511,2,0.0,4,0.04,104.12,999.0,0,0.48438439043261244
4,5,371,181,0,0.0,13,4.32,40.0,999.0,0,0.48316516735718884
2,5,393,235,0,20.31,1,0.59,28.66,11.57,0,0.12988911870540454
3,1,303,100,0,23.6,1,0.15,365.15,4.24,0,0.11778321118568841
1,2,369,462,2,0.0,4,3.97,510.28,999.0,0,0.4351464817387447
7,4,376,78,0,8.39,4,4.8,173.52,9.3,0,0.1210061751286863
5,0,77,414,2,0.0,15,1.46,563.37,999.0,0,0.6020191922414465
6,6,143,561,2,0.0,1,2.01,572.27,999.0,0,0.2825272321988878
2,7,76,277,2,4.73,15,2.82,378.17,58.62,0,0.4580295434563354
6,7,235,519,2,1.67,0,3.06,536.65,311.48,0,0.16017328497228459
0,3,325,367,2,0.0,6,4.45,76.31,999.0,0,0.4646558006892251
2,0,288,184,0,16.8,12,0.5,432.08,10.96,0,0.387016642844723
0,1,229,154,0,14.74,3,4.08,241.19,10.45,0,0.16711867267537256
6,0,350,575,2,22.91,13,4.66,586.98,25.1,0,0.5321027019300462
0,4,1,245,0,0.0,15,2.35,300.38,999.0,1,0.7808891794788738
0,6,118,211,0,5.46,1,2.35,427.28,38.62,0,0.07913211029533092
7,6,5,348,2,0.0,1,2.04,554.45,999.0,1,0.6234532041028888
0,3,23,426,2,0.0,11,0.29,431.63,999.0,1,0.9498865271699346
0,5,190,441,2,23.2,2,3.51,454.31,19.01,0,0.26698036700564276
2,4,109,427,2,0.0,11,0.08,124.43,999.0,0,0.6631989729582598
0,7,205,94,0,0.0,9,3.67,331.23,999.0,0,0.4075668680906139
4,0,122,137,0,0.0,14,2.65,346.83,999.0,0,0.5046792873998319
1,1,393,489,2,10.89,11,0.14,422.0,44.92,0,0.5445560611952442
0,4,97,505,2,0.0,3,1.99,278.55,999.0,0,0.403354918664385
2,2,318,329,2,0.0,12,0.21,134.74,999.0,0,0.6514016010563102
3,6,254,298,2,13.88,11,5.29,293.75,21.47,0,0.47406682358988395
3,5,39,323,2,6.21,9,1.21,561.77,52.03,0,0.457576265514826
1,2,30,469,2,0.0,6,2.96,71.62,999.0,0,0.42225582651705407
0,3,325,146,0,0.0,4,5.08,169.11,999.0,0,0.20962043435520705
6,0,306,25,0,14.42,15,4.23,330.17,1.73,0,0.38561924518961943
1,6,205,86,0,14.06,12,1.56,174.2,6.12,0,0.36190681938646085
4,3,303,295,2,18.62,2,2.61,395.18,15.84,0,0.18901654448163152
2,7,354,454,2,0.0,0,2.04,472.7,999.0,0,0.32499307232249175
0,2,371,390,2,0.0,9,5.11,259.12,999.0,0,0.6045236929038988
2,1,363,543,2,14.69,12,5.42,526.66,36.95,0,0.5049713464761953
3,3,343,599,2,11.24,11,1.14,371.76,53.27,0,0.43760690528056767
0,2,120,554,2,7.35,13,0.51,390.62,75.36,0,0.48621725858917164
3,3,343,451,2,22.6,1,3.72,510.5,19.96,0,0.20345084827776694
7,5,115,479,2,15.07,12,4.52,80.72,31.78,0,0.515839181439117
4,2,364,586,2,0.0,9,5.59,116.25,999.0,0,0.5764642328654704
5,2,104,302,2,0.0,10,0.42,586.37,999.0,0,0.6885293652838439
1,6,252,412,2,18.38,1,0.53,239.29,22.42,0,0.26778932021951773
5,7,258,163,0,0.0,11,5.09,229.11,999.0,0,0.4256954947907873
3,5,129,42,0,15.7,9,3.76,30.3,2.68,0,0.2859074486028604
6,3,270,203,0,18.66,12,3.62,33.14,10.88,0,0.30437642305995827
4,4,311,543,2,0.0,4,3.63,254.57,999.0,0,0.39768895344872546
3,2,352,569,2,0.0,2,2.07,562.63,999.0,0,0.29665914244595637
0,7,308,106,0,15.45,15,3.1,567.41,6.86,0,0.29908432754181036
0,3,123,283,2,0.0,5,3.64,106.4,999.0,0,0.5090140804459995
4,5,140,89,0,0.0,15,3.36,82.67,999.0,0,0.46807252451013315
4,2,180,24,1,11.45,7,3.16,97.07,2.1,0,0.29249362540245
5,0,333,56,0,11.08,14,2.68,213.11,5.05,0,0.29007038030138593
5,3,384,326,2,12.1,1,3.91,247.63,26.93,0,0.19628092885820128
3,6,35,275,2,4.52,15,1.69,597.15,60.85,0,0.5217377056135795
1,6,377,229,0,3.75,13,2.49,57.35,61.14,0,0.3230303342714648
2,4,335,247,0,10.41,2,2.66,113.94,23.72,0,0.08795216376887838
5,7,243,207,0,1.5,2,1.56,549.2,137.6,0,0.0575379231691591
7,4,393,88,0,14.89,0,5.39,54.91,5.91,0,0.06902483111179748
2,5,212,523,2,19.75,13,4.97,278.74,26.48,0,0.4599287458889525
7,7,246,391,2,0.0,4,1.35,564.56,999.0,0,0.41453184094599493
1,4,177,117,0,22.15,8,3.95,23.78,5.28,0,0.24132588797661883
2,6,183,441,2,0.0,7,5.48,238.33,999.0,0,0.49743340431615113
2,7,190,257,2,8.53,0,1.41,196.87,30.14,0,0.18606741097746554
3,7,185,366,2,8.23,9,3.77,118.32,44.47,0,0.4803007002911818
4,7,18,339,2,6.43,15,5.19,227.67,52.75,1,0.8151582813638781
3,0,35,575,2,18.21,12,4.64,526.8,31.57,0,0.44972528502478104
7,0,140,245,0,12.79,4,5.2,321.29,19.16,0,0.10553331647928559
5,3,139,272,2,0.0,14,5.39,159.24,999.0,0,0.5881503984130012
4,2,144,62,0,3.9,0,1.81,266.1,15.91,0,0.03301894639602511
0,7,206,204,0,22.21,5,2.93,198.26,9.19,0,0.22662590783716727
1,1,180,456,2,0.0,15,4.69,331.47,999.0,0,0.5909652762614889
6,1,207,160,0,1.62,6,2.27,294.75,98.5,0,0.19229639533270618
7,3,33,298,2,0.0,2,3.41,509.22,999.0,0,0.3417362031565565
6,1,218,173,0,7.77,13,2.88,555.07,22.27,0,0.310675126852732
1,2,93,319,2,0.0,4,1.55,254.79,999.0,0,0.4750166118947612
6,7,22,466,2,2.56,2,3.83,320.91,181.85,1,0.522493803464747
7,2,171,467,2,0.0,6,5.74,598.02,999.0,0,0.49371865388997377
0,0,318,193,0,0.0,7,4.66,158.72,999.0,0,0.3549341871166701
2,4,245,98,0,24.1,10,3.11,127.7,4.07,0,0.31168787713226526
1,1,290,341,2,0.0,0,2.71,35.09,999.0,0,0.2847452677537385
6,3,60,214,0,2.43,9,1.88,341.05,88.07,0,0.28117962831280924
4,2,179,330,2,0.0,11,1.47,422.73,999.0,0,0.6385275671607393
2,1,17,102,0,4.01,12,2.71,466.17,25.42,1,0.641491666199872
4,5,293,459,2,0.0,3,4.22,298.45,999.0,0,0.36924505605870067
2,5,283,200,0,0.0,8,4.81,145.51,999.0,0,0.3827939490415715
6,3,203,482,2,0.0,13,3.0,156.46,999.0,0,0.6259247683153034
4,4,369,316,2,0.0,0,3.97,559.9,999.0,0,0.253278491274945
2,6,230,197,0,0.0,12,4.92,474.9,999.0,0,0.4429704643552934
4,2,316,143,0,0.0,5,1.6,172.33,999.0,0,0.25549742547478943
5,0,221,494,2,0.0,1,3.46,447.96,999.0,0,0.32231673712742115
2,1,49,141,0,0.0,4,4.34,376.81,999.0,0,0.22103635828571608
0,1,189,2,1,19.53,11,5.64,304.24,0.1,0,0.3410973898279299
6,0,371,397,2,0.0,1,1.86,580.81,999.0,0,0.2656964550669183
5,4,216,533,2,0.0,3,4.92,543.58,999.0,0,0.35134682326107064
3,6,1,366,2,0.0,5,0.61,531.77,999.0,1,0.699800515269595
5,4,295,340,2,0.0,2,4.55,294.91,999.0,0,0.38224881610459627
1,6,319,48,0,0.0,7,2.28,58.14,999.0,0,0.3712130642082966
5,2,10,377,2,24.46,6,4.72,34.53,15.41,1,0.6504025454432452
0,1,216,532,2,0.0,10,5.36,498.03,999.0,0,0.5760026833325883
6,0,320,394,2,7.3,11,3.79,590.17,53.97,0,0.5086266615391543
7,3,65,60,0,0.07,1,5.68,235.54,804.67,0,0.042172269822473324
0,5,113,183,0,19.86,13,4.47,557.7,9.21,0,0.37125907598911534
0,4,306,507,2,1.08,8,3.31,426.57,469.32,0,0.42472442158127777
1,6,292,215,0,4.07,1,5.06,537.51,52.77,0,0.07863490643438696
7,4,52,82,0,0.0,11,1.19,76.92,999.0,0,0.3901764082024507
1,6,394,409,2,0.0,11,0.93,589.73,999.0,0,0.662422743756271
5,6,272,43,0,0.0,8,0.87,28.13,999.0,0,0.45093721122718267
2,5,397,552,2,20.71,15,3.08,135.94,26.65,0,0.5158065368106004
0,3,245,24,1,5.36,6,4.51,108.97,4.48,0,0.20618660935803879
6,4,266,363,2,0.0,14,1.51,286.08,999.0,0,0.6161460209586995
3,4,12,357,2,0.0,8,0.09,53.23,999.0,1,0.8112057706547191
1,3,364,395,2,0.0,0,0.22,180.17,999.0,0,0.3594411782215227
4,1,371,138,0,17.05,3,0.05,440.58,8.09,0,0.13811638265461723
5,2,163,334,2,22.1,4,1.94,229.46,15.11,0,0.24739808154544227
4,1,80,577,2,0.0,2,5.47,53.96,999.0,0,0.3168907278132496
2,1,171,149,0,0.0,15,4.84,83.56,999.0,0,0.4015485342307282
4,3,81,256,2,0.0,12,4.5,558.29,999.0,0,0.5662629404050891
6,1,68,126,0,9.7,9,3.1,551.78,12.99,0,0.3594381280277184
0,0,40,65,0,0.0,7,5.86,33.3,999.0,0,0.34437192146905354
6,5,189,399,2,0.0,5,1.33,441.65,999.0,0,0.485857937321969
3,6,259,314,2,0.0,9,1.69,536.74,999.0,0,0.5390259060281101
0,7,136,57,0,0.0,0,2.06,375.96,999.0,0,0.07088898743518655
4,2,269,70,0,0.0,12,0.91,572.52,999.0,0,0.4524432860461563
1,0,359,513,2,12.26,9,5.72,90.94,41.84,0,0.4040492931300506
5,1,180,471,2,0.0,11,2.04,72.82,999.0,0,0.5874383088287314
5,5,86,434,2,6.4,4,0.83,300.67,67.82,0,0.26033110042777724
4,2,136,537,2,0.0,1,3.98,33.05,999.0,0,0.2805899245296881
1,7,89,393,2,0.0,7,4.31,104.45,999.0,0,0.4914842032418728
5,7,265,113,0,0.0,3,1.75,576.11,999.0,0,0.26960308442689257
2,5,117,62,0,0.0,8,5.1,147.37,999.0,0,0.32782496349415297
1,3,34,288,2,10.61,5,0.5,164.03,27.15,0,0.36698735795688886
0,5,172,141,0,18.47,15,0.14,403.14,7.63,0,0.37564168021221855
4,7,205,484,2,15.31,5,2.11,409.68,31.6,0,0.32232423184630205
4,1,33,216,0,8.69,13,4.72,378.51,24.85,0,0.33563745330426104
2,7,362,412,2,4.75,0,5.67,276.88,86.74,0,0.21928847501214715
4,7,161,48,0,16.45,5,0.77,75.19,2.92,0,0.15653119784003405
7,0,375,288,2,3.56,7,1.41,436.29,80.91,0,0.3505965636464017
1,4,119,217,0,0.0,13,5.91,448.42,999.0,0,0.4845745532629217
7,4,348,314,2,22.78,15,0.24,86.4,13.78,0,0.532915057856324
5,1,57,120,0,9.25,4,1.44,54.82,12.97,0,0.12167048874025271
1,5,332,377,2,23.39,0,1.09,194.83,16.11,0,0.13522805190373083
2,4,174,521,2,13.44,12,4.44,513.39,38.76,0,0.4835175988696716
4,7,332,564,2,0.0,0,2.14,422.35,999.0,0,0.3052486667622429
1,7,271,264,2,15.8,1,0.36,445.31,16.71,0,0.2665287486447202
4,2,142,314,2,23.43,6,2.44,268.1,13.4,0,0.3082592264591983
4,6,377,469,2,0.0,13,0.41,117.9,999.0,0,0.6324893698078541
7,3,152,456,2,11.59,14,5.83,449.7,39.34,0,0.47498772057914246
2,7,121,248,0,0.0,3,1.91,307.39,999.0,0,0.2885954669280948
1,3,172,283,2,15.7,10,3.97,366.36,18.03,0,0.5064128945533838
0,7,308,62,0,11.9,1,4.99,385.93,5.21,0,0.046793663326552846
3,0,11,72,0,0.0,8,0.63,293.04,999.0,1,0.7363454828698072
2,1,327,187,0,14.37,12,2.69,93.76,13.02,0,0.29627194198971557
5,5,331,166,0,0.0,15,2.81,388.1,999.0,0,0.452626113978985
5,2,333,413,2,0.0,8,1.3,198.53,999.0,0,0.5466343198517658
2,2,13,189,0,3.18,2,0.02,189.69,59.44,1,0.42165357843253604
0,7,83,385,2,0.0,3,4.35,317.86,999.0,0,0.37632478932776975
6,7,119,449,2,0.0,1,3.44,594.96,999.0,0,0.37890910916079457
5,6,369,199,0,0.0,11,4.39,265.04,999.0,0,0.4516849255934444
6,6,322,116,0,16.83,8,1.64,223.72,6.89,0,0.25209049653731597
4,4,37,105,0,0.0,1,4.77,412.9,999.0,0,0.10598248184123833
6,7,207,34,0,7.44,4,1.47,128.17,4.57,0,0.19838085373870473
1,7,162,127,0,15.06,5,5.34,256.49,8.43,0,0.17047883140117895
6,5,120,82,0,0.0,8,5.39,124.11,999.0,0,0.3854315405131655
0,4,112,80,0,0.0,14,2.74,116.26,999.0,0,0.4573629601002776
4,5,260,580,2,4.81,15,5.59,115.35,120.53,0,0.5173146290160768
0,1,249,401,2,24.61,14,5.73,545.22,16.29,0,0.521557582803338
0,1,54,65,0,0.0,11,1.03,561.87,999.0,0,0.40804721469728333
3,3,187,168,0,3.7,15,2.01,176.46,45.42,0,0.3854789050140492
0,6,335,247,0,15.73,8,3.3,373.49,15.7,0,0.29186660914154033
6,0,143,112,0,0.0,13,0.63,439.9,999.0,0,0.44881236362413984
4,2,240,599,2,6.19,1,0.79,535.01,96.76,0,0.185994240548138
6,1,380,394,2,0.0,9,2.84,240.43,999.0,0,0.5240547874708319
6,5,135,300,2,0.0,8,1.19,289.65,999.0,0,0.48997446975137926
6,7,17,338,2,0.27,13,4.67,502.57,1274.22,1,0.7585196297907784
7,2,386,280,2,9.92,10,5.89,488.93,28.21,0,0.4311531310922856
5,1,44,599,2,14.83,10,4.52,444.59,40.39,0,0.4511129866792011
2,6,249,72,0,0.0,15,3.05,86.15,999.0,0,0.43171688372145395
2,7,92,595,2,1.93,4,4.58,95.83,308.38,0,0.35977037501954545
2,5,127,559,2,6.43,10,4.74,297.48,86.92,0,0.5414661589773853
1,7,208,383,2,0.0,5,4.02,520.44,999.0,0,0.501491217044628
3,6,222,14,1,0.0,7,5.98,183.93,999.0,0,0.35565315020175803
3,7,262,223,0,0.0,11,5.0,354.26,999.0,0,0.5122279400131655
6,6,196,530,2,0.0,15,3.53,261.91,999.0,0,0.5786297953583461
0,0,96,146,0,12.11,0,3.7,421.32,12.05,0,0.049081631732773134
0,4,241,5,1,0.0,7,5.37,282.51,999.0,0,0.3044394724352936
2,1,111,483,2,0.0,15,4.97,152.05,999.0,0,0.571050897804671
2,6,371,515,2,15.55,8,0.95,497.47,33.11,0,0.45709854657516263
2,3,374,252,2,0.0,4,4.51,37.27,999.0,0,0.41455947700786117
1,5,314,514,2,2.62,2,3.99,34.76,196.15,0,0.26993127206519296
0,0,135,19,1,0.0,12,4.34,273.8,999.0,0,0.5094332870263053
4,5,66,190,0,12.1,4,2.34,154.89,15.71,0,0.11406203289881783
7,2,95,151,0,2.55,11,1.43,205.65,59.27,0,0.38325725415021294
6,3,398,190,0,14.17,8,2.17,69.5,13.41,0,0.30581220787283653
5,1,217,4,1,0.0,9,5.0,474.29,999.0,0,0.4634495284911154
3,3,298,435,2,0.0,10,4.97,207.75,999.0,0,0.5678729030264094
6,6,381,312,2,22.67,2,5.86,74.23,13.76,0,0.18428605092662287
2,0,233,158,0,0.0,2,3.22,584.56,999.0,0,0.19355395066120573
5,0,397,420,2,23.43,10,5.98,476.91,17.92,0,0.546392792205409
7,6,333,369,2,0.0,12,5.99,259.23,999.0,0,0.6031383053117749
0,2,71,202,0,9.46,11,4.12,511.58,21.36,0,0.3181395817848852
0,4,101,257,2,24.35,3,5.11,110.09,10.56,0,0.22970383362737976
7,7,241,278,2,17.71,4,1.09,77.28,15.7,0,0.26031158436512397
4,2,331,110,0,20.25,6,5.84,73.73,5.43,0,0.24990970165181933
0,3,132,454,2,5.1,10,0.61,403.75,89.02,0,0.5166859282841716
5,3,374,572,2,0.0,7,1.01,78.65,999.0,0,0.4898104920215066
3,5,45,222,0,7.95,6,5.91,431.2,27.94,0,0.281547176264381
1,7,40,66,0,22.35,7,5.58,133.45,2.95,0,0.2357884107779192
7,1,360,367,2,0.0,7,5.62,387.58,999.0,0,0.5674016110594181
2,5,155,110,0,12.12,4,4.14,105.33,9.08,0,0.14576717685733315
2,4,175,564,2,0.0,9,2.08,88.73,999.0,0,0.5847987475552734
1,1,219,180,0,9.23,6,0.64,195.41,19.5,0,0.20622999640323725
6,5,52,205,0,5.42,3,4.72,260.28,37.79,0,0.14907982142936022
6,1,221,102,0,0.0,10,1.64,151.38,999.0,0,0.47183430524453984
7,3,196,480,2,1.96,8,2.9,262.21,245.44,0,0.4763469338247917
5,3,40,178,0,2.7,0,3.98,244.96,65.92,0,0.06235360036884363
2,6,229,144,0,21.35,2,3.33,118.43,6.74,0,0.05744526684151621
1,6,228,565,2,23.14,10,4.46,562.88,24.42,0,0.4762152058096966
4,7,133,14,1,0.0,4,3.83,219.82,999.0,0,0.30324268369735696
7,5,168,1,1,0.0,13,0.67,429.48,999.0,0,0.4680535598895761
4,0,117,477,2,3.14,15,2.02,220.5,151.79,0,0.48017983271347686
0,4,46,264,2,0.0,11,2.35,257.04,999.0,0,0.6377490634228795
3,5,331,329,2,0.0,6,0.7,141.87,999.0,0,0.508316378776935
6,7,263,221,0,22.35,6,5.6,330.75,9.89,0,0.24397530150813818
5,1,311,474,2,22.05,13,1.48,229.94,21.5,0,0.5417407018469053
2,2,172,276,2,5.66,6,2.53,122.45,48.72,0,0.3616788842352809
1,7,60,447,2,0.0,10,3.58,213.05,999.0,0,0.667267624910419
4,5,25,435,2,16.64,4,3.64,332.11,26.15,1,0.5462566140131315
0,7,361,154,0,13.01,8,0.73,356.62,11.83,0,0.32096076489040776
4,3,44,319,2,0.0,8,0.95,61.31,999.0,0,0.5181587331491769
0,6,237,398,2,0.0,11,2.97,39.14,999.0,0,0.5527108156220408
5,2,382,496,2,15.92,0,1.21,165.86,31.16,0,0.1654260239878349
6,3,26,463,2,19.73,15,1.92,406.92,23.46,1,0.710055528506141
0,6,361,362,2,0.0,9,0.14,118.36,999.0,0,0.648452436796678
3,4,209,105,0,0.0,8,0.71,449.45,999.0,0,0.3974805030455473
2,2,72,53,0,14.69,2,4.54,142.15,3.61,0,0.03740559542570059
2,5,23,65,0,0.0,9,2.65,543.67,999.0,1,0.7374762183837678
7,2,316,585,2,1.37,11,1.93,159.57,426.9,0,0.5104821817765735
0,4,314,506,2,8.62,10,2.26,335.63,58.68,0,0.4640263624218726
6,3,101,215,0,0.0,9,5.31,522.58,999.0,0,0.41911796027381126
0,3,366,297,2,0.0,4,1.77,140.9,999.0,0,0.3721011018355838
0,6,339,260,2,16.54,1,1.21,390.52,15.72,0,0.20991626564540228
4,1,249,495,2,0.0,6,1.71,418.62,999.0,0,0.45004670626099996
0,7,57,560,2,0.0,3,3.75,328.16,999.0,0,0.3370426614888077
6,0,223,192,0,0.0,2,3.17,238.2,999.0,0,0.27296820840367647
1,1,339,27,0,0.0,4,5.55,156.61,999.0,0,0.2630000511620423
3,6,296,491,2,0.0,11,2.7,532.0,999.0,0,0.5787725208243762
5,6,159,276,2,0.0,6,2.09,547.75,999.0,0,0.4761628656035343
2,6,128,579,2,0.0,9,4.84,404.87,999.0,0,0.5457850107868306
4,2,30,230,0,1.76,2,1.57,25.81,130.83,0,0.05932700801030371
0,3,319,373,2,0.0,12,3.69,376.62,999.0,0,0.5782667087700823
1,0,197,492,2,0.0,5,2.67,582.71,999.0,0,0.4283952729285093
3,4,277,53,0,21.48,12,2.35,377.13,2.47,0,0.37451810941511665
3,5,281,353,2,0.0,0,0.44,414.46,999.0,0,0.2658060729313781
5,4,156,315,2,13.76,15,3.57,22.27,22.89,0,0.46252302800739664
5,1,373,562,2,21.39,0,5.84,413.54,26.28,0,0.13040736654640314
7,7,169,55,0,3.35,7,3.45,35.11,16.42,0,0.3121897460300953
2,0,354,280,2,0.0,7,3.84,96.12,999.0,0,0.5454326751836263
0,2,386,464,2,4.31,14,1.96,227.18,107.7,0,0.5462869162390445
2,6,110,474,2,0.0,15,4.58,267.28,999.0,0,0.6612350862609346
3,3,360,23,1,0.0,11,0.62,244.53,999.0,0,0.45759455016413186
2,1,85,500,2,0.0,3,5.12,144.17,999.0,0,0.369730590561423
5,2,328,376,2,24.05,12,0.96,356.43,15.63,0,0.45222315502470567
5,0,299,580,2,7.6,2,4.5,309.11,76.33,0,0.28422685039762313
7,6,101,462,2,0.0,11,5.77,562.41,999.0,0,0.642357749797152
5,6,160,509,2,10.92,10,4.06,301.94,46.59,0,0.43053706972738226
1,6,188,53,0,9.91,8,5.19,58.64,5.35,0,0.27088674067190077
0,5,316,140,0,21.84,13,3.02,21.61,6.41,0,0.3947098655989989
6,4,194,511,2,0.0,1,4.71,193.65,999.0,0,0.30969143170764935
0,6,113,519,2,0.0,11,0.19,191.54,999.0,0,0.6325045270116636
7,5,1,166,0,0.0,5,2.01,83.74,999.0,1,0.6219143978733519
3,0,90,594,2,20.43,8,4.2,241.71,29.08,0,0.4844650682319841
2,7,194,249,0,0.0,9,3.07,172.86,999.0,0,0.48035973757918915
1,5,344,99,0,3.29,8,2.22,487.17,30.1,0,0.2977952477101083
5,3,324,232,0,8.29,2,2.6,221.52,27.99,0,0.1472785651220479
5,2,69,563,2,17.89,2,0.78,24.07,31.47,0,0.2660205569815376
1,1,255,309,2,18.85,7,4.6,91.05,16.39,0,0.36845569446118365
6,3,108,433,2,0.0,1,1.89,21.7,999.0,0,0.3427068145233047
5,6,326,104,0,15.46,8,0.37,511.2,6.73,0,0.29467467721791
7,5,398,532,2,5.2,11,3.6,178.08,102.34,0,0.4406814423350798
4,2,9,521,2,0.0,5,3.27,557.21,999.0,1,0.7188479071741145
4,0,239,560,2,11.07,10,0.21,236.49,50.57,0,0.47597265445209497
1,0,294,209,0,11.45,14,5.89,589.74,18.25,0,0.3925831333781586
6,0,350,411,2,2.32,8,0.68,461.05,177.39,0,0.47689401693171296
2,4,285,209,0,9.5,11,3.53,231.4,22.01,0,0.40632814272652873
7,7,378,63,0,0.0,4,2.5,506.51,999.0,0,0.21125030728038424
5,6,289,257,2,14.95,0,5.11,394.1,17.19,0,0.16967972048346763
1,0,6,173,0,17.79,2,3.95,35.73,9.72,1,0.38886921170008404
4,5,301,392,2,14.59,15,1.23,171.33,26.87,0,0.46136247624231336
3,5,326,433,2,5.01,11,3.4,316.91,86.41,0,0.5165378236191615
1,3,375,553,2,18.39,0,0.68,319.2,30.08,0,0.19846615850430802
1,1,370,236,0,5.84,10,5.26,563.01,40.4,0,0.31501556176129286
1,4,121,170,0,6.89,0,4.01,529.41,24.68,0,0.06144578406061389
2,7,258,496,2,19.3,7,1.47,315.74,25.7,0,0.425135513019261
0,1,99,176,0,0.0,4,1.09,51.42,999.0,0,0.2518310532442265
4,3,163,114,0,0.0,13,5.28,359.95,999.0,0,0.4470973117155515
0,4,73,348,2,0.0,0,4.22,522.04,999.0,0,0.25236532227207165
4,2,69,281,2,19.12,1,4.24,332.72,14.7,0,0.23574148725284189
3,1,123,506,2,12.3,6,1.54,150.02,41.12,0,0.408765571153892
0,5,379,484,2,14.35,2,2.99,149.32,33.73,0,0.2846081184870815
1,3,210,512,2,0.0,1,0.49,529.58,999.0,0,0.3851929244693664
7,6,284,376,2,24.98,5,0.49,243.52,15.05,0,0.3446820540641527
0,6,85,44,0,0.0,4,1.61,285.1,999.0,0,0.29100491332091943
6,6,146,345,2,0.0,12,0.91,353.52,999.0,0,0.5673848010004415
3,5,23,102,0,2.62,8,5.54,238.65,38.9,1,0.6162882698375193
5,0,303,135,0,0.0,9,3.05,359.56,999.0,0,0.4292170948892029
5,4,343,597,2,6.95,4,2.11,290.39,85.9,0,0.25560727851871845
0,4,251,256,2,19.67,4,4.07,279.71,13.01,0,0.28128641302459767
3,4,301,1,1,23.53,10,0.61,184.43,0.04,0,0.3368175571195819
6,5,249,316,2,12.92,10,0.96,98.09,24.46,0,0.5380734374023711
6,4,195,325,2,0.0,0,1.5,589.1,999.0,0,0.28707911634007166
4,2,40,243,0,0.0,7,4.66,427.68,999.0,0,0.3880944960252312
7,5,134,539,2,0.0,15,2.91,539.37,999.0,0,0.5659008214608465
7,1,186,257,2,0.0,8,0.69,597.41,999.0,0,0.6147422187038218
0,3,270,215,0,0.0,5,1.73,99.72,999.0,0,0.2775498306524665
7,2,23,455,2,0.0,15,2.07,497.4,999.0,1,0.8359156280246071
0,6,121,165,0,5.87,14,1.26,574.5,28.12,0,0.3091159499558543
0,5,272,193,0,24.19,11,2.14,558.73,7.98,0,0.3971053720581658
2,6,116,162,0,23.69,11,5.27,441.81,6.84,0,0.35681276934443606
5,1,271,125,0,22.8,5,3.37,308.21,5.48,0,0.23665676895747786
3,4,70,2,1,0.0,6,3.95,361.17,999.0,0,0.3407088306783305
5,5,97,316,2,4.89,14,4.27,465.82,64.67,0,0.4833773935982152
0,4,26,578,2,0.0,5,1.75,180.68,999.0,1,0.6935169647585945
0,0,314,82,0,17.02,7,0.67,131.77,4.82,0,0.22327128065320567
3,0,337,528,2,16.38,5,1.83,298.47,32.23,0,0.29869404480368733
0,7,61,138,0,0.0,11,2.97,490.48,999.0,0,0.5030920990598661
6,1,26,150,0,0.0,5,2.82,114.44,999.0,1,0.5437179559089652
5,2,20,451,2,0.0,11,0.86,545.49,999.0,1,0.8608575345155821
1,7,253,518,2,0.0,13,2.43,515.59,999.0,0,0.5567614617328847
1,0,27,381,2,0.0,4,2.8,246.11,999.0,1,0.652056116937432
2,3,50,398,2,3.44,11,0.55,590.09,115.68,0,0.4502156876026983
6,6,385,550,2,8.72,7,3.51,560.14,63.07,0,0.3909743949118799
3,4,231,93,0,18.63,11,3.02,522.15,4.99,0,0.3172245876738325
0,2,55,178,0,0.0,5,1.15,132.34,999.0,0,0.35239282441846653
2,5,58,95,0,0.0,6,5.73,437.65,999.0,0,0.26832616712531243
6,2,120,451,2,0.0,12,4.69,410.57,999.0,0,0.6168392545485807
2,5,82,156,0,14.39,9,5.09,484.88,10.84,0,0.29839995070134484
4,7,193,227,0,20.29,2,1.78,225.26,11.19,0,0.10542011459365609
0,3,198,346,2,5.63,5,5.0,138.33,61.43,0,0.2891048633946505
4,6,218,462,2,0.0,5,2.46,424.82,999.0,0,0.43678086704660257
7,4,330,450,2,14.7,11,5.97,214.49,30.61,0,0.44993505962740943
2,4,371,174,0,17.3,13,1.56,592.79,10.06,0,0.33394650634137496
7,0,193,278,2,0.0,12,0.24,395.15,999.0,0,0.6152056733917581
7,3,36,111,0,0.0,11,2.28,219.07,999.0,0,0.4965581666387293
5,2,48,98,0,19.31,8,4.87,167.94,5.08,0,0.23720658607538775
0,4,110,476,2,0.0,13,5.03,35.52,999.0,0,0.6465516115829872
3,5,270,378,2,0.0,13,1.57,172.49,999.0,0,0.6174203504160044
5,7,295,578,2,19.3,8,0.8,445.52,29.95,0,0.4847204701868964
0,4,110,393,2,13.25,10,2.42,168.37,29.65,0,0.5475461332453008
5,0,355,463,2,13.06,15,5.56,462.52,35.45,0,0.4579082838208022
1,5,272,5,1,13.58,14,3.13,471.08,0.37,0,0.39634150647702204
4,5,56,110,0,0.0,5,4.82,259.38,999.0,0,0.23852333037171317
2,7,173,175,0,0.0,0,5.26,439.84,999.0,0,0.17738245618056842
5,6,98,325,2,1.84,11,2.71,232.42,176.3,0,0.5477578686307063
0,3,193,78,0,0.0,2,1.73,488.06,999.0,0,0.16683120911454322
1,7,81,577,2,20.78,2,3.95,142.57,27.76,0,0.23316803895959928
0,6,291,227,0,3.84,1,0.43,73.01,59.08,0,0.034310582320610274
3,0,385,254,2,23.74,0,3.71,78.78,10.7,0,0.14173744685540335
7,0,283,476,2,0.0,15,1.3,389.44,999.0,0,0.6669642753149418
2,7,177,173,0,12.26,1,0.51,29.41,14.11,0,0.0697251743236158
7,7,150,52,0,0.04,1,0.38,144.94,1284.38,0,0.07132984972219311
6,6,381,73,0,13.6,3,0.02,548.04,5.37,0,0.19959729217622835
7,0,4,511,2,0.0,3,0.04,106.81,999.0,1,0.6613750562315944
1,2,360,405,2,0.0,1,1.91,510.02,999.0,0,0.2662910320656551
1,1,376,387,2,14.16,3,0.03,241.58,27.34,0,0.30033833140484023
7,1,21,112,0,7.04,2,0.49,485.9,15.91,1,0.4276598864877651
6,3,92,572,2,0.0,11,0.67,241.06,999.0,0,0.6558634573223701
5,6,63,443,2,0.0,2,5.39,301.12,999.0,0,0.39811570320972745
2,5,130,308,2,19.67,10,1.96,583.8,15.66,0,0.5147331144887937
2,1,266,145,0,22.9,1,1.99,290.63,6.33,0,0.04343486912639892
5,0,88,301,2,3.54,4,2.51,162.16,85.0,0,0.282975888889525
3,1,338,474,2,15.73,14,2.99,92.47,30.13,0,0.5123555647984366
3,2,2,158,0,0.0,6,3.69,389.79,999.0,1,0.5637215698079221
1,6,231,435,2,20.79,8,1.84,532.96,20.92,0,0.38734640649880214
7,0,256,199,0,0.0,9,3.67,153.63,999.0,0,0.4617562479781598
6,6,201,459,2,18.94,5,3.41,38.35,24.23,0,0.2887990548735751
6,4,313,71,0,0.0,8,4.75,305.8,999.0,0,0.4440781359210855
4,5,132,328,2,15.95,9,5.46,219.62,20.57,0,0.4534180527183114
1,3,353,461,2,0.0,8,1.0,311.15,999.0,0,0.555841597269683
2,7,395,220,0,0.0,14,4.61,267.22,999.0,0,0.4484495800051617
4,2,256,312,2,19.21,13,4.13,218.8,16.24,0,0.46301645217624904
0,3,374,30,0,0.0,3,5.1,155.53,999.0,0,0.21588601505132762
4,5,104,567,2,0.0,6,0.82,164.33,999.0,0,0.5239874319398209
5,3,112,357,2,0.0,4,4.65,323.84,999.0,0,0.473591985941779
6,5,395,495,2,16.77,4,3.99,584.45,29.52,0,0.35533291884161344
0,1,104,238,0,20.24,12,0.44,374.66,11.76,0,0.4204495532340554
7,7,5,101,0,0.0,3,5.55,226.56,999.0,1,0.5386440648987838
1,6,79,216,0,0.0,8,0.96,62.52,999.0,0,0.3904728172848201
7,6,173,39,0,0.0,12,1.21,368.08,999.0,0,0.49565838006519203
5,0,189,449,2,0.0,3,5.23,234.97,999.0,0,0.3306167036791474
1,0,16,592,2,21.37,7,0.09,100.7,27.7,1,0.7089432994314755
2,0,347,384,2,8.4,4,2.68,259.58,45.73,0,0.2606435979189953
0,2,196,202,0,23.36,14,2.5,151.27,8.65,0,0.36696120628755496
1,4,127,81,0,18.67,10,1.37,366.1,4.34,0,0.393750895130548
7,1,142,111,0,0.0,13,4.33,189.27,999.0,0,0.4610303701943825
0,6,344,263,2,0.0,9,5.64,313.6,999.0,0,0.542213377088662
1,6,255,307,2,0.0,10,5.45,525.8,999.0,0,0.5926916806688625
4,7,133,252,2,13.94,15,5.26,97.48,18.08,0,0.4909959586995641
7,2,334,312,2,8.34,5,1.12,482.61,37.4,0,0.3107840290768356
4,0,373,286,2,0.0,0,0.68,388.98,999.0,0,0.3162668080321325
1,1,390,484,2,11.14,8,2.23,348.21,43.45,0,0.4663461041887781
0,5,226,559,2,0.0,13,3.57,512.76,999.0,0,0.5757943939300607
5,3,375,8,1,0.0,11,4.43,566.55,999.0,0,0.4613815510284973
2,5,205,211,0,11.36,6,0.63,493.94,18.57,0,0.19565156885388485
5,7,17,125,0,0.0,3,0.38,223.61,999.0,1,0.5298614204655288
3,5,286,200,0,10.28,5,0.75,70.2,19.45,0,0.19160924008965985
4,4,113,566,2,12.39,2,2.75,59.69,45.69,0,0.2128389372386829
3,5,357,525,2,0.0,1,5.48,474.41,999.0,0,0.29543265939222313
2,5,222,162,0,18.04,6,3.67,475.91,8.98,0,0.18589285833237978
3,1,221,84,0,0.0,4,5.6,264.01,999.0,0,0.2620239533733248
7,4,79,483,2,0.0,10,1.33,401.24,999.0,0,0.6448221255571587
0,7,384,362,2,0.9,12,3.7,80.23,400.78,0,0.5619878202453108
2,5,378,405,2,12.95,9,0.47,185.67,31.27,0,0.4877298479638966
3,1,393,85,0,2.18,10,1.87,36.52,39.01,0,0.3364208597676615
2,1,266,42,0,0.0,7,4.5,257.12,999.0,0,0.3143737657346387
5,1,282,333,2,0.0,2,2.57,225.38,999.0,0,0.3051927940242918
0,7,377,246,0,19.99,2,3.89,188.77,12.31,0,0.06869560624505441
5,4,158,203,0,0.74,9,4.7,492.63,273.82,0,0.369596782413803
7,7,241,297,2,3.03,13,4.93,454.0,98.1,0,0.5249725994583929
1,3,50,411,2,0.0,11,1.33,475.45,999.0,0,0.65666555545529
6,3,21,340,2,11.42,14,4.13,491.91,29.78,1,0.7584637098384744
0,7,30,191,0,20.68,0,2.74,593.33,9.23,0,0.021321991169533316
0,6,295,365,2,0.48,4,2.56,570.17,757.23,0,0.30850334082206793
6,5,178,214,0,3.4,15,1.63,82.23,62.97,0,0.3750966217455435
1,2,345,278,2,0.35,6,3.41,321.82,794.28,0,0.3837756731901655
3,5,299,397,2,0.0,2,3.31,418.11,999.0,0,0.2949275980904774
7,1,199,221,0,0.0,6,4.27,357.4,999.0,0,0.35891216928818437
7,1,290,97,0,0.0,3,5.72,329.89,999.0,0,0.27102983117455126
2,1,212,340,2,0.0,14,4.42,284.83,999.0,0,0.639336097843615
1,0,267,441,2,17.82,4,0.76,96.08,24.75,0,0.3193784348604228
1,5,66,530,2,0.0,3,5.44,592.48,999.0,0,0.3744443997195094
6,5,384,82,0,12.19,6,0.47,68.4,6.73,0,0.2570676763254097
7,4,292,251,2,2.89,4,4.28,480.0,86.76,0,0.29666921097907484
6,2,177,350,2,15.42,13,3.96,56.31,22.7,0,0.5333640112149793
2,5,224,434,2,15.65,3,2.3,365.76,27.73,0,0.2606913506116035
7,1,393,337,2,0.0,13,1.03,73.94,999.0,0,0.6385677647473526
3,4,63,239,0,0.0,6,1.21,253.31,999.0,0,0.3676328786671669
4,6,325,517,2,11.02,9,3.87,191.55,46.9,0,0.48198159800347995
4,4,276,145,0,2.87,6,3.69,343.48,50.48,0,0.18322720698034667
2,5,167,522,2,13.58,15,1.68,43.19,38.43,0,0.5234791526359569
0,3,394,66,0,0.0,9,4.58,239.96,999.0,0,0.3644663951505379
6,5,355,428,2,15.49,7,3.27,477.74,27.63,0,0.36917865223823726
7,1,117,315,2,2.17,7,3.85,320.81,145.2,0,0.41753032581997684
3,4,45,26,0,10.6,4,3.67,440.47,2.45,0,0.2149227701015229
7,6,196,375,2,0.0,1,5.26,494.44,999.0,0,0.3378127844774051
3,3,110,384,2,11.02,14,1.54,511.2,34.86,0,0.4340165935716051
4,3,300,480,2,0.0,5,5.92,51.88,999.0,0,0.39146909435197935
4,0,319,251,2,0.0,15,4.42,85.75,999.0,0,0.6559324739744917
3,2,28,216,0,0.0,13,2.38,183.23,999.0,1,0.7422704071125303
5,1,257,273,2,11.87,14,3.16,316.96,22.99,0,0.4665473091748264
7,5,239,594,2,0.0,9,5.24,70.23,999.0,0,0.6280858115809562
4,6,35,55,0,0.0,7,3.83,351.22,999.0,0,0.3365220707921093
0,3,69,505,2,16.77,12,3.12,266.88,30.12,0,0.5465399143042691
4,2,10,21,1,5.72,10,0.36,152.42,3.67,1,0.6014509304719663
5,2,134,96,0,0.0,1,4.41,598.66,999.0,0,0.14687023637644003
1,3,111,345,2,4.44,11,2.86,50.77,77.62,0,0.5154397064353583
6,1,16,552,2,0.0,15,0.32,468.21,999.0,1,0.8818239837164832
6,7,204,71,0,3.59,13,2.95,108.36,19.79,0,0.40398030457199674
3,5,154,328,2,0.0,8,4.33,592.54,999.0,0,0.5004591364363863
3,3,351,311,2,13.96,7,5.88,58.5,22.28,0,0.43841716669629305
0,0,267,339,2,0.0,9,0.29,471.65,999.0,0,0.6506620935475366
4,1,347,461,2,0.8,8,1.1,161.32,576.03,0,0.4449105454589444
3,3,40,209,0,0.0,9,0.38,532.97,999.0,0,0.4557538304381421
7,6,84,76,0,18.99,9,4.37,577.86,4.0,0,0.33501490635546927
2,1,18,106,0,12.38,8,3.25,97.36,8.57,1,0.5910244033402079
1,7,393,345,2,24.61,13,1.42,150.45,14.02,0,0.4628631013817438
0,4,301,398,2,20.41,10,0.55,249.91,19.5,0,0.4685084872789066
1,4,180,495,2,1.29,10,5.56,328.15,384.35,0,0.5327071241439791
6,2,395,219,0,11.04,14,2.77,412.13,19.83,0,0.40666369807401986
1,2,34,589,2,0.0,2,2.96,438.36,999.0,0,0.35139305824134454
7,0,1,130,0,4.28,13,4.65,447.2,30.36,1,0.6067300945551696
2,7,259,297,2,0.0,0,1.32,336.16,999.0,0,0.29008540121060034
0,6,147,433,2,22.45,9,4.43,70.85,19.29,0,0.48953559403599634
6,4,308,523,2,12.16,6,4.19,24.47,43.0,0,0.3886038223337897
2,2,194,566,2,21.47,15,0.15,417.33,26.36,0,0.520300394657884
5,7,273,376,2,19.65,10,2.9,422.32,19.13,0,0.47638258745088413
5,3,3,593,2,3.58,9,1.23,548.39,165.51,1,0.6913949547015129
2,2,89,354,2,24.46,0,1.55,100.11,14.47,0,0.16058754956117421
4,3,355,382,2,0.0,8,5.03,202.82,999.0,0,0.6021239600829299
7,3,51,293,2,0.0,13,2.53,104.38,999.0,0,0.6289226245164008
7,7,220,2,1,0.0,1,2.89,60.76,999.0,0,0.10787480766578436
4,5,270,540,2,16.92,8,0.68,286.7,31.91,0,0.4493350562882718
6,7,309,250,0,0.0,6,1.47,133.5,999.0,0,0.3055102634373149
7,6,284,524,2,5.26,4,2.07,91.2,99.69,0,0.29168942488169103
6,1,194,356,2,0.0,7,2.0,304.87,999.0,0,0.5533528750255524
3,7,279,502,2,5.82,4,0.68,370.11,86.24,0,0.2536463818705429
4,6,16,201,0,23.24,5,3.57,505.88,8.65,1,0.484016098431974
5,0,278,404,2,0.0,13,3.98,271.67,999.0,0,0.614152720351377
0,7,207,450,2,11.42,13,5.77,409.0,39.4,0,0.45747045222034466
7,1,273,69,0,0.0,11,3.91,273.95,999.0,0,0.4988855315120853
3,3,17,370,2,5.39,8,0.26,266.19,68.67,1,0.7926511955133275
2,6,61,56,0,0.0,4,1.68,342.54,999.0,0,0.25466813537308375
3,6,180,111,0,13.2,3,3.68,497.82,8.41,0,0.15651520442377426
1,3,73,594,2,7.53,7,5.67,583.61,78.9,0,0.35589849161899867
7,6,105,563,2,0.0,12,3.96,323.57,999.0,0,0.5541424527864861
7,2,284,306,2,21.09,0,0.16,380.71,14.51,0,0.21417233415402467
6,6,352,582,2,4.03,10,4.14,559.27,144.55,0,0.43777552265337116
4,0,159,515,2,0.0,11,4.33,302.91,999.0,0,0.5827860491505386
4,5,121,390,2,21.02,3,4.29,302.65,18.55,0,0.2925917464358061
7,7,73,153,0,4.02,9,5.22,239.74,38.08,0,0.338995648280895
5,3,122,34,0,0.26,0,0.81,469.6,129.8,0,0.06646338952135034
7,6,314,481,2,19.1,7,5.14,421.29,25.18,0,0.4416542982332551
1,4,184,246,0,21.77,0,0.7,272.21,11.3,0,0.08882251710724032
1,2,390,38,0,0.0,1,0.15,374.88,999.0,0,0.22836372306922686
1,5,188,542,2,22.12,7,5.2,538.35,24.51,0,0.35281313460911845
2,4,132,326,2,8.9,10,1.1,125.27,36.64,0,0.44150998410913994
4,4,393,85,0,4.74,2,5.46,253.18,17.94,0,0.1059636072508171
3,0,123,564,2,1.98,10,3.52,44.12,285.08,0,0.45159124226799013
6,5,363,66,0,0.33,6,2.47,84.94,202.78,0,0.2562327502939425
2,7,150,42,0,0.0,2,2.72,130.63,999.0,0,0.1369843336524092
6,3,272,148,0,1.73,4,3.27,535.72,85.49,0,0.1946420521015914
6,2,259,590,2,0.0,0,4.68,128.51,999.0,0,0.26442774330652463
5,2,39,514,2,8.98,12,5.19,344.59,57.24,0,0.45277396685842913
1,1,77,418,2,1.33,13,1.96,375.69,313.25,0,0.5161946502935546
4,4,8,247,0,13.59,11,5.94,286.25,18.17,1,0.644664686117264
2,7,329,52,0,17.18,8,3.06,197.51,3.03,0,0.28263101050579537
5,6,195,156,0,0.0,11,2.35,23.93,999.0,0,0.487847055792157
4,4,321,400,2,21.79,0,5.15,100.35,18.36,0,0.21674771211253233
3,5,27,427,2,9.87,12,2.6,52.07,43.27,1,0.828239417520141
5,0,179,21,1,20.86,11,4.18,268.36,1.01,0,0.34816402036353344
3,7,294,254,2,14.59,15,1.6,287.77,17.41,0,0.5351609670224343
0,3,167,156,0,2.07,0,3.55,35.61,75.5,0,0.02466828384034688
4,7,37,315,2,0.0,5,0.48,63.08,999.0,0,0.48652316902232096
0,2,224,426,2,0.0,7,2.91,131.44,999.0,0,0.5298882518993063
1,3,128,7,1,0.0,3,5.98,234.6,999.0,0,0.18549767403294792
7,0,107,316,2,0.0,5,3.09,173.28,999.0,0,0.4084091759948031
5,6,164,413,2,24.11,13,4.56,39.76,17.13,0,0.5090076815710407
5,0,17,50,0,17.89,6,3.27,210.02,2.8,1,0.541860783254326
0,1,161,276,2,5.52,14,3.24,344.69,49.98,0,0.43591881271723987
7,7,318,280,2,0.0,9,5.28,588.33,999.0,0,0.6225589186015461
1,5,343,116,0,23.88,13,2.44,535.39,4.86,0,0.3689379849379496
5,4,57,465,2,0.0,13,5.51,260.72,999.0,0,0.5669802515900427
6,6,220,549,2,13.83,10,4.0,156.27,39.69,0,0.5348528840843958
6,3,255,508,2,10.64,11,3.71,46.42,47.75,0,0.5095247804182469
4,4,397,135,0,0.0,13,1.09,241.09,999.0,0,0.5066987329149644
4,1,270,401,2,2.42,5,3.29,155.54,165.88,0,0.29615080360680496
5,0,338,383,2,0.0,2,3.95,67.6,999.0,0,0.3179593417142921
3,5,221,116,0,20.38,0,0.98,313.92,5.69,0,0.027653411225110038
4,4,234,591,2,19.72,5,4.49,151.46,29.97,0,0.34447122742732084
1,7,391,389,2,1.9,5,5.29,220.82,204.35,0,0.3555542427371071
4,3,62,220,0,15.86,15,1.83,326.08,13.87,0,0.3268933866444097
4,0,232,199,0,0.0,13,0.63,302.52,999.0,0,0.4738341958968374
7,7,302,585,2,0.0,12,0.75,540.96,999.0,0,0.6489636197169999
4,2,169,127,0,0.0,10,1.56,201.67,999.0,0,0.4602033465187861
2,4,54,377,2,23.05,7,1.87,165.64,16.36,0,0.3420007299448258
6,1,344,462,2,1.2,8,3.64,88.04,385.36,0,0.42271247958429925
3,3,253,357,2,0.0,3,4.91,241.08,999.0,0,0.33747529954560607
6,1,195,305,2,24.84,15,1.37,295.6,12.28,0,0.5374684118972
4,0,371,90,0,0.0,15,3.04,29.05,999.0,0,0.39069198443320075
1,5,247,104,0,16.42,11,0.61,358.07,6.33,0,0.31743749915646047
5,5,273,193,0,0.0,12,3.29,574.3,999.0,0,0.4660399063004607
6,6,372,79,0,0.0,8,1.45,321.87,999.0,0,0.43218876135520645
6,4,272,143,0,0.0,6,3.91,33.45,999.0,0,0.33334168023241295
0,7,9,319,2,18.09,8,1.5,21.86,17.64,1,0.6486276284423447
0,6,344,2,1,0.0,1,3.07,506.41,999.0,0,0.15952898922333594
3,0,15,181,0,12.32,7,4.29,100.45,14.69,1,0.5938570574435399
2,2,106,508,2,5.55,10,0.36,502.07,91.54,0,0.47331686382892146
6,0,170,599,2,1.2,7,2.14,209.88,498.41,0,0.37090152451184855
6,5,134,210,0,1.31,6,5.77,346.73,160.24,0,0.2886351346878713
4,5,50,199,0,16.93,13,1.78,264.07,11.76,0,0.3660146755395931
0,0,313,575,2,15.55,5,2.8,531.84,36.97,0,0.35407883523189043
1,4,336,248,0,2.86,9,0.55,59.94,86.67,0,0.3499208004525637
1,3,223,375,2,0.0,5,4.19,556.04,999.0,0,0.4962263505099009
2,6,21,43,0,0.0,5,1.14,170.66,999.0,1,0.5532000114181073
7,3,276,326,2,23.09,11,5.26,346.13,14.12,0,0.4500668842991676
5,1,329,494,2,6.97,10,1.06,177.05,70.89,0,0.4834240088985148
5,6,188,322,2,2.55,13,1.21,129.12,126.11,0,0.4888543341229926
6,5,396,464,2,0.0,0,0.47,94.02,999.0,0,0.2597799002320331
3,7,183,215,0,16.03,5,0.44,186.6,13.42,0,0.21367177868950626
5,4,347,339,2,18.86,9,3.38,325.3,17.97,0,0.47344479718601723
6,3,288,130,0,9.05,9,1.29,381.49,14.36,0,0.2810751424475618
5,3,387,347,2,0.0,11,0.38,133.5,999.0,0,0.6930380806083865
6,6,11,442,2,0.0,8,2.82,578.24,999.0,1,0.823098934155271
5,6,54,17,1,0.0,1,4.8,495.17,999.0,0,0.12148018328503726
1,2,108,596,2,8.46,3,1.07,518.9,70.48,0,0.25610254287389983
3,2,98,156,0,13.89,3,1.57,93.41,11.23,0,0.08571290177936924
3,2,212,130,0,2.84,10,1.22,295.39,45.7,0,0.3303290730530042
0,4,165,127,0,20.87,15,3.26,275.54,6.09,0,0.3560538713634384
0,1,348,127,0,0.0,6,1.07,331.3,999.0,0,0.2843443560561763
2,6,98,345,2,8.88,13,3.66,43.56,38.84,0,0.45307052080386767
6,3,45,35,0,21.91,14,0.5,283.9,1.6,0,0.33123114025453537
1,5,151,348,2,8.46,15,2.62,471.35,41.12,0,0.5056003144809198
0,2,111,337,2,0.0,7,0.09,374.94,999.0,0,0.5644211583337245
6,1,308,382,2,0.31,15,5.63,594.9,1227.23,0,0.5183404009682832
3,1,292,126,0,22.17,14,1.64,88.27,5.68,0,0.31813791301538186
1,0,19,145,0,7.23,10,0.68,511.89,20.06,1,0.6220855595447115
6,3,232,215,0,0.0,5,5.28,39.87,999.0,0,0.3105633048193269
6,6,223,513,2,10.82,8,1.28,71.56,47.42,0,0.3853879168454822
1,0,365,414,2,0.0,9,4.2,166.77,999.0,0,0.5733989299000012
6,5,351,297,2,0.0,0,2.04,274.59,999.0,0,0.2379673442211871
0,3,349,56,0,0.0,14,1.98,260.32,999.0,0,0.4568669583684218
5,6,313,462,2,15.2,9,1.22,542.94,30.4,0,0.42060086366518723
4,4,394,341,2,0.0,5,2.07,524.5,999.0,0,0.5019751824869623
6,0,218,142,0,0.0,3,3.31,415.63,999.0,0,0.17173014138932274
1,5,64,309,2,18.63,0,2.15,54.56,16.59,0,0.15183892638766444
1,3,346,272,2,11.98,5,5.82,419.07,22.7,0,0.3790648665003548
6,4,37,187,0,4.29,9,2.71,205.76,43.55,0,0.29003293981193
3,2,147,348,2,5.3,0,5.08,93.37,65.7,0,0.11314009744244975
1,7,145,283,2,0.0,12,3.17,215.7,999.0,0,0.6250890754333832
7,6,258,181,0,0.0,3,0.99,197.86,999.0,0,0.3038230137804722
6,6,63,265,2,0.0,15,0.01,24.65,999.0,0,0.6810376908057367
7,0,311,445,2,16.85,3,4.99,418.05,26.41,0,0.28072980863816355
1,7,175,218,0,5.89,1,0.81,510.44,36.99,0,0.11697130113456614
3,7,307,485,2,0.04,1,1.85,395.36,11383.66,0,0.21812539419234678
7,5,282,471,2,4.5,6,2.8,305.56,104.63,0,0.3062575147908791
1,5,118,245,0,0.0,6,5.55,128.09,999.0,0,0.3961280672396414
6,4,228,257,2,0.0,6,5.54,156.82,999.0,0,0.5327563961449842
5,1,305,424,2,12.58,9,0.95,259.11,33.71,0,0.45199093143534635
1,5,155,217,0,0.0,6,3.85,398.82,999.0,0,0.31934179946013147
1,3,39,364,2,20.52,6,5.15,431.5,17.74,0,0.3538523596192652
1,3,206,313,2,0.0,10,0.5,558.11,999.0,0,0.6089458850100518
2,2,109,142,0,0.0,9,3.07,206.18,999.0,0,0.38043600591171023
7,3,365,261,2,14.9,11,5.84,284.52,17.51,0,0.49597372851363086
3,5,91,122,0,16.73,0,5.88,244.79,7.29,0,0.0
6,4,46,147,0,0.0,10,1.69,110.23,999.0,0,0.42135476319190196
7,3,5,463,2,0.0,3,2.4,102.21,999.0,1,0.682127330679537
3,4,293,117,0,0.0,11,0.75,570.16,999.0,0,0.47533559677245707
3,6,153,171,0,0.0,2,1.12,526.76,999.0,0,0.26766470719569313
4,5,146,207,0,9.69,15,3.67,271.43,21.37,0,0.36909377274433763
6,7,323,190,0,9.66,6,0.03,477.01,19.67,0,0.28376637600168264
3,3,68,499,2,0.0,3,4.98,20.68,999.0,0,0.40291777582466476
6,7,62,580,2,9.62,9,3.74,517.12,60.29,0,0.4402201372262498
4,7,182,432,2,23.77,1,4.78,335.94,18.17,0,0.21197930700947193
5,2,204,29,0,0.0,5,5.82,285.88,999.0,0,0.26760625008704664
6,1,158,86,0,18.83,12,0.42,562.67,4.57,0,0.387017167948092
3,2,375,345,2,23.83,1,5.47,312.71,14.48,0,0.2376226708457007
0,6,292,15,1,0.0,9,4.42,574.31,999.0,0,0.44640522632325963
1,1,95,50,0,0.0,0,4.99,396.99,999.0,0,0.17847447475882416
5,5,360,99,0,0.0,4,5.89,40.41,999.0,0,0.2162940210227677
3,0,105,248,0,0.0,7,1.35,333.75,999.0,0,0.39508952137175873
1,1,358,122,0,23.93,15,5.52,161.31,5.1,0,0.3888447564793268
7,2,225,564,2,24.78,14,5.65,496.54,22.76,0,0.45950367813542564
0,4,94,133,0,14.83,13,1.97,196.66,8.97,0,0.3723558529557749
6,5,236,277,2,4.95,4,4.92,241.63,55.97,0,0.2457503415728432
4,1,301,517,2,0.0,1,1.04,362.3,999.0,0,0.27149623053933797
3,0,389,4,1,0.0,6,3.51,599.81,999.0,0,0.3698114289797866
1,1,359,448,2,0.0,6,0.13,215.81,999.0,0,0.457081383658096
7,4,293,347,2,1.32,9,1.43,526.53,262.89,0,0.4709221216709777
2,0,73,532,2,7.02,3,4.78,257.43,75.74,0,0.28690076003470866
3,6,92,279,2,20.77,3,5.67,399.77,13.43,0,0.2573412170702014
2,3,260,106,0,0.0,10,2.9,405.54,999.0,0,0.39917495015650295
3,7,211,162,0,4.38,8,0.73,209.26,36.98,0,0.27989310910731885
3,5,43,441,2,5.86,2,5.96,88.8,75.3,0,0.20794458423916048
4,6,211,512,2,6.87,3,4.94,118.95,74.55,0,0.3152784261284212
0,1,398,60,0,0.0,10,3.13,518.28,999.0,0,0.49284543753335575
5,1,51,564,2,0.0,3,4.96,50.84,999.0,0,0.3602284188127354
0,2,98,379,2,6.25,12,3.06,315.94,60.64,0,0.43176951417092235
4,0,276,116,0,0.0,10,2.57,491.03,999.0,0,0.4378930999295521
6,6,26,146,0,11.32,5,2.78,539.75,12.89,1,0.47657008310198307
4,7,263,470,2,0.0,6,5.06,328.44,999.0,0,0.4588606002616708
7,0,179,90,0,0.32,15,1.4,20.97,285.18,0,0.3652503462625305
0,2,265,168,0,0.0,3,4.23,424.4,999.0,0,0.28663013301298745
2,4,323,94,0,20.78,7,0.13,460.94,4.52,0,0.2660778249207711
7,4,76,335,2,0.0,9,3.48,505.11,999.0,0,0.5198839950210428
0,1,303,462,2,0.0,7,1.66,24.19,999.0,0,0.48499838981389337
5,1,342,88,0,0.0,6,0.16,470.11,999.0,0,0.3987520405384337
1,7,3,396,2,0.0,12,4.11,253.12,999.0,1,0.918046139717966
6,4,354,551,2,0.0,0,5.59,322.88,999.0,0,0.24517740356707357
4,1,263,108,0,13.36,4,1.36,182.86,8.08,0,0.20561390768536297
0,5,190,450,2,3.55,15,4.54,119.26,126.6,0,0.5249056979022375
6,3,333,413,2,0.0,13,0.05,403.39,999.0,0,0.620874508038349
4,1,245,161,0,0.0,0,0.38,52.42,999.0,0,0.21121523038679973
6,6,125,448,2,3.35,6,5.05,317.89,133.56,0,0.3320228986680323
0,4,247,40,0,19.48,14,0.53,539.79,2.05,0,0.3278672890464487
6,5,199,354,2,9.6,3,4.08,203.01,36.87,0,0.25277074022852775
7,1,172,469,2,0.0,2,4.93,101.4,999.0,0,0.40646361180616825
0,1,268,18,1,0.0,11,3.42,304.51,999.0,0,0.460762080080792
2,6,94,370,2,18.04,4,2.07,264.2,20.51,0,0.2799327152028178
3,3,178,525,2,0.0,13,0.39,270.05,999.0,0,0.6654605627011243
3,0,130,209,0,0.0,5,3.56,527.05,999.0,0,0.3509103120827537
5,3,67,126,0,0.0,2,4.27,147.02,999.0,0,0.20395269913446878
3,0,290,14,1,0.0,7,2.94,491.68,999.0,0,0.3444442882639425
4,0,55,311,2,1.06,13,2.0,20.23,293.53,0,0.5500909972357263
7,7,20,47,0,0.0,4,4.09,287.35,999.0,1,0.5502236021431935
0,4,201,197,0,0.0,3,3.1,131.88,999.0,0,0.2486021275698918
4,3,195,136,0,10.21,2,2.48,132.43,13.31,0,0.14842973713136542
7,1,234,468,2,7.96,9,5.6,477.38,58.82,0,0.48067239754026847
1,5,140,553,2,15.81,2,4.03,173.57,34.97,0,0.2568188888474631
4,5,84,455,2,18.81,1,2.17,479.7,24.19,0,0.23855664024457152
7,5,174,41,0,0.0,8,1.77,497.38,999.0,0,0.3356416719646511
6,7,265,376,2,0.0,7,5.32,85.48,999.0,0,0.5232398794301464
7,0,225,285,2,0.0,9,5.25,32.73,999.0,0,0.546891195604041
4,3,283,178,0,0.0,9,0.1,246.44,999.0,0,0.4514390379984717
6,3,184,450,2,0.0,6,2.46,114.28,999.0,0,0.5318820694332433
3,0,257,584,2,0.29,10,4.66,199.73,2029.61,0,0.5286363203823663
4,3,390,182,0,0.0,10,1.78,368.76,999.0,0,0.4774552450346282
1,7,236,192,0,1.43,0,3.44,64.07,134.18,0,0.09444452856881322
4,6,229,429,2,0.0,11,0.71,456.37,999.0,0,0.587501805301969
5,6,374,166,0,7.96,4,0.41,587.99,20.85,0,0.20859580789118953
0,2,270,26,0,8.66,11,0.14,486.41,3.0,0,0.4162258486827057
4,4,38,352,2,10.66,7,0.25,546.38,33.02,0,0.4513452069389251
2,7,191,444,2,0.0,0,0.98,281.58,999.0,0,0.29557766885252257
2,3,289,22,1,8.01,0,0.71,151.56,2.75,0,0.03916620065596214
6,0,341,467,2,0.0,4,5.35,181.96,999.0,0,0.4756452427576526
3,2,117,476,2,22.28,11,2.52,296.0,21.37,0,0.5408809473553093
6,6,280,332,2,0.0,8,0.7,462.19,999.0,0,0.5586203486451795
2,6,333,575,2,0.0,15,2.65,296.23,999.0,0,0.6260283731835937
4,6,177,542,2,8.47,11,2.37,193.59,64.0,0,0.4405311436436137
2,4,71,459,2,14.2,12,3.23,93.92,32.33,0,0.5083016013654371
5,1,205,354,2,3.61,6,1.96,70.16,98.07,0,0.3580305009608355
6,3,133,69,0,6.84,15,2.65,278.07,10.08,0,0.33891058812518926
3,7,338,79,0,0.0,6,0.4,331.39,999.0,0,0.3881524451330084
2,7,250,582,2,0.0,13,4.0,313.2,999.0,0,0.6126321908860298
6,7,342,289,2,0.0,0,1.98,427.68,999.0,0,0.30976148142264803
5,7,274,303,2,0.0,2,2.43,171.88,999.0,0,0.34283574247103277
1,6,163,116,0,0.0,4,0.38,537.46,999.0,0,0.3039156426243536
3,2,322,513,2,16.04,1,3.19,501.89,31.98,0,0.1936202914663536
6,5,56,259,2,10.92,1,4.7,79.44,23.72,0,0.14368918353307003
5,3,315,424,2,0.0,10,2.22,522.9,999.0,0,0.5720772350320142
4,1,378,136,0,6.57,11,2.01,419.2,20.69,0,0.40222088015278795
5,7,288,463,2,0.0,10,0.69,334.94,999.0,0,0.5792101456942311
2,2,238,127,0,0.0,1,0.36,67.71,999.0,0,0.160995275778629
0,0,369,546,2,6.35,10,2.16,416.97,85.98,0,0.45959191646288006
3,2,287,184,0,0.0,6,0.76,404.21,999.0,0,0.41140511561434634
3,6,200,594,2,20.29,7,2.15,317.52,29.27,0,0.33519184987935907
4,6,308,528,2,20.32,6,0.83,588.69,25.98,0,0.363208451751437
5,4,388,342,2,10.67,3,5.4,129.94,32.04,0,0.21239985945087297
2,4,154,401,2,21.23,11,3.38,586.92,18.89,0,0.5171525365374429
0,6,205,28,0,14.34,6,5.84,493.5,1.95,0,0.17964532678298695
6,4,208,339,2,12.55,5,5.92,175.39,27.01,0,0.30606357281402347
3,1,73,542,2,0.0,1,3.48,120.2,999.0,0,0.29868582670620947
3,0,302,528,2,0.0,4,0.83,125.37,999.0,0,0.4550140969734185
5,1,71,519,2,0.0,12,3.06,38.59,999.0,0,0.584878648376659
1,6,343,339,2,0.0,15,0.05,464.51,999.0,0,0.6912692662211636
7,7,244,380,2,0.0,1,1.23,111.89,999.0,0,0.34904472729347197
0,7,124,293,2,19.0,9,1.44,267.17,15.42,0,0.5126158760099883
4,6,140,224,0,0.0,6,0.84,590.94,999.0,0,0.3536924698607513
5,4,125,457,2,17.88,7,0.33,226.2,25.56,0,0.40191247431404886
2,1,318,432,2,22.14,10,3.62,375.41,19.52,0,0.49546327276395474
2,4,106,95,0,0.0,4,2.13,588.66,999.0,0,0.3110469225359636
3,2,353,210,0,0.0,8,0.67,555.42,999.0,0,0.4515470005345061
7,0,340,422,2,0.0,14,2.99,379.47,999.0,0,0.6309585932467876
2,4,130,351,2,7.51,10,3.92,578.98,46.73,0,0.43832806864658314
3,1,192,425,2,20.01,6,0.7,44.07,21.24,0,0.3497099908677595
6,4,163,439,2,22.15,13,3.17,235.29,19.82,0,0.4556470802802553
1,0,294,14,1,4.81,11,3.02,296.21,2.91,0,0.3353615968141594
2,7,180,35,0,20.96,2,3.64,245.54,1.67,0,0.056110975185432954
0,2,121,562,2,0.0,0,2.93,272.13,999.0,0,0.2797018801573856
4,7,22,387,2,16.22,0,4.37,416.3,23.86,1,0.40404000481653213
6,4,113,245,0,0.0,6,3.49,477.16,999.0,0,0.30265947628600326
1,1,261,482,2,0.0,0,0.24,525.77,999.0,0,0.2818325230950093
0,5,121,134,0,0.0,7,3.46,228.43,999.0,0,0.4123066237863939
0,0,150,434,2,9.57,3,5.01,28.99,45.33,0,0.21705911995709704
7,2,135,476,2,0.0,3,5.43,131.04,999.0,0,0.3312776752029759
6,6,166,59,0,18.41,14,4.3,471.73,3.21,0,0.31193709683255355
3,1,218,20,1,5.97,1,0.92,197.12,3.35,0,0.10955477246299244
0,6,103,129,0,0.0,11,0.93,546.42,999.0,0,0.5027105811828869
6,4,399,321,2,10.78,12,3.22,239.76,29.77,0,0.4775859631060805
4,6,315,122,0,6.95,0,0.1,562.04,17.55,0,0.10608488262005392
1,3,390,454,2,6.58,8,2.93,76.62,69.03,0,0.4569511269402825
3,2,98,184,0,0.0,7,2.89,472.63,999.0,0,0.42242806085744594
2,3,369,240,0,0.0,3,2.05,88.79,999.0,0,0.24525738698679422
5,7,276,431,2,24.97,2,0.25,397.86,17.26,0,0.2081367667517401
5,1,63,542,2,0.0,8,3.0,456.25,999.0,0,0.5607778882520615
3,4,261,591,2,0.0,4,2.37,361.53,999.0,0,0.4390117614766166
3,1,164,355,2,0.0,0,3.02,234.91,999.0,0,0.32267885834437604
7,5,51,217,0,0.0,4,5.63,304.9,999.0,0,0.29783570165216466
4,4,132,397,2,13.4,0,0.63,134.86,29.63,0,0.18970420874868926
3,5,367,305,2,21.32,5,3.7,113.29,14.31,0,0.31835377222882555
4,5,233,47,0,1.64,7,1.37,524.85,28.6,0,0.27333259907783397
1,0,217,370,2,0.0,11,1.77,440.08,999.0,0,0.6177966089425
1,2,243,591,2,0.0,4,5.27,115.72,999.0,0,0.4357628393296863
7,5,215,0,1,0.0,9,0.69,271.52,999.0,0,0.468691816548114
0,5,197,412,2,0.0,2,4.92,518.66,999.0,0,0.31642450882552714
2,1,362,17,1,24.68,13,1.83,229.41,0.69,0,0.3870668833590617
0,7,165,228,0,24.72,6,0.68,171.87,9.22,0,0.2786905096766929
2,6,297,96,0,12.9,3,3.96,205.46,7.44,0,0.11336319471490769
6,3,129,324,2,16.49,8,4.01,118.36,19.65,0,0.3694380192304087
2,5,397,351,2,0.0,1,0.07,483.86,999.0,0,0.3413607468650356
0,7,189,415,2,0.0,8,4.47,377.92,999.0,0,0.5722840371043181
0,5,120,297,2,0.0,2,5.36,503.6,999.0,0,0.40237110327460507
7,2,232,453,2,0.0,9,0.28,358.11,999.0,0,0.6289706932004467
3,2,257,80,0,0.0,12,3.97,69.9,999.0,0,0.5069041983703465
7,1,62,6,1,0.0,5,0.32,551.52,999.0,0,0.3618219935508715
6,1,256,318,2,7.98,3,2.84,375.74,39.83,0,0.26623643517970574
0,0,32,28,0,0.0,7,1.43,503.44,999.0,0,0.37646997145252015
2,1,142,560,2,14.72,0,0.48,441.45,38.05,0,0.2385433245241017
2,1,182,571,2,0.0,4,2.8,305.37,999.0,0,0.37567069363585137
4,3,331,459,2,17.77,10,2.26,320.27,25.83,0,0.5403656614497143
4,6,288,587,2,22.24,6,1.24,250.36,26.4,0,0.34139535941574395
7,4,250,45,0,0.0,9,3.09,450.44,999.0,0,0.4405153870451749
2,0,262,229,0,0.0,12,2.09,90.35,999.0,0,0.4664127032768951
6,1,70,386,2,0.0,12,4.38,352.96,999.0,0,0.6179834635904188
2,7,232,27,0,16.88,12,2.13,553.73,1.6,0,0.38495046224872426
6,5,306,460,2,11.06,14,2.94,299.79,41.6,0,0.5130239111173538
0,0,237,325,2,0.85,4,1.15,443.98,382.42,0,0.35164103925969603
3,3,290,244,0,6.98,2,5.56,436.96,34.98,0,0.08608043679483948
6,5,230,53,0,11.17,8,5.04,21.75,4.75,0,0.31521143569523513
5,2,42,470,2,0.0,4,0.4,146.36,999.0,0,0.4585723063664261
7,2,322,520,2,0.0,5,5.9,469.92,999.0,0,0.503091555079603
5,5,398,511,2,0.0,1,3.07,331.74,999.0,0,0.32178002740222694
0,7,307,596,2,0.0,13,0.76,417.29,999.0,0,0.6373320731874643
5,4,116,313,2,0.0,15,1.86,513.03,999.0,0,0.550366307173519
4,6,250,127,0,2.8,5,1.76,326.49,45.44,0,0.16794361307805145
6,3,132,206,0,0.0,8,0.63,561.42,999.0,0,0.4366881802029913
6,7,92,272,2,0.27,5,3.36,305.64,1004.05,0,0.3000044410440993
3,2,52,381,2,21.86,13,2.69,56.55,17.43,0,0.5338928472575813
1,7,61,475,2,2.78,10,4.29,351.92,170.86,0,0.5018297363746442
0,7,41,528,2,0.0,4,1.03,160.53,999.0,0,0.47708555497698907
6,0,161,35,0,4.77,12,0.65,555.62,7.34,0,0.3146292380132619
3,4,47,494,2,22.48,2,1.67,504.54,21.98,0,0.21545409050364578
4,5,44,187,0,0.0,10,2.19,63.5,999.0,0,0.505257583845554
4,1,179,420,2,0.0,6,2.29,154.96,999.0,0,0.4714482779934857
4,6,171,19,1,1.36,8,1.25,124.03,13.94,0,0.32242074821925754
0,1,291,89,0,0.0,12,1.56,31.41,999.0,0,0.43714002429063675
6,6,321,491,2,0.0,6,1.59,199.18,999.0,0,0.46306113864454973
4,4,281,443,2,0.0,10,1.3,552.08,999.0,0,0.6184888652121816
4,3,180,77,0,20.84,1,5.69,239.6,3.7,0,0.02703962421289703
2,4,327,413,2,0.0,4,5.51,69.76,999.0,0,0.36214461937477704
1,2,220,286,2,0.0,8,4.54,432.57,999.0,0,0.5739461320728168
1,2,332,17,1,0.0,12,5.15,158.7,999.0,0,0.47113693153964903
2,3,201,130,0,0.0,4,5.23,268.53,999.0,0,0.25675169880401016
1,1,356,172,0,0.0,4,3.07,451.51,999.0,0,0.3107507190810841
0,0,219,177,0,0.0,6,5.47,595.83,999.0,0,0.35671155807670507
4,5,60,424,2,0.0,15,2.7,90.96,999.0,0,0.6358359550593087
6,0,252,87,0,0.0,4,1.42,568.64,999.0,0,0.2823790522154608
1,3,375,214,0,0.0,11,1.48,270.43,999.0,0,0.49542184003089984
7,2,368,318,2,0.0,8,4.31,598.45,999.0,0,0.5690468300235653
4,1,137,457,2,0.0,13,3.3,328.48,999.0,0,0.6231870265647111
2,1,275,131,0,7.26,5,4.88,76.12,18.05,0,0.15335092220490695
2,7,3,217,0,13.08,14,5.27,102.08,16.59,1,0.6559967334530166
3,2,71,258,2,3.97,6,2.72,525.01,65.02,0,0.3890048319233999
6,1,82,348,2,6.28,10,6.0,561.64,55.38,0,0.5233426006005466
4,7,178,7,1,6.94,9,4.18,276.81,1.01,0,0.2954623151554137
4,4,40,3,1,8.6,1,2.32,206.61,0.35,0,0.09267933948319534
3,2,297,252,2,15.8,9,5.01,404.4,15.95,0,0.48857511946434173
4,5,61,590,2,23.76,10,5.51,457.03,24.83,0,0.5082510391152202
7,7,163,270,2,0.0,10,4.01,36.0,999.0,0,0.6013523314209438
2,5,366,0,1,2.59,5,1.12,194.44,0.0,0,0.20912538126058366
7,7,64,265,2,15.32,15,0.99,320.44,17.3,0,0.5005323616293954
2,6,60,356,2,0.0,0,1.94,266.49,999.0,0,0.24602110152972387
0,0,261,179,0,0.53,0,3.56,318.36,335.67,0,0.01189397201333662
0,2,183,181,0,0.0,8,4.6,133.41,999.0,0,0.38746049411183847
4,7,290,83,0,0.0,15,5.19,357.01,999.0,0,0.4604975874834114
0,2,162,88,0,0.0,5,2.88,345.63,999.0,0,0.32575579625623713
5,7,293,584,2,0.0,10,4.73,420.95,999.0,0,0.638703425229304
4,3,87,441,2,0.0,5,5.04,193.8,999.0,0,0.4561139774362211
7,7,329,32,0,0.31,3,2.94,476.44,102.0,0,0.07190676328203063
6,5,76,300,2,9.53,5,5.73,48.99,31.48,0,0.30918777655100804
5,1,400,191,0,3.51,12,5.77,32.49,54.46,0,0.3587045627087775
7,4,296,287,2,0.0,14,0.66,595.6,999.0,0,0.6713721635781681
3,6,152,512,2,0.0,15,0.75,219.47,999.0,0,0.6405793268155706
0,1,75,323,2,15.05,8,3.13,138.18,21.45,0,0.45720880743496845
2,7,277,436,2,0.0,10,1.87,564.94,999.0,0,0.6288598613682879
2,5,345,331,2,0.0,9,2.64,524.33,999.0,0,0.5776018708213686
0,7,46,85,0,0.0,7,2.2,146.99,999.0,0,0.3917720834816451
5,2,59,481,2,4.49,0,5.75,456.91,107.16,0,0.12039883885340662
5,6,216,253,2,0.0,8,4.0,334.34,999.0,0,0.4927765316743103
1,1,176,311,2,0.0,3,5.06,424.16,999.0,0,0.4171817102136237
5,4,306,117,0,15.6,10,4.03,214.77,7.5,0,0.347103406672438
3,6,335,399,2,0.0,8,1.34,146.44,999.0,0,0.5400661247682028
4,0,392,0,1,0.0,3,4.95,22.78,999.0,0,0.21518308220626398
2,2,141,277,2,5.88,11,4.64,579.89,47.11,0,0.498226938387484
5,1,342,526,2,0.0,15,3.0,405.07,999.0,0,0.6530456042221849
1,7,307,115,0,0.0,12,3.47,543.74,999.0,0,0.3948961990110626
3,4,188,262,2,0.0,0,5.85,184.51,999.0,0,0.2627353999460401
0,1,18,5,1,10.41,12,3.68,74.16,0.48,1,0.6342940277172798
3,3,98,87,0,0.0,12,4.8,187.08,999.0,0,0.48147024385527293
3,0,229,355,2,0.0,13,1.67,319.22,999.0,0,0.5572219956298259
7,1,30,589,2,2.61,11,0.59,486.61,225.33,0,0.5656265103436001
2,0,277,391,2,8.2,9,3.48,225.24,47.66,0,0.4408844663913219
3,3,44,537,2,9.11,12,4.4,212.71,58.96,0,0.536126411168009
3,4,237,522,2,0.0,13,3.1,318.1,999.0,0,0.5649053528969515
7,6,361,244,0,0.0,14,0.24,492.97,999.0,0,0.44318941822723057
1,7,379,433,2,0.0,10,2.01,328.03,999.0,0,0.563676723317676
1,2,378,450,2,0.0,11,5.11,336.4,999.0,0,0.6039813411213342
4,4,65,269,2,9.73,0,0.37,524.49,27.66,0,0.2484702083149736
5,7,211,323,2,0.0,10,1.54,527.22,999.0,0,0.6154075804066615
7,5,45,400,2,0.0,2,5.92,402.37,999.0,0,0.32575602796201547
0,5,156,307,2,7.78,5,3.89,555.7,39.45,0,0.28736083372973376
1,6,179,252,2,13.79,6,4.76,586.17,18.27,0,0.3972513431697932
0,7,207,399,2,18.58,11,4.21,511.17,21.48,0,0.50731170770303
2,0,124,106,0,20.94,15,3.54,306.42,5.06,0,0.3385258468279841
5,1,53,134,0,0.0,15,2.63,155.59,999.0,0,0.41684859603103686
0,6,377,523,2,0.0,4,5.95,286.52,999.0,0,0.4496820863870632
6,6,88,211,0,0.0,11,1.08,263.32,999.0,0,0.42018397700289994
7,2,214,351,2,0.0,6,0.76,582.52,999.0,0,0.4433089107906644
5,4,70,463,2,0.0,2,4.03,592.76,999.0,0,0.3950004182614449
2,3,104,135,0,0.0,1,1.0,520.1,999.0,0,0.18423044893816062
0,4,371,408,2,11.78,0,4.69,74.46,34.65,0,0.22089129487069975
5,3,120,115,0,19.0,12,1.77,314.11,6.05,0,0.32884954886150364
6,2,379,568,2,22.04,6,4.12,470.46,25.77,0,0.3330367958631454
3,3,194,294,2,0.0,11,0.9,428.12,999.0,0,0.6661215146892703
6,4,187,533,2,0.0,12,2.3,396.69,999.0,0,0.5751087019312292
0,3,68,164,0,0.0,14,0.02,316.9,999.0,0,0.5535712791699969
1,5,173,501,2,0.0,4,5.69,456.98,999.0,0,0.3700516328618473
1,3,355,199,0,0.0,15,3.45,61.98,999.0,0,0.5181845861412104
4,5,323,374,2,22.07,12,5.57,458.02,16.95,0,0.4752181415115678
5,3,211,462,2,0.0,15,0.74,99.08,999.0,0,0.587896719699031
5,7,355,274,2,3.05,10,2.28,588.1,89.73,0,0.5272221907544206
2,3,3,48,0,0.0,9,5.87,94.86,999.0,1,0.7541490013834589
7,1,207,394,2,0.0,6,4.42,514.47,999.0,0,0.5052548016508768
1,7,321,163,0,0.0,2,1.9,575.97,999.0,0,0.22763293632420162
7,0,316,592,2,0.0,13,4.87,268.8,999.0,0,0.5807996703317907
0,1,373,95,0,0.0,2,0.24,43.27,999.0,0,0.2685815786354018
0,4,201,36,0,1.2,5,3.89,47.15,29.97,0,0.2002481898728693
6,6,274,410,2,0.0,0,1.2,508.28,999.0,0,0.27299806554069483
7,2,70,470,2,0.0,5,4.43,24.73,999.0,0,0.43086420159569694
3,2,158,274,2,0.0,15,4.64,257.34,999.0,0,0.6480524114296808
6,5,237,484,2,19.86,9,1.28,224.45,24.37,0,0.46953467889574535
2,1,132,433,2,0.0,5,5.24,467.3,999.0,0,0.431099871114253
3,4,233,267,2,0.0,2,2.44,441.7,999.0,0,0.3258437618127825
7,1,286,161,0,0.0,8,4.07,387.93,999.0,0,0.4417985150422824
4,7,342,309,2,13.4,12,4.67,478.82,23.07,0,0.5182268455419444
4,5,42,268,2,4.43,14,0.84,450.9,60.52,0,0.44745973469207684
2,6,368,56,0,0.0,6,4.74,69.48,999.0,0,0.2901168299050898
2,7,207,288,2,0.0,4,1.27,368.63,999.0,0,0.39670845430844903
5,2,172,584,2,0.0,14,1.04,579.03,999.0,0,0.6488921070813454
7,7,327,222,0,1.51,0,1.45,374.69,147.33,0,0.07697964776801208
4,6,287,404,2,4.02,10,5.81,569.7,100.44,0,0.4975798852286511
1,3,282,161,0,0.0,6,5.3,439.55,999.0,0,0.28357864490963114
3,4,273,329,2,8.49,1,2.35,89.0,38.74,0,0.15327081455411326
1,4,213,136,0,11.52,12,4.62,388.07,11.81,0,0.3093247813624727
7,6,83,473,2,0.0,9,1.38,313.13,999.0,0,0.5327752800211695
4,4,186,419,2,21.71,2,4.26,518.28,19.3,0,0.24513235616910906
7,5,105,35,0,1.74,12,4.5,161.58,20.09,0,0.32139316378961114
5,4,171,3,1,0.0,4,0.44,377.9,999.0,0,0.30279371099297536
4,1,105,80,0,0.0,11,5.26,162.13,999.0,0,0.45644095084720426
3,0,290,155,0,0.0,4,4.27,115.65,999.0,0,0.3325402007604215
4,1,256,436,2,10.19,1,4.92,551.29,42.79,0,0.22356283474313393
3,2,283,168,0,9.45,14,1.74,416.53,17.77,0,0.2922068068381248
0,7,250,226,0,8.19,13,1.11,406.12,27.58,0,0.36172291041914056
0,1,73,92,0,5.43,6,0.31,113.84,16.93,0,0.2161784733678274
3,6,374,264,2,0.0,14,0.37,295.83,999.0,0,0.6146226654022924
6,4,149,23,1,0.0,8,3.09,126.42,999.0,0,0.3348849761660952
4,5,387,505,2,4.51,11,1.92,151.72,111.88,0,0.44209903573690285
5,5,163,0,1,3.85,11,0.08,580.86,0.0,0,0.4246690674155382
6,0,237,162,0,3.72,6,5.77,356.38,43.55,0,0.2571981208284163
6,6,259,592,2,0.0,0,2.4,413.48,999.0,0,0.34287174502205076
2,5,146,319,2,0.0,10,1.05,142.56,999.0,0,0.669497313283605
1,4,392,97,0,0.0,14,0.11,390.03,999.0,0,0.4853054493587023
4,2,15,46,0,21.87,1,1.1,379.91,2.1,1,0.37846802793722933
0,7,292,232,0,15.05,15,4.41,317.31,15.41,0,0.2999975684706715
4,5,300,102,0,0.0,11,5.19,118.98,999.0,0,0.48890884396068457
7,4,325,45,0,7.71,15,5.81,170.96,5.84,0,0.3715860064437085
7,7,296,357,2,0.0,10,4.19,252.34,999.0,0,0.6206540425092771
2,2,303,117,0,0.0,14,3.79,357.75,999.0,0,0.46542637830650757
6,4,346,14,1,7.7,12,4.14,153.26,1.82,0,0.383683690985817
4,7,397,102,0,7.62,5,4.6,536.26,13.39,0,0.16623745126001815
7,6,252,467,2,6.95,10,1.45,277.87,67.15,0,0.5401162505818513
6,7,285,351,2,0.0,14,0.61,192.0,999.0,0,0.6133292633106477
1,1,208,530,2,9.23,4,1.86,545.22,57.44,0,0.25212029036606326
7,4,252,560,2,4.1,7,1.64,448.98,136.64,0,0.35479455702720314
1,0,63,83,0,0.0,3,4.71,351.54,999.0,0,0.2587769411214763
4,1,28,86,0,0.0,1,4.84,395.23,999.0,1,0.47946954021349925
7,4,359,573,2,2.33,15,3.41,75.96,245.81,0,0.5005650048284186
4,2,97,512,2,0.0,5,1.55,486.13,999.0,0,0.45468294842908963
4,7,384,8,1,0.0,15,0.26,124.66,999.0,0,0.4817199487755562
5,7,138,197,0,10.24,5,1.98,123.51,19.23,0,0.1671508011331657
7,0,89,395,2,0.0,10,4.94,403.74,999.0,0,0.5978181473067617
6,2,1,495,2,0.0,14,0.89,474.55,999.0,1,0.9270657777539575
1,7,14,520,2,0.0,6,4.97,195.49,999.0,1,0.7899465752333179
5,3,299,450,2,0.0,5,3.42,399.41,999.0,0,0.4725845326791375
5,6,359,513,2,0.0,9,1.67,561.35,999.0,0,0.536436262414517
3,6,355,135,0,16.48,9,0.65,527.72,8.19,0,0.3776903734719923
7,0,136,293,2,0.0,11,1.41,304.52,999.0,0,0.6226711927354973
6,0,389,441,2,0.0,7,4.1,105.0,999.0,0,0.5689604374316342
0,0,350,176,0,0.0,13,3.83,443.83,999.0,0,0.4762721912314771
4,6,161,321,2,0.0,4,1.09,118.62,999.0,0,0.3733340052193597
1,6,320,21,1,5.12,6,4.64,544.97,4.1,0,0.2480271709229582
2,3,86,506,2,3.59,8,0.83,61.41,140.91,0,0.4651503739462033
6,0,265,219,0,0.0,8,4.54,358.78,999.0,0,0.41738412499817557
2,2,110,196,0,3.17,13,4.53,592.17,61.78,0,0.3043353804365264
7,1,24,520,2,17.68,6,0.88,551.17,29.41,1,0.6001015581189231
3,7,386,325,2,0.0,2,4.67,219.95,999.0,0,0.3368620324958032
4,4,229,134,0,0.0,1,5.24,594.51,999.0,0,0.21097597307899368
7,4,396,260,2,0.0,10,3.68,518.97,999.0,0,0.574076810805657
3,7,130,527,2,21.49,1,3.15,474.31,24.52,0,0.1945536815880322
4,3,75,51,0,0.0,12,3.95,501.82,999.0,0,0.4838193668878698
3,0,328,465,2,12.19,12,2.9,230.79,38.15,0,0.4909301278195342
7,7,48,324,2,0.0,7,1.4,597.58,999.0,0,0.5141847874032305
7,0,95,252,2,13.35,1,1.96,364.6,18.87,0,0.17673338873300926
7,6,391,107,0,0.0,14,5.63,533.97,999.0,0,0.40437587692146504
0,7,311,410,2,0.0,11,0.95,172.07,999.0,0,0.5679543102692766
7,5,219,118,0,0.0,14,0.91,65.74,999.0,0,0.49583591248229897
0,1,58,456,2,8.03,10,4.16,283.71,56.79,0,0.5346998244174891
7,3,189,114,0,1.08,14,4.29,522.57,105.71,0,0.32125061901657515
0,7,64,408,2,12.21,1,1.41,489.85,33.43,0,0.25924912222000956
2,3,346,1,1,0.0,6,1.35,89.98,999.0,0,0.3260129311202312
1,5,362,320,2,0.0,6,3.7,132.59,999.0,0,0.5152756681801348
3,0,98,378,2,0.0,7,2.65,147.63,999.0,0,0.4721209200009965
5,0,397,277,2,0.0,15,4.21,347.79,999.0,0,0.668676853388035
7,3,71,181,0,0.0,15,3.15,380.72,999.0,0,0.4271900262598978
3,6,108,591,2,0.0,13,1.07,180.33,999.0,0,0.601464229968623
7,6,101,41,0,0.0,12,3.47,549.72,999.0,0,0.48054720305571186
6,7,21,478,2,16.23,8,1.64,178.97,29.46,1,0.6537109746217733
5,1,22,108,0,0.0,14,4.67,121.67,999.0,1,0.7101087575148337
7,3,8,104,0,0.0,15,0.81,311.83,999.0,1,0.6985126461202048
3,0,68,165,0,16.02,5,2.91,545.67,10.3,0,0.17467982663950182
1,5,87,498,2,0.0,7,0.41,89.93,999.0,0,0.5093989218095335
4,1,373,395,2,0.0,5,2.51,274.69,999.0,0,0.43384713631387756
7,2,239,451,2,11.65,13,0.16,129.44,38.7,0,0.5746064015592298
6,5,327,450,2,0.0,12,4.75,154.71,999.0,0,0.632880072277845
6,7,49,437,2,17.38,5,3.69,347.65,25.15,0,0.3615938754357433
7,3,200,19,1,0.0,2,0.51,27.45,999.0,0,0.15734116362149222
7,3,60,530,2,0.0,13,1.22,390.83,999.0,0,0.5584837722064571
7,0,107,187,0,0.0,2,3.75,153.91,999.0,0,0.23488655842848588
2,7,133,298,2,21.84,11,4.36,184.48,13.64,0,0.46398371688620654
7,2,228,531,2,0.0,9,1.7,274.03,999.0,0,0.5992138224204474
7,1,234,319,2,0.59,12,2.7,467.01,537.74,0,0.5394834711499653
2,0,349,384,2,3.02,13,3.66,328.49,127.36,0,0.4498360525289818
7,6,44,574,2,0.0,0,3.27,320.32,999.0,0,0.32257247760333024
0,1,91,512,2,0.0,2,5.66,541.0,999.0,0,0.3200710799539697
1,5,223,489,2,0.0,12,1.03,431.44,999.0,0,0.6407130946255545
1,3,99,324,2,10.48,9,1.38,410.02,30.91,0,0.49370534069041355
2,4,15,101,0,21.67,4,0.35,173.92,4.66,1,0.42633521213559156
1,2,257,120,0,3.84,12,3.95,270.01,31.27,0,0.3858374682018
7,3,14,197,0,24.29,5,3.58,174.56,8.11,1,0.48380384350663486
3,7,180,82,0,5.33,8,3.18,195.78,15.39,0,0.3043607793763659
6,7,289,102,0,13.92,2,3.74,21.66,7.33,0,0.12060815535266839
4,6,180,255,2,19.73,2,5.44,172.18,12.92,0,0.21878520149242367
6,4,386,355,2,0.0,8,0.33,529.86,999.0,0,0.5185593608297037
7,5,90,561,2,11.32,5,0.84,579.96,49.56,0,0.3173554385409922
5,0,66,178,0,0.0,3,3.97,533.96,999.0,0,0.2081580111611813
7,2,191,275,2,22.01,10,3.75,163.42,12.5,0,0.43160313080513446
5,2,170,257,2,19.54,14,0.89,378.87,13.15,0,0.48736512201267096
7,3,289,11,1,24.0,2,2.44,335.21,0.46,0,0.08207945527989807
2,6,387,494,2,15.54,0,3.65,355.44,31.79,0,0.21280358102263552
0,7,107,477,2,0.0,3,3.0,179.05,999.0,0,0.32780190910473894
6,1,147,364,2,0.0,5,3.57,549.46,999.0,0,0.4633737340826393
6,5,10,332,2,18.69,9,0.43,390.74,17.77,1,0.7694499913613313
2,3,168,411,2,0.0,4,5.02,155.78,999.0,0,0.4007813338362984
1,1,340,499,2,19.33,6,2.49,160.74,25.81,0,0.3668388299959311
0,5,276,259,2,0.0,15,0.04,568.47,999.0,0,0.6901585930055054
3,5,344,107,0,0.0,2,2.63,264.81,999.0,0,0.23834972530492876
0,4,168,406,2,0.0,8,2.68,363.17,999.0,0,0.533648309562196
2,6,172,51,0,13.19,11,5.98,313.27,3.87,0,0.32840350853906763
7,7,276,523,2,20.98,13,3.09,45.02,24.93,0,0.4785593971580538
1,1,295,562,2,23.94,9,3.86,429.01,23.47,0,0.42129690825154487
2,1,244,463,2,24.85,9,1.91,185.4,18.63,0,0.45524146061271553
7,0,204,40,0,13.02,10,3.31,314.36,3.07,0,0.3128974875617581
5,6,146,237,0,23.22,11,1.85,584.99,10.21,0,0.29851173435988104
5,6,187,153,0,0.0,2,5.58,219.68,999.0,0,0.2672842707501569
6,2,200,410,2,0.0,1,4.93,92.96,999.0,0,0.3804507389138076
2,0,24,571,2,8.14,7,4.9,264.97,70.12,1,0.7054031563134703
4,6,21,409,2,24.39,9,3.38,136.56,16.77,1,0.6972788263309784
7,5,169,551,2,0.0,7,1.36,71.56,999.0,0,0.5237732957443567
2,5,147,523,2,0.0,5,4.47,565.68,999.0,0,0.4868187282030091
6,6,165,212,0,6.47,2,0.21,32.34,32.78,0,0.08380719301950089
1,0,21,20,1,0.0,13,2.4,512.47,999.0,1,0.7259793074971973
0,6,132,315,2,0.0,12,5.84,103.31,999.0,0,0.6093017849577509
7,6,177,3,1,3.69,5,2.13,459.63,0.81,0,0.14849558722953066
1,5,104,377,2,5.07,5,5.86,62.36,74.37,0,0.3410810722088786
6,6,60,384,2,0.0,6,1.28,34.43,999.0,0,0.5204206232449532
0,7,350,45,0,2.89,9,1.85,31.44,15.57,0,0.2845258744025396
6,4,295,119,0,12.18,0,2.73,460.25,9.77,0,0.08026564318138994
1,2,105,227,0,2.88,7,1.64,309.23,78.75,0,0.21476801458274392
7,4,37,30,0,0.0,14,2.09,192.94,999.0,0,0.4355722808362814
6,6,271,591,2,0.0,14,4.04,529.29,999.0,0,0.6643949401209761
2,7,271,402,2,0.8,13,1.29,228.71,500.38,0,0.5605769744716279
0,1,73,67,0,0.0,8,5.55,363.41,999.0,0,0.3967650452983518
2,5,98,344,2,0.0,0,0.5,351.97,999.0,0,0.2936197907246149
7,0,173,296,2,24.27,3,1.56,105.73,12.2,0,0.31757317436067806
0,2,20,209,0,12.61,0,3.79,62.24,16.57,1,0.3504792974106067
6,0,148,134,0,0.0,0,0.2,256.2,999.0,0,0.16008255812777503
7,5,74,82,0,0.0,9,3.31,201.96,999.0,0,0.3790358440998646
5,6,361,529,2,0.0,5,0.99,51.99,999.0,0,0.47986887491526625
5,4,146,96,0,0.0,11,5.78,242.0,999.0,0,0.4157773631220081
2,3,358,421,2,0.0,14,5.94,503.26,999.0,0,0.5801422721262588
7,2,367,246,0,0.0,10,0.5,528.38,999.0,0,0.5064521600733788
0,4,238,494,2,0.58,6,4.19,418.52,851.58,0,0.3755993493116525
2,7,128,174,0,0.0,5,2.76,443.28,999.0,0,0.27591907402143034
3,2,357,404,2,0.0,4,2.02,266.86,999.0,0,0.4521219251229613
4,3,234,241,0,0.0,7,5.14,61.36,999.0,0,0.4214934342046529
6,4,218,494,2,0.0,7,3.18,480.49,999.0,0,0.5713424452484193
4,1,278,322,2,0.0,6,3.51,80.97,999.0,0,0.4272339158780028
1,0,142,276,2,0.0,11,4.58,358.67,999.0,0,0.5564086375990087
3,4,22,593,2,0.0,1,4.37,555.39,999.0,1,0.6472576440186721
6,4,342,539,2,9.81,9,0.93,223.9,54.96,0,0.5026247283865852
7,6,268,360,2,11.69,13,5.05,533.94,30.8,0,0.46740615752538917
2,2,254,505,2,0.0,6,0.88,228.54,999.0,0,0.5118158399466035
7,4,313,286,2,0.0,5,0.54,243.52,999.0,0,0.48193203787104444
5,2,98,521,2,19.8,14,0.45,186.89,26.31,0,0.5414344802293106
3,5,234,510,2,0.0,3,1.06,49.42,999.0,0,0.39675063012127654
6,3,193,150,0,0.0,15,2.03,223.7,999.0,0,0.4161710855942894
7,3,324,304,2,22.82,13,1.31,526.5,13.32,0,0.5160486197063031
6,5,275,364,2,12.73,13,5.95,194.01,28.59,0,0.5272749220992115
6,1,177,567,2,0.0,0,3.84,433.22,999.0,0,0.32038420454583577
5,1,138,319,2,0.0,6,2.45,291.13,999.0,0,0.4357351154900148
0,7,161,24,1,0.0,3,5.58,221.34,999.0,0,0.2586692927060012
5,1,23,505,2,0.0,12,4.77,371.35,999.0,1,0.8757356770803657
1,1,191,568,2,0.0,2,2.93,445.71,999.0,0,0.3466056037848033
2,7,5,81,0,18.23,6,3.85,226.55,4.44,1,0.4907149767595646
4,2,31,399,2,0.0,3,2.42,465.58,999.0,0,0.3837751652158451
0,5,137,252,2,0.0,12,5.26,476.6,999.0,0,0.6381329687877961
1,4,364,458,2,0.0,4,4.0,120.41,999.0,0,0.4427529430139366
0,7,127,129,0,8.5,11,3.74,101.25,15.17,0,0.4025996495910962
3,0,104,306,2,0.0,10,2.46,165.74,999.0,0,0.6459651668706665
1,7,71,80,0,18.43,12,1.26,491.55,4.34,0,0.38485431200665826
6,7,9,68,0,14.16,6,2.1,415.9,4.8,1,0.4781091940898275
4,5,318,194,0,0.0,7,5.83,106.2,999.0,0,0.3490764988977434
7,0,296,594,2,12.49,3,1.42,397.75,47.56,0,0.3021568498802509
5,4,355,6,1,11.24,8,4.51,300.02,0.53,0,0.30397170837810195
6,2,323,276,2,0.0,6,0.53,529.06,999.0,0,0.5494010247088523
3,4,284,8,1,0.0,0,4.91,275.57,999.0,0,0.13383708404023936
4,5,342,530,2,6.93,1,1.06,113.74,76.53,0,0.22837279374909408
6,0,67,98,0,0.0,13,4.55,527.05,999.0,0,0.40517949193931985
2,7,303,196,0,18.78,8,5.41,223.51,10.44,0,0.3386630793120773
0,6,226,500,2,0.0,2,4.4,24.51,999.0,0,0.3849834149180149
3,0,213,213,0,18.09,6,5.01,304.17,11.77,0,0.16432692868968132
4,2,170,455,2,21.88,8,1.11,152.86,20.79,0,0.48401506272402356
5,3,353,264,2,14.14,4,5.87,591.72,18.67,0,0.2883277929307827
3,2,83,340,2,0.0,10,0.16,575.13,999.0,0,0.6055300600041102
7,4,334,405,2,0.0,6,1.38,167.78,999.0,0,0.5269203411734255
3,7,5,347,2,13.2,15,4.37,101.42,26.29,1,0.7318911267417025
1,2,371,46,0,0.84,0,3.8,144.58,54.84,0,0.08647975827565395
2,0,97,231,0,16.95,6,3.32,236.3,13.63,0,0.2541796326429603
3,5,17,55,0,3.13,13,1.44,134.99,17.56,1,0.6153095737834292
4,3,209,346,2,12.69,2,3.63,298.19,27.26,0,0.2573676819876572
5,1,113,317,2,7.34,10,1.49,113.73,43.16,0,0.47678498104035916
7,3,252,322,2,0.0,6,0.53,395.45,999.0,0,0.5037436379048676
6,1,204,428,2,0.0,9,1.11,317.05,999.0,0,0.5221625207095334
1,1,174,265,2,18.29,5,1.77,480.32,14.49,0,0.32475666583093254
5,4,342,587,2,2.85,1,5.66,268.6,206.3,0,0.21915976053798103
7,6,181,97,0,24.43,15,4.11,485.61,3.97,0,0.3762737082900187
0,7,183,231,0,0.0,7,1.56,232.1,999.0,0,0.333711886484804
3,3,155,333,2,10.55,3,2.01,328.5,31.57,0,0.22458350876416544
3,0,305,306,2,0.0,10,3.41,279.53,999.0,0,0.6676560870464736
5,6,43,171,0,0.0,7,4.64,193.15,999.0,0,0.32571463577055254
6,7,297,393,2,0.0,4,2.23,115.7,999.0,0,0.43181540963136117
4,3,243,218,0,0.0,1,3.12,150.32,999.0,0,0.21326532381792357
1,6,353,527,2,10.55,8,4.67,279.85,49.98,0,0.48442742482140444
7,3,68,3,1,0.0,3,2.42,166.89,999.0,0,0.26645553962705226
2,6,386,510,2,0.0,14,4.12,433.83,999.0,0,0.5911400814905319
7,4,11,359,2,0.0,2,3.5,516.23,999.0,1,0.6442974274007072
4,5,337,124,0,21.16,9,1.01,66.34,5.86,0,0.2737242797093335
7,4,15,303,2,0.0,5,3.14,210.86,999.0,1,0.7711030443131737
3,7,16,573,2,0.0,11,2.72,180.13,999.0,1,0.9390415481513652
1,0,16,318,2,0.0,8,2.41,503.8,999.0,1,0.7804621025523102
2,5,133,583,2,14.37,5,2.4,525.7,40.56,0,0.2820259430876422
5,0,263,73,0,0.2,13,2.65,50.62,370.56,0,0.4014111551725766
2,5,352,459,2,0.0,10,1.67,46.72,999.0,0,0.6501396918779813
4,2,382,540,2,3.97,8,4.85,311.58,136.06,0,0.4242276735291518
1,6,145,530,2,17.35,2,5.94,66.68,30.55,0,0.20254324246798489
6,0,180,209,0,0.0,12,0.88,103.05,999.0,0,0.4549977960093641
6,4,365,214,0,0.0,7,5.08,592.11,999.0,0,0.40944160385519457
7,0,363,328,2,11.73,5,5.02,314.01,27.96,0,0.3296995324487783
5,4,258,504,2,0.0,13,1.53,88.36,999.0,0,0.5950414620995621
4,3,263,360,2,0.0,3,2.61,265.18,999.0,0,0.3666278433387571
6,7,226,539,2,0.0,4,1.84,281.3,999.0,0,0.39833068430323115
3,3,22,232,0,0.0,6,0.76,444.28,999.0,1,0.6015347136513854
6,1,324,380,2,18.03,4,5.2,507.01,21.07,0,0.326803230693284
6,3,231,537,2,0.0,14,0.48,62.21,999.0,0,0.6229031178837989
0,7,146,412,2,0.0,1,1.51,259.99,999.0,0,0.29829743098608463
6,5,223,399,2,5.53,6,2.34,585.7,72.19,0,0.36822647434530736
1,3,317,146,0,0.0,5,1.26,53.71,999.0,0,0.2640997376752511
2,1,30,236,0,0.0,0,1.81,331.52,999.0,0,0.1575377287907693
3,7,371,47,0,0.0,5,1.39,214.39,999.0,0,0.28368284955636947
3,7,323,482,2,17.71,0,0.48,368.2,27.22,0,0.20136500758717418
2,2,13,69,0,5.86,0,4.47,206.24,11.78,1,0.3069159119269291
4,0,339,565,2,0.0,15,4.24,369.12,999.0,0,0.5593934401201047
1,3,310,159,0,0.0,13,3.48,454.21,999.0,0,0.484784882580824
2,6,288,229,0,0.0,0,4.29,146.5,999.0,0,0.11996911397166507
3,3,223,466,2,0.0,12,0.42,437.26,999.0,0,0.5806577521731001
7,6,40,295,2,22.13,2,5.44,437.62,13.33,0,0.23831239316554811
1,1,6,407,2,17.49,4,4.79,538.38,23.28,1,0.5874206343749659
2,3,33,502,2,18.58,6,3.87,105.37,27.02,0,0.3097102323532239
0,1,4,492,2,0.0,4,3.92,531.5,999.0,1,0.7187235451786819
7,4,380,450,2,0.0,2,3.75,461.46,999.0,0,0.32609557693328545
0,3,158,275,2,6.26,7,2.91,100.42,43.93,0,0.40577652009553256
4,1,254,513,2,8.29,15,4.49,45.13,61.89,0,0.4558173539493301
2,3,42,56,0,15.07,14,5.48,366.36,3.71,0,0.30124612511152127
4,3,379,455,2,0.0,7,5.82,542.16,999.0,0,0.4573778074409142
2,4,74,356,2,1.15,6,0.64,551.85,309.12,0,0.42797720358880337
6,4,145,67,0,23.65,14,4.73,503.68,2.83,0,0.40052064467072335
6,1,354,480,2,23.16,5,3.38,261.88,20.73,0,0.3568653942961454
0,4,88,600,2,0.0,1,5.7,419.34,999.0,0,0.3688769949453441
1,0,370,29,0,0.0,11,5.53,388.57,999.0,0,0.41539191131055486
6,5,50,118,0,0.0,10,5.38,205.59,999.0,0,0.408238573276029
0,0,159,426,2,23.54,8,2.51,33.95,18.1,0,0.4671676454929229
4,5,337,89,0,0.0,8,0.75,48.82,999.0,0,0.36975542867014866
3,0,269,450,2,13.97,10,5.57,244.19,32.21,0,0.44932766213900155
4,4,60,238,0,0.0,10,3.31,51.61,999.0,0,0.43100097925960573
1,0,111,491,2,0.0,0,0.85,498.72,999.0,0,0.27404967075463915
2,3,170,24,1,10.92,9,4.02,450.15,2.2,0,0.3578982576584332
5,7,28,520,2,0.0,5,3.05,248.03,999.0,1,0.6742858430122142
1,6,52,319,2,5.62,7,4.85,196.56,56.77,0,0.4431973880937412
2,4,178,322,2,11.32,13,3.76,439.57,28.46,0,0.45350260703820505
3,0,140,16,1,0.0,10,3.29,67.17,999.0,0,0.4041950980070125
5,3,176,3,1,21.37,4,3.61,229.19,0.14,0,0.19858927494470294
0,4,314,64,0,24.13,7,2.66,133.58,2.65,0,0.21964897245217355
2,3,357,543,2,9.53,10,2.42,339.82,57.0,0,0.534109385601595
0,2,71,9,1,0.0,11,1.14,429.88,999.0,0,0.48065508707994226
2,7,305,378,2,0.0,8,2.38,64.09,999.0,0,0.5086645335703551
5,1,131,445,2,0.0,1,0.69,173.91,999.0,0,0.36203315835573646
3,4,10,5,1,11.24,2,4.81,398.18,0.44,1,0.3897478526770244
1,0,288,225,0,19.39,7,1.85,371.99,11.61,0,0.26178503784276336
3,2,49,376,2,0.0,14,5.18,205.87,999.0,0,0.5622077064165294
5,2,280,384,2,0.0,5,1.53,33.35,999.0,0,0.49769758490417243
0,0,69,320,2,14.35,10,5.14,68.51,22.3,0,0.4573562345001022
0,0,95,148,0,14.02,0,5.86,327.7,10.56,0,0.028923223947264418
7,4,70,234,0,0.0,5,4.83,200.26,999.0,0,0.2632658022367644
4,2,273,522,2,7.42,7,5.64,431.49,70.31,0,0.43903933395635253
7,7,333,191,0,12.12,6,3.71,517.94,15.76,0,0.18008574647223166
5,5,42,375,2,18.52,0,4.74,491.49,20.25,0,0.21409575198537778
3,3,6,296,2,5.48,3,2.17,348.93,54.03,1,0.5961349555058914
2,6,265,481,2,0.0,7,4.04,545.79,999.0,0,0.47875234220450563
4,0,74,21,1,0.0,1,3.27,478.76,999.0,0,0.19754830223985337
3,1,36,118,0,0.0,15,2.07,585.12,999.0,0,0.44618319112442634
6,2,37,426,2,22.66,9,4.44,567.89,18.8,0,0.42611327869213156
0,5,110,308,2,23.16,10,5.35,32.21,13.3,0,0.4917733837495647
3,2,271,546,2,13.96,2,1.4,285.16,39.12,0,0.1842295469473763
5,0,252,231,0,0.0,15,0.73,240.89,999.0,0,0.4625532976341974
4,2,274,312,2,10.87,6,4.57,386.43,28.7,0,0.4110409524223532
7,2,27,214,0,0.0,6,3.15,463.3,999.0,1,0.6522517209590795
7,0,160,267,2,0.0,15,5.8,189.65,999.0,0,0.5691974419770424
5,5,282,331,2,15.43,11,3.36,49.18,21.46,0,0.4582755074392143
3,1,15,519,2,2.49,8,4.32,443.27,208.8,1,0.7441308057836699
1,4,121,528,2,0.0,15,1.35,388.75,999.0,0,0.6503908824323766
0,4,337,286,2,0.0,2,4.33,499.53,999.0,0,0.31130958607452125
0,6,77,73,0,18.06,3,1.39,223.64,4.04,0,0.11854026638490142
3,7,31,172,0,21.56,10,2.08,496.69,7.98,0,0.37275930916434963
3,4,323,562,2,2.99,3,5.13,395.03,187.86,0,0.2616021785539865
7,1,286,57,0,18.68,4,0.86,403.84,3.05,0,0.21495876135039904
3,6,213,369,2,3.42,3,3.83,81.67,108.04,0,0.20601268462464167
2,7,143,324,2,16.44,11,2.47,516.8,19.71,0,0.4997805818770205
2,5,10,499,2,0.0,7,2.85,419.98,999.0,1,0.7616664955158319
4,3,192,236,0,0.0,3,1.75,161.5,999.0,0,0.24588564139012603
0,5,272,211,0,20.14,5,4.63,533.31,10.47,0,0.24079602470040434
6,3,77,245,0,0.0,12,2.15,205.48,999.0,0,0.5296866388593616
4,7,136,298,2,15.08,12,2.94,208.93,19.76,0,0.4472474704081158
6,0,267,253,2,0.0,14,4.83,472.7,999.0,0,0.6241202857004186
3,4,314,400,2,0.0,11,1.31,432.22,999.0,0,0.6540567746781987
6,2,54,332,2,7.28,4,4.99,283.65,45.63,0,0.24772830053103384
2,6,377,489,2,0.0,13,0.39,73.51,999.0,0,0.6208165522868542
3,2,73,123,0,17.55,14,5.93,362.03,7.01,0,0.3873606387379782
4,4,250,490,2,0.0,8,2.05,537.28,999.0,0,0.602912389361038
7,6,302,467,2,14.96,4,2.76,107.21,31.23,0,0.3356048603116518
3,6,338,51,0,0.0,1,0.23,290.11,999.0,0,0.19640975693441162
2,3,363,221,0,0.0,15,3.0,457.77,999.0,0,0.4897183593755546
5,6,114,189,0,1.86,3,4.45,102.34,101.81,0,0.16312524381359245
7,7,113,336,2,0.0,1,2.12,417.63,999.0,0,0.3594993908144037
7,3,154,307,2,19.52,10,4.83,21.16,15.73,0,0.5044260289914849
7,4,234,167,0,14.64,3,2.33,258.72,11.41,0,0.08450152096842534
0,7,294,135,0,14.24,7,3.88,531.63,9.48,0,0.2818831136922393
7,7,219,236,0,15.59,7,5.18,94.29,15.14,0,0.22264193356307782
0,0,232,369,2,9.19,0,3.91,179.91,40.13,0,0.19512090998507914
3,0,51,67,0,0.0,4,0.03,591.64,999.0,0,0.31398637597087525
0,7,248,594,2,16.42,3,5.5,121.02,36.18,0,0.2557098613138918
1,6,219,267,2,0.0,0,0.79,555.32,999.0,0,0.241670819846593
2,2,348,308,2,7.35,13,0.5,424.0,41.88,0,0.48907525642004424
7,5,288,443,2,0.0,12,2.13,308.76,999.0,0,0.5562971940327051
3,3,101,584,2,4.39,0,3.74,432.88,133.06,0,0.13246910879707813
6,1,234,414,2,19.16,14,2.67,531.41,21.61,0,0.4500978622832056
3,5,291,566,2,0.0,14,0.15,491.25,999.0,0,0.6224327849042348
7,2,25,136,0,10.83,10,4.84,360.57,12.55,1,0.6195421041184471
4,7,57,513,2,0.0,13,2.46,45.24,999.0,0,0.5778763564345524
1,0,15,81,0,22.94,15,2.41,566.04,3.53,1,0.5755778030029352
2,2,8,25,0,0.0,13,1.85,95.83,999.0,1,0.7313950948417958
2,3,176,327,2,0.0,9,0.61,595.55,999.0,0,0.650270914619385
6,2,325,111,0,0.0,5,2.17,599.94,999.0,0,0.3076049272600357
0,4,55,81,0,22.1,10,1.57,112.38,3.67,0,0.37334487287385393
1,7,398,398,2,0.0,13,1.82,369.14,999.0,0,0.5888293332095001
2,6,76,523,2,23.19,11,4.06,304.81,22.55,0,0.4371262833194272
3,1,147,201,0,21.38,3,1.8,490.8,9.4,0,0.12722392460739845
5,4,232,40,0,0.0,13,3.59,442.89,999.0,0,0.45566017190842956
2,3,242,73,0,1.5,1,2.97,400.98,48.77,0,0.028828594201424737
6,4,218,553,2,0.0,12,4.26,541.64,999.0,0,0.6060436920953518
5,0,97,102,0,3.56,15,3.71,41.57,28.68,0,0.3129319849267319
7,5,39,519,2,17.36,6,4.38,165.99,29.9,0,0.3236612517743195
7,0,118,582,2,18.6,15,1.22,566.95,31.29,0,0.43038510698124716
0,4,47,262,2,0.0,5,3.92,542.52,999.0,0,0.4732226858298536
4,4,64,8,1,0.0,6,4.88,560.43,999.0,0,0.26602694782048136
6,5,280,384,2,0.0,7,1.56,301.79,999.0,0,0.4620360185642475
3,4,86,95,0,1.59,14,3.87,250.13,59.75,0,0.3277814342303418
7,3,87,324,2,2.11,3,2.0,263.46,153.21,0,0.2607676020227782
3,1,91,286,2,0.0,14,3.43,109.23,999.0,0,0.667744867033096
6,1,237,280,2,1.21,6,4.25,42.67,230.88,0,0.3618608239679377
6,4,64,459,2,0.0,8,0.33,347.68,999.0,0,0.6212365425601988
5,4,60,232,0,0.0,12,1.16,431.74,999.0,0,0.5195257662420323
1,5,29,564,2,0.0,4,3.68,137.24,999.0,1,0.7088555902406495
2,1,392,229,0,5.17,0,1.52,206.7,44.28,0,0.05401491079466321
3,6,9,508,2,4.11,6,0.21,100.92,123.63,1,0.6685255147523328
4,5,64,141,0,0.0,14,4.04,597.59,999.0,0,0.45443638598756103
5,5,278,392,2,0.0,3,2.28,527.45,999.0,0,0.4034442219239317
2,7,263,435,2,4.91,14,4.89,471.34,88.68,0,0.47338987593549847
6,1,69,542,2,21.01,11,5.58,474.91,25.8,0,0.4489519273187316
1,1,19,339,2,5.3,3,2.01,489.4,63.95,1,0.5426327679608236
5,7,387,107,0,0.0,3,5.98,500.99,999.0,0,0.23890951592988402
1,0,139,172,0,21.28,5,1.52,379.6,8.08,0,0.16834331127008972
5,4,182,44,0,20.15,10,1.57,320.24,2.18,0,0.33030842089708295
0,6,294,51,0,7.65,9,3.73,502.96,6.67,0,0.3619568092435036
4,4,1,405,2,0.97,1,3.43,232.16,417.79,1,0.47889676140112
5,2,54,579,2,0.0,5,5.49,481.2,999.0,0,0.44964544904078124
7,3,27,545,2,0.0,10,1.38,114.42,999.0,1,0.8995890574637742
3,3,199,476,2,11.22,4,3.39,355.4,42.42,0,0.2804102701849382
4,1,362,147,0,23.42,3,4.72,103.2,6.28,0,0.09244234650245929
3,2,360,366,2,13.0,0,1.82,65.81,28.15,0,0.13073625220616636
4,2,71,99,0,0.0,2,4.47,462.44,999.0,0,0.24444224350993604
4,4,159,526,2,0.0,4,4.06,458.76,999.0,0,0.4417764615474805
0,1,200,546,2,0.0,15,0.61,536.21,999.0,0,0.6236029516322084
7,3,8,342,2,23.5,12,0.06,130.37,14.55,1,0.8067118337257733
0,4,21,249,0,15.87,0,1.7,556.11,15.69,1,0.2623111812694708
1,7,285,350,2,0.0,9,1.2,60.22,999.0,0,0.5584539475124926
0,1,81,16,1,0.0,5,3.17,272.16,999.0,0,0.33460935898856276
6,7,225,353,2,9.59,6,2.3,139.65,36.83,0,0.4218351417339145
0,4,268,96,0,10.16,6,0.51,357.75,9.45,0,0.2509457242714229
0,7,18,68,0,18.9,3,5.57,292.38,3.6,1,0.46158655118064096
2,7,358,233,0,0.0,8,4.8,287.7,999.0,0,0.4396507897656097
1,4,354,397,2,7.0,0,3.05,320.01,56.68,0,0.1310902624467803
2,4,324,203,0,15.61,9,5.85,409.42,13.01,0,0.33933930607565427
7,3,77,255,2,12.3,5,3.63,396.57,20.73,0,0.2996345635329295
2,4,3,402,2,1.8,9,2.43,227.4,223.59,1,0.7686187338945835
2,7,130,379,2,0.67,13,3.71,406.44,561.69,0,0.470149787112197
1,6,378,596,2,2.37,7,3.77,322.95,251.56,0,0.4242379361426354
2,5,287,48,0,4.64,5,0.5,276.62,10.36,0,0.20703024527732342
0,4,376,304,2,0.0,8,0.65,104.95,999.0,0,0.5812224223368615
5,6,80,432,2,1.76,1,1.54,192.2,245.69,0,0.16519663871407392
0,7,83,312,2,11.58,12,5.83,25.93,26.95,0,0.5400735274168272
3,1,112,492,2,0.0,14,1.7,238.22,999.0,0,0.6451876459018374
3,7,242,493,2,0.0,9,4.63,122.22,999.0,0,0.5488314438183972
7,4,355,73,0,4.4,13,4.62,581.48,16.58,0,0.3027176834347485
2,6,55,163,0,6.99,14,3.66,368.18,23.32,0,0.3243882697749628
1,4,355,38,0,0.0,5,5.08,221.25,999.0,0,0.34564969219886615
0,4,19,572,2,0.0,4,1.94,322.3,999.0,1,0.6851308411687426
4,1,16,387,2,21.27,14,0.45,565.13,18.19,1,0.7738741886898467
6,3,323,548,2,18.48,2,5.58,34.86,29.66,0,0.20554028634206647
5,2,258,26,0,18.23,9,2.79,300.41,1.43,0,0.2716303222957222
6,2,9,154,0,0.0,12,0.75,595.53,999.0,1,0.7478819624078431
3,1,107,483,2,13.5,12,4.14,563.59,35.77,0,0.4693316217910864
3,5,333,69,0,0.0,9,2.16,483.87,999.0,0,0.4554809245010558
3,5,309,372,2,0.0,10,5.1,53.16,999.0,0,0.6493186908805517
1,0,376,408,2,16.07,0,2.24,317.84,25.4,0,0.17943960307453793
2,4,109,593,2,0.0,10,5.97,383.08,999.0,0,0.5795402426985576
2,5,251,57,0,0.0,13,3.26,246.48,999.0,0,0.5065062043050106
0,2,276,186,0,0.0,8,3.69,371.46,999.0,0,0.45543617911624656
6,1,366,493,2,13.8,8,4.05,340.38,35.73,0,0.38856471720298724
6,1,380,70,0,0.0,7,5.69,245.4,999.0,0,0.3707202042178167
4,4,303,201,0,7.07,7,0.31,190.78,28.44,0,0.23841758748709288
7,4,175,405,2,0.0,3,4.6,561.41,999.0,0,0.37387386318647875
1,6,2,392,2,0.0,11,2.63,306.17,999.0,1,0.881336870268745
0,1,242,557,2,3.94,3,5.2,184.87,141.39,0,0.28140225667155194
3,0,232,299,2,0.0,4,2.74,308.85,999.0,0,0.44351597657787795
2,7,104,12,1,2.8,9,2.37,236.31,4.29,0,0.35187376231429823
2,1,244,299,2,21.87,10,3.34,548.22,13.67,0,0.4955312921425096
4,3,284,433,2,14.05,7,4.13,33.08,30.82,0,0.38101161642320364
4,1,156,382,2,11.66,11,5.68,491.06,32.77,0,0.5166065691099588
7,3,284,67,0,8.56,14,3.47,365.46,7.83,0,0.3462584924487896
2,1,177,434,2,0.0,4,5.93,383.73,999.0,0,0.46080147835118185
7,6,111,92,0,9.86,15,1.24,467.3,9.33,0,0.3593408326365091
6,7,349,392,2,9.16,9,5.91,309.72,42.79,0,0.4619861620577628
1,7,183,232,0,6.66,3,5.91,353.07,34.86,0,0.14265795083430444
7,5,59,89,0,20.08,13,5.7,496.62,4.43,0,0.32397773994896417
4,0,212,51,0,0.0,3,5.32,491.79,999.0,0,0.26994695685738135
6,6,318,429,2,0.0,14,4.73,312.51,999.0,0,0.6501063452656473
3,3,90,182,0,0.0,15,1.2,347.4,999.0,0,0.5056001739352407
2,4,100,430,2,0.0,4,5.33,45.92,999.0,0,0.4147270975318551
7,2,217,469,2,3.01,13,3.51,390.26,155.56,0,0.5169234881223961
7,0,38,161,0,0.0,8,4.11,189.75,999.0,0,0.451415373846375
6,4,198,27,0,0.0,11,0.25,270.28,999.0,0,0.5033000111659025
6,5,85,561,2,0.0,1,0.19,210.11,999.0,0,0.350758783496225
6,5,317,186,0,0.0,1,0.11,243.22,999.0,0,0.2529015251469051
7,7,157,118,0,0.0,1,0.5,401.81,999.0,0,0.12238740622611397
4,2,1,387,2,24.99,5,0.41,309.75,15.49,1,0.607427243577652
6,6,269,483,2,0.0,3,4.8,374.15,999.0,0,0.34299904601965353
1,6,248,111,0,0.0,8,2.34,218.92,999.0,0,0.3531152913389988
6,5,310,552,2,0.0,13,4.02,227.62,999.0,0,0.6479652503286208
1,3,217,417,2,0.0,4,5.76,518.75,999.0,0,0.36262318379566655
6,1,351,28,0,0.0,0,4.25,230.83,999.0,0,0.17482139400023083
6,3,309,587,2,0.0,9,3.18,61.66,999.0,0,0.5499320697157323
0,2,134,454,2,7.55,9,5.55,200.24,60.13,0,0.4322143465264357
1,7,189,385,2,10.73,2,4.99,368.23,35.88,0,0.19629920097073056
3,2,121,597,2,23.4,0,0.69,411.91,25.51,0,0.22456199057695386
7,6,43,40,0,0.0,3,2.35,513.72,999.0,0,0.22627381393885682
0,7,77,387,2,0.0,10,3.95,443.05,999.0,0,0.6243993749240425
3,0,309,18,1,0.0,12,3.99,292.67,999.0,0,0.4123948856600925
1,3,6,277,2,0.0,2,5.75,232.07,999.0,1,0.5813700020657513
5,2,245,232,0,2.78,12,2.11,258.46,83.56,0,0.4007213996520797
2,4,56,160,0,12.77,0,4.2,577.2,12.53,0,0.03195617644093483
1,0,50,580,2,0.0,5,1.09,359.49,999.0,0,0.4728692926842697
4,4,135,28,0,17.93,13,5.56,545.02,1.56,0,0.39224820495748397
2,2,69,53,0,21.89,12,4.21,180.92,2.42,0,0.35484605287312465
1,3,384,574,2,4.2,3,1.77,122.39,136.65,0,0.21492423849879477
1,7,88,286,2,0.0,11,0.46,121.43,999.0,0,0.6347634395494841
0,6,59,462,2,0.0,15,5.51,135.84,999.0,0,0.5768752193105561
4,7,101,153,0,0.0,1,5.33,420.75,999.0,0,0.16495743745351613
0,3,221,372,2,14.22,5,1.9,34.93,26.16,0,0.3573290054680647
7,2,308,1,1,17.49,2,5.38,535.38,0.06,0,0.04234061657950221
7,2,44,233,0,0.0,13,4.34,242.09,999.0,0,0.4210821977730715
7,2,255,54,0,3.78,2,0.23,116.06,14.3,0,0.0843569410973732
0,3,7,562,2,0.0,0,4.59,579.26,999.0,1,0.5794439096033477
4,3,327,125,0,0.0,8,5.06,473.59,999.0,0,0.4221404801987635
3,1,347,70,0,0.0,7,0.32,496.78,999.0,0,0.3306719823481195
7,2,291,553,2,0.0,14,5.58,62.25,999.0,0,0.6597393050275062
0,4,73,237,0,12.69,0,4.45,23.99,18.68,0,0.05894832724794237
7,7,316,437,2,7.04,14,4.42,371.67,62.05,0,0.4855028729407844
5,2,192,251,2,0.0,6,5.49,207.13,999.0,0,0.4590020925538488
1,3,63,471,2,15.68,8,3.22,393.6,30.04,0,0.46303782203670873
1,5,130,287,2,0.0,6,1.56,44.04,999.0,0,0.466760591135335
5,5,33,9,1,0.0,3,2.66,598.05,999.0,0,0.27304628007704856
7,4,275,332,2,6.08,13,1.72,497.88,54.56,0,0.5137633937696658
7,2,174,256,2,12.49,15,1.98,568.66,20.5,0,0.5210268908628147
1,7,223,549,2,0.0,4,1.65,323.95,999.0,0,0.45492782924504366
1,0,340,121,0,0.0,3,5.85,321.72,999.0,0,0.27043744312802914
7,4,400,291,2,0.0,2,2.51,421.6,999.0,0,0.39077973386832776
5,1,199,294,2,0.0,15,0.28,177.13,999.0,0,0.6120593882291513
1,6,148,589,2,0.0,0,2.28,573.96,999.0,0,0.23782410191012515
0,1,246,278,2,19.54,5,5.82,113.62,14.22,0,0.37300069338897723
7,1,307,223,0,1.56,15,5.47,418.77,143.15,0,0.31293646613096376
7,5,99,348,2,0.0,5,4.36,578.94,999.0,0,0.42953055977840227
5,1,121,195,0,5.66,11,5.44,133.9,34.45,0,0.3193638901562074
4,6,291,224,0,0.0,13,3.7,339.95,999.0,0,0.5050461732105626
7,7,247,161,0,19.0,7,5.54,598.34,8.47,0,0.29673768644399245
4,2,239,113,0,18.43,10,2.5,558.93,6.13,0,0.33312508916896444
3,2,267,267,2,0.0,8,2.92,562.6,999.0,0,0.5341728040872076
5,4,157,0,1,10.45,4,2.04,113.69,0.0,0,0.12065876120050548
3,0,321,566,2,0.0,15,1.05,397.47,999.0,0,0.6181262819858221
3,0,85,36,0,17.37,13,3.76,218.04,2.07,0,0.3963413716788068
2,3,275,439,2,16.68,1,0.46,496.45,26.33,0,0.17209119971820253
1,3,394,441,2,0.0,13,3.56,568.54,999.0,0,0.553848959012611
5,1,263,317,2,1.16,15,1.45,40.78,273.19,0,0.5468973140009741
4,7,151,65,0,0.0,5,5.9,201.4,999.0,0,0.2787682809149692
3,3,217,417,2,0.0,5,1.34,105.15,999.0,0,0.4979419288584087
1,7,323,587,2,0.0,3,5.12,121.11,999.0,0,0.3901489379768918
1,3,15,330,2,0.0,14,0.52,30.23,999.0,1,0.9574349940599709
1,4,236,588,2,0.0,10,2.26,161.06,999.0,0,0.6583050315531475
0,4,235,590,2,18.52,12,5.7,325.47,31.85,0,0.5171345918767907
3,4,330,394,2,19.97,10,3.04,374.09,19.73,0,0.46104307478926293
3,7,107,254,2,0.0,1,1.34,24.0,999.0,0,0.31675680896558867
6,6,78,241,0,0.0,11,1.48,394.38,999.0,0,0.4156060564355075
1,2,325,538,2,0.0,9,0.07,22.26,999.0,0,0.5659055022883565
5,2,27,499,2,0.0,15,4.4,189.39,999.0,1,0.866402619230526
5,6,214,242,0,11.26,1,3.79,464.97,21.48,0,0.03028403232119327
7,3,392,466,2,0.0,8,1.42,577.12,999.0,0,0.5892052394638984
5,4,220,169,0,3.15,14,4.58,254.63,53.64,0,0.29426939909731675
7,4,398,591,2,0.0,4,2.28,371.76,999.0,0,0.40282267161150254
1,5,52,304,2,2.41,9,0.34,200.28,125.91,0,0.4855386168497131
6,5,223,7,1,13.8,11,1.63,177.84,0.51,0,0.393036492747573
6,7,237,369,2,0.0,5,1.48,30.02,999.0,0,0.5080335778730228
5,2,92,26,0,0.0,2,2.14,299.98,999.0,0,0.1537996222319386
4,2,12,100,0,0.0,14,0.82,127.56,999.0,1,0.7482431594251305
3,4,90,191,0,0.0,9,5.79,598.16,999.0,0,0.45878583383463645
5,7,234,524,2,11.87,3,4.02,158.88,44.16,0,0.2595086376807547
